district,gender_female,total_population,race_white,race_black,race_native_american,race_asian,race_hawaiian,race_other,race_multiracial,race_hispanic,total_households,ed_25yrs_older_total,median_age,median_household_income,median_family_income,ancestry_afghan,ancestry_albanian,ancestry_alsatian,ancestry_american,ancestry_arab,ancestry_armenian,ancestry_assyrian,ancestry_australian,ancestry_austrian,ancestry_basque,ancestry_belgian,ancestry_brazilian,ancestry_british,ancestry_bulgarian,ancestry_cajun,ancestry_canadian,ancestry_carpatho_rusyn,ancestry_celtic,ancestry_croatian,ancestry_cypriot,ancestry_czech,ancestry_czechoslovakian,ancestry_danish,ancestry_dutch,ancestry_eastern_european,ancestry_english,ancestry_estonian,ancestry_european,ancestry_finnish,ancestry_french,ancestry_french_canadian,ancestry_german,ancestry_german_russian,ancestry_greek,ancestry_guyanese,ancestry_hungarian,ancestry_icelander,ancestry_iranian,ancestry_irish,ancestry_israeli,ancestry_italian,ancestry_latvian,ancestry_lithuanian,ancestry_luxembourger,ancestry_macedonian,ancestry_maltese,ancestry_new_zealander,ancestry_northern_european,ancestry_norwegian,ancestry_pennsylvania_german,ancestry_polish,ancestry_portuguese,ancestry_romanian,ancestry_russian,ancestry_scandinavian,ancestry_scotch_irish,ancestry_scottish,ancestry_serbian,ancestry_slavic,ancestry_slovak,ancestry_slovene,ancestry_soviet_union,ancestry_subsaharan_african,ancestry_swedish,ancestry_swiss,ancestry_turkish,ancestry_ukrainian,ancestry_welsh,ancestry_west_indian,ancestry_yugoslavian,ancestry_other,poverty_total,below_poverty_level,above_poverty_level,ed_college_degree,ed_some_college,race_minority,vote_male_eligible,vote_female_eligible,vote_eligible,gender_female_pct,below_poverty_pct,ed_college_degree_pct,ed_some_college_pct,race_minority_pct,race_white_pct,race_black_pct,race_asian_pct,race_hispanic_pct,race_native_pct,poverty_pct,vote_female_pct,wwc_pct,white_college_pct,ancestry_french_candadian_pct,ancestry_portuguese_pct,area_m2
First,398698.90060606063,778201.6460606061,549670.9024242423,41845.99393939394,629.4,17023.59333333333,42,2227.6060606060605,20065.66727272727,146696.48303030303,315963.6436363637,547102.1084848485,45.23604651162794,80643.60207452431,101554.71933254207,0,148.4863387978142,16,43506.500728438186,3202.110983558916,477.6363636363636,0,19.743169398907106,151,36,179,669.3709677419355,1063.503390126341,63,15,2171.250822334585,0,32,9,0,239.5843570843571,156,272,742.1526789947843,1634.3607776338579,15085.678251517935,18.166666666666664,4358.679530956369,338.2522522522523,15928.801963860886,18497.992227254363,7417.600877900766,17,2115.1100235132494,133,197.61991896202423,20,265.344262295082,30758.718657727208,34,23040.068930068624,65.66120218579235,691.7158469945355,12,0,0,0,380.58722358722355,587.6440812527957,27,22213.407986672413,6488.640566483507,767.2878787878788,4705.944164723452,326.99542165115935,1045.54538741424,2953.9190525316917,101,40.734234234234236,315.2811759127548,59.303030303030305,0,4354.801754757067,1423.2024062371258,104,1345,2552.59009009009,291.07575757575756,6058.927614377513,103,145889.91418128196,754325.1264818413,99789.79154156633,654535.334940275,172396.1545454545,324730.8866666666,228530.74363636365,288461.0815526641,313071.94911248685,601533.030665151,0.5123336639344632,0.13229015982403253,0.22153146991933803,0.4172837314216843,0.2936652020632783,0.7063347979367216,0.053772687517722094,0.02187555554464548,0.1885070325575723,8.08787803503287e-4,0.13229015982403253,0.5204567881605845,0.34911400361191325,0.18731884842284274,0.02377017874595159,0.008337993885428217,5938246505.47
Second,391390.4867348211,771512.6957753442,564962.6861347773,37007.022596310504,818.6,52404.59902862914,362.5652173913044,5400.666666666667,26828.911295193822,83727.64483637524,296227.9430329724,527722.9448870723,43.70724294028882,103465.2225375252,123829.6679661144,79,3897.5136612021856,7,25620.295807057708,5354.280368990973,1664.0543700171932,40,118.2568306010929,372,0,128,6763.515763367459,1687.3427308328924,105.04494382022472,27.41891891891892,1745.652972093782,0,67,25,70,263.41564291564293,119,289.2857142857143,1048.1887844198498,2331.0970536914433,20264.159552859615,36.833333333333336,8074.334125318367,1021.4088488976381,11645.21518924148,12613.185204800513,7610.964341579248,13,2711.9978836835467,70,359.71743043556614,47,722.655737704918,39195.839015056314,203,25756.04719673925,76.33879781420765,2107.049275270587,0,31,31.07865168539326,13,699.3050195425991,775.8437236252531,2,13948.278113144735,4421.954396261559,521.7121212121212,3161.4241725109837,332.29373497534664,1392.621982193502,2757.8513613766136,72,129.09709106697056,118.71882408724514,132.6969696969697,0,14211.338183955904,3601.449810979879,643,230,661.8698666198667,274.0927817500851,4533.39700380517,32,115897.34123170936,735684.5536638276,76248.01290891245,659436.540754915,238506.63013297948,367000.00500211964,206550.0096405667,278328.46053467045,295039.07385065366,573367.5343853241,0.507302716958516,0.10364226424108684,0.30914154937306426,0.47568887331568416,0.2677208175206902,0.7322791824793096,0.04796683554133831,0.0679244804597341,0.10852400134806828,0.0010610324424763155,0.10364226424108684,0.5145723400034306,0.2847095866866497,0.24699954766980767,0.016348642444729555,0.005731538081583537,4826665115.56
Third,390998.52728022065,776199.1375653113,486274.44920771325,30097.542218771567,540,61919.25659937889,162.86335403726707,5933.339130434783,25646.22453243616,165625.4625225394,289460.0520097152,533381.3246167435,41.00555895463679,112142.72719862331,129417.03437242893,31,564.1830985915493,0,21348.81666969909,5295.941291389635,1535.5492136107807,0,65,169,15,89.02941176470588,9738.067385411525,1577.1777265718827,208,140.66216216216216,1989.2144245944069,0,72,116,23,197,0,181.71428571428572,434,1253.23818707811,14666.410163967616,0,6178.23390162315,988.2821709794601,13160.900060473348,14141.544007293998,6161.568054052889,0,4385.826896031655,19,706.7027027027027,0,667.7049180327868,42378.731450345964,32,24406.00176797391,116,1117.4001669910763,0,57,79,0,580.7609280095589,879.4225352112676,40,5311.781446854238,9321.239451230815,97.36619718309859,2052.9067057310613,427.13235294117646,1485.473000549071,2637.553272367352,47,117.16867469879519,197.32432432432432,49,0,10108.325197831682,1568.3860097186941,106,259,864.1732705961358,231,5386.979115249161,14,185800.4332668873,758843.9080302012,75910.24121301979,682933.6668171815,205300.32816473613,336583.0252682952,289924.68835759803,268499.50250373315,277089.82032029366,545589.3228240268,0.503734812829937,0.10003406551693453,0.2644944038571051,0.4336297336325941,0.3735184366050691,0.6264815633949309,0.0387755419481371,0.07977238520722893,0.21338011665673007,6.95697758301829e-4,0.10003406551693453,0.5078725127648175,0.26298468127254687,0.20185693019235382,0.018218963823705737,0.012008824797807125,2017744213.64
Fourth,399495.7881222204,777925.1825341803,616264.0319239533,24927.52848356847,461.34891304347826,48384.23941072919,148,7477.428144070131,35472.59580543914,44790.009853376614,298797.441287416,541885.7843301037,42.97471546139027,131426.931125707,154236.62371753398,186.61626016260163,1317.3333333333335,0,21409.725008700047,5045.883483363336,791.717740864151,16,168,291.3417786038129,65,199.91463414634146,7997.628760390975,1865.1796391254836,548.5120580981092,0,1651.4187168755784,0,33,57.620474406991264,50.662921348314605,149.8426966292135,102.52631578947368,377.7965615337044,670.6645647936865,5615.119903699244,18363.0990863712,43.704820434031106,7845.934023434433,274.76620155486,10327.12649035286,10841.384321486867,7489.786334874525,0,2614.3660398621005,48.28947368421053,413.33802697018524,50,756.1593591942251,45278.98674886014,1550.5404299104525,26604.434924474524,215.56666666666666,1235.2053715414627,14,0,24.921348314606742,9.197217180883243,686.5404744069913,544.0392446433827,29,7497.41694139898,48821.423136167505,1433.115700090334,7099.03309056531,362.8262005163511,1376.9543881742536,3625.521823042424,235.69811320754718,120,292.6817953116066,0.25925925925925924,0,10828.081459693965,1960.6639626875128,191.45042202309423,262.8682369193015,1951.896917272447,284.760906492811,3954.0541011481387,30.07547169811321,91525.23766160427,759595.5924262175,59203.86465093073,700391.7277752869,264226.34149394685,379919.97271728783,161661.15061022702,274734.96768903366,297860.5483187124,572595.5160077461,0.5135401155427533,0.07794129565948138,0.33965521032909524,0.48837597913934994,0.2078106664237264,0.7921893335762736,0.03204360656170583,0.06219652030432026,0.05757624365297962,5.930504930314524e-4,0.07794129565948138,0.520193644538919,0.2946356293038185,0.28185429513662136,0.013936281489396983,0.06275850715762424,1838258985.33
Fifth,397140.55639938085,774299.9281520203,505759.8446082961,37421.05596679535,527.3995098039215,103319.68248996549,188.2,10582.777879763635,33511.57810474066,82989.38959265537,304725.01388476323,548990.7428063654,41.99404068281715,146989.21687534024,173900.2803471383,14.333333333333332,2395.9779695808766,10.834586466165414,15686.396412461982,7378.54107230417,4782.469751898898,18.91891891891892,46,366.7798283341947,31.419354838709676,73,16267.037320416088,2067.7110129670573,815.2262963602875,0,1852.4180255583258,10,125.6923076923077,228.81603352951666,23.137078651685393,379.3443293295516,33.06976744186046,612.2343011768818,789.5014499238198,4006.5840955020803,14175.474770354427,24.086614173228348,9930.41691643657,419.98048775906796,3180.600402204784,4796.108591327945,7454.79716958178,28.392857142857142,5205.700516542213,149.0375939849624,536.3487319422152,17.153846153846153,2299.231791848303,45094.13600178029,490.68668431152736,40444.51286781192,65.71290322580646,1010.8805193608189,0,33,50,130.82727916368654,1243.2225829319336,889.4464786030393,23,5301.447800020358,4124.43374146947,714.6564416971282,5570.469496776509,347.04497991340094,1150.5811835001643,2698.49335082893,330.6409852803539,100,214.57907425361077,34,0,8799.561346116176,1430.9635950068944,295.73153905428126,1353.809993922379,1736.3938357239283,339.95275183201136,10724.247672710047,880.8307307371988,159657.04986341606,747285.6553486639,57007.67740287546,690277.9779457885,332311.90118382283,419133.11537702306,268540.08354372444,255867.80306247773,277120.54370134685,532988.3467638246,0.512902742154729,0.07628632637980609,0.4291772336553532,0.5413058947032907,0.3468166194779774,0.653183380522023,0.04832888988651485,0.13343625478120988,0.10717990093415306,6.811307745599788e-4,0.07628632637980609,0.5199373408142135,0.17907159571732573,0.3081891617241716,0.006194122480128027,0.0053266616610865925,592929497.556
Sixth,395394.3367169262,771092.3829566529,598149.5899881646,24346.026557763522,384.55555555555554,36396.81731074317,261.57142857142856,4529.027072319578,23535.562018937617,83489.23302459747,299823.53524170024,550566.7821536992,45.04136624234768,130269.01767035645,154325.2369072165,186.7536231884058,2241.2290891776147,0.16541353383458646,18000.270557246044,4249.5894114401,1985.678189812379,0,33,270.20741720701824,0,112.97058823529412,4463.8113152390815,1884.9778789492113,148.29591836734693,4.918918918918919,3253.8008442353057,45,74.66666666666667,66,16,142.3730133086349,89.77777777777777,366.7386839832244,588.2500374650036,1570.013044340353,20196.821582681237,0,8413.32473883568,512.3659951347474,5758.550410858672,8315.732092963444,6689.3114673719065,0,7985.267695851606,2.8447589562140645,544.1529622825113,42.86010362694301,446.69576356409726,52016.55229794256,26.55958549222798,46257.97117923232,30,777.8169908878217,0,35.75675675675676,0,0,958.1404007821571,1211.1110140254382,34,6932.174065533006,8400.909361736776,634.4718966928957,4590.523746899039,429.09901775398475,1873.0697216323979,4586.467596348088,229.84848484848484,71,233.67567567567568,38,25,6402.168702559031,1939.797886751662,201.40690461200876,199.99578673066418,1241.1262724523351,467.70735232734387,5703.468897651349,148.84244057828963,105585.17860396777,755788.8283706373,54165.50765191452,701623.3207187227,268964.0365046401,392618.0980063465,172942.79296848836,274186.0300981645,299535.73443563614,573721.7645338007,0.5127716800947226,0.07166751560576372,0.34880909531661136,0.5091712830840109,0.22428284443086033,0.7757171555691398,0.03157342375035773,0.04720162994112889,0.10827396933227239,4.987152824425883e-4,0.07166751560576372,0.5220923328210064,0.28137219483119064,0.2978792625843498,0.01078435253254332,0.010894815650395337,1431739399.32
Seventh,393266.31399447325,769748.4566205778,302293.3670729056,166488.14728201312,1017.6588235294117,81267.14594762295,566.7491228070176,7450.269873508843,37813.64793174614,172851.4705664447,301397.971160347,525526.4376676492,35.55005467895642,101291.23206902751,128247.28957298907,119.0477824502383,736.3960848223745,23,8649.985407568327,6755.996173733872,649.0702951733134,25.08108108108108,164.37142857142857,86.82201879298654,14.580645161290322,167.49415204678363,9238.056821459139,1229.6826513221974,586.2165967572801,24.70434782608696,1076.2562807577128,14,30.570192307692306,164.11147792450316,53.42448979591836,282.8190622370766,30.130232558139536,224.31041494990328,845.3908426411463,2646.3432485621915,5499.785317153491,40,5860.268976942537,201.234030410501,1907.1422039128124,2523.4288397645623,5492.828542912108,0.6071428571428571,2404.475704628474,246.20137299771167,562.0335021142961,7.846153846153846,1049.1771749778445,22090.19940723767,250.39115706599603,20011.155051145834,119.34543010752688,294.17396499260155,0,28,14.813953488372093,21.080766813324953,569.9927667819065,482.055248224022,0,3174.493903713721,4837.004206601157,605.8981702355911,2943.8317040243437,232.477949204265,656.144777540135,1236.6302150675047,301.20652447361226,60.12138188608777,102.45063321771396,26.44074074074074,0,25279.43952602263,878.7388274608841,226.69149081869352,1052.0204221331787,986.2701821219244,244.4564676100477,42574.80474497282,284.86842105263156,252189.20292531437,720657.133674951,125974.73871965047,594682.3949553006,253953.0915807046,346870.209250094,467455.0895476722,247866.0402532111,275312.0223759221,523178.06262913323,0.5109023741613307,0.17480537253166328,0.32991698703188493,0.4506280022605778,0.6072829188900716,0.3927170811099283,0.2162890303319932,0.10557623759898088,0.22455578712728247,0.0013220667281325035,0.17480537253166328,0.5262300582566348,0.09408083745457874,0.19704834643703703,0.003278251249561652,0.006283876459898379,162038561.293
Eighth,392175.5152819637,767800.7223489837,517947.1539471925,78104.90419481462,913.1260869565218,70107.60400803133,223.35087719298247,12928.473974549534,35563.53615221378,52012.57310803273,312534.0055091854,560081.888783224,41.86423603793468,125178.31767188715,153086.77456376626,18.853658536585368,4342.648708991566,0,18131.438043438244,5668.678353540318,1097.25681927912,35.888888888888886,37,164.87011278195487,0,195.59121380687492,6828.890692604026,1357.3896274431816,569.3341719786047,4.069565217391305,1320.8140268410718,0,92.7375,169.6266506602641,27.79591836734694,395.1200008779708,125.27368421052631,265.7965749730313,433.3388663005042,2066.377659560404,12483.93356984595,39.208565392740546,6054.240748532342,436.9368042672582,3030.4472033050693,4022.996701884988,7557.685406415246,57,4575.940988043749,203.55263157894737,615.6115197714734,26,914.7355432548425,85882.92554146827,167.38172871202394,25882.98107179613,474.625,1481.636670794534,0,93.42696629213482,0,32.83223684210526,739.0453043618785,814.3171247476643,24.368932038834952,5193.646215013411,5397.9761866592,303.51761663261556,3715.939858278958,320.0209188342243,1741.463654522881,2926.092926385421,134.43333333333334,45.888888888888886,138.4,47.694495412844034,0,29922.01778459878,2273.2546125010076,244.62535165050687,712.209097811903,570.4469307825916,261.9665673721514,23133.657996896985,56.89473684210526,122618.41271042662,758449.4764920023,62912.33849415675,695537.1379978458,281882.5046257523,399067.7171979826,249853.56840179148,273751.4829008346,296186.54618609603,569938.0290869307,0.5107777368093053,0.0829486214231966,0.3671297726360173,0.5197542872544951,0.32541460450492654,0.6745853954950737,0.10172548933773219,0.09130963538761265,0.06774228207145626,0.001189274847466846,0.0829486214231966,0.5196820199217128,0.2352090991947494,0.28088584372185094,0.005239636516070429,0.007030439057343959,779437227.624
Ninth,389986.5372767302,765377.3577234163,643866.3342665182,18367.881094911725,1410.8148631570116,11797.807002189447,255.14285714285714,13998.02956555118,31583.534277364848,44097.81379658067,307764.7286654676,560154.9577934166,49.63965558054207,100516.96832922436,125977.23600417591,0,259.16363926699273,0,21553.48509732648,2164.3147714947513,793.8690808306824,21.936507936507937,20.830188679245282,205.51004032598158,8.072727272727272,125.32475800867488,9281.421296378727,1811.309716354183,545.2451580935613,0,1680.8752102121937,0,84.2846170031882,86.28455284552845,0,164.26517366633277,101.16493795958066,335.6580193843992,726.7931095752789,1377.1492816478158,30688.252740290165,42.5,6635.330938922942,499.04229008546173,8172.435594739421,8189.540677776131,9001.224145747865,0,2369.73490936374,4,516.0681043441982,12.819444444444445,108.1147171512283,69394.6423568559,33.76923076923077,26636.36628828748,100.92264244905809,1341.2625525886617,0,51.20610687022901,22.824169530355096,52.9375,798.8913442014001,1310.5857788323463,76.39668135856884,5968.663562105818,48313.93800874497,339.64025290542213,1597.4782444515024,619.2139432837764,2281.2217791933335,5439.479775702136,805.3235294117648,54.374884336368346,197.79110703044378,0,0,13553.609063598138,3138.4714850288037,257.3921588865718,203.64061042249767,451.6797625121337,273.70963512314137,5329.150761993695,0,56892.39888965193,747404.7817904275,57635.46669019237,689769.3151002357,228796.262656147,376668.8743510443,121511.02345689773,288269.69246888976,309774.1472099572,598043.839678847,0.5095349808057155,0.07711412623307697,0.29893262499519474,0.49213485419980346,0.15875962651720885,0.8412403734827907,0.02399846416876799,0.015414366368612658,0.057615780440314845,0.0018432931793977063,0.07711412623307697,0.5179789952795228,0.3655125715605823,0.27381688587001257,0.010700003854485041,0.06312433667028354,3376783427.8
