office_branch,office_id,office,district,district_display,district_id,election_id,election_date,is_special,total_votes,blank_votes,all_other_votes,num_candidates,id_winner,name_winner,display_winner,city_town_winner,votes_winner,percent_winner,party_winner,id_incumbent,name_incumbent,display_incumbent,city_town_incumbent,party_incumbent,id_dem,name_dem,display_dem,city_town_dem,votes_dem,percent_dem,id_gop,name_gop,display_gop,city_town_gop,votes_gop,percent_gop,id_third_party,name_third_party,display_third_party,city_town_third_party,votes_third_party,percent_third_party,party_third_party,id_write_in,name_write_in,display_write_in,city_town_write_in,votes_write_in,percent_write_in,party_write_in,latest_general
Legislative,5,U.S. House,1,1st Congressional,58684,165323,2024-11-05,FALSE,385005,26947,1181,2,62614,Richard E. Neal,Richard E. Neal (D-Springfield),Springfield,223325,0.6257758275260104,Democratic,62614,Richard E. Neal,Richard E. Neal (D-Springfield),Springfield,Democratic,62614,Richard E. Neal,Richard E. Neal (D-Springfield),Springfield,223325,0.6257758275260104,NA,NA,NA,NA,NA,NA,110411,Nadia Donya Milleron,Nadia Donya Milleron (U-Sheffield),Sheffield,133552,0.3742241724739897,Unenrolled,NA,NA,NA,NA,NA,NA,NA,2024-11-05
Legislative,5,U.S. House,2,2nd Congressional,58685,165343,2024-11-05,FALSE,389337,23009,822,2,62621,James P. McGovern,James P. McGovern (D-Worcester),Worcester,251441,0.6879257796041652,Democratic,62621,James P. McGovern,James P. McGovern (D-Worcester),Worcester,Democratic,62621,James P. McGovern,James P. McGovern (D-Worcester),Worcester,251441,0.6879257796041652,NA,NA,NA,NA,NA,NA,110415,Cornelius Shea,Cornelius Shea (U-Shrewsbury),Shrewsbury,114065,0.3120742203958348,Unenrolled,NA,NA,NA,NA,NA,NA,NA,2024-11-05
Legislative,5,U.S. House,3,3rd Congressional,58686,165309,2024-11-05,FALSE,362678,91119,6861,1,78529,Lori Loureiro Trahan,Lori Loureiro Trahan (D-Westford),Westford,264698,1,Democratic,78529,Lori Loureiro Trahan,Lori Loureiro Trahan (D-Westford),Westford,Democratic,78529,Lori Loureiro Trahan,Lori Loureiro Trahan (D-Westford),Westford,264698,1,NA,NA,NA,NA,NA,NA,NA,NA,NA,NA,NA,NA,NA,NA,NA,NA,NA,NA,NA,NA,2024-11-05
Legislative,5,U.S. House,4,4th Congressional,58687,165373,2024-11-05,FALSE,411578,113853,7279,1,82179,Jake Auchincloss,Jake Auchincloss (D-Newton),Newton,289347,0.9962161641062366,Democratic,82179,Jake Auchincloss,Jake Auchincloss (D-Newton),Newton,Democratic,82179,Jake Auchincloss,Jake Auchincloss (D-Newton),Newton,289347,0.9962161641062366,NA,NA,NA,NA,NA,NA,NA,NA,NA,NA,NA,NA,NA,110416,Sana A. Fadel,Sana A. Fadel (U-Newton),Newton,1099,0.00378383589376338,Unenrolled,2024-11-05
Legislative,5,U.S. House,5,5th Congressional,58688,165353,2024-11-05,FALSE,379701,87811,5201,1,63045,Katherine M. Clark,Katherine M. Clark (D-Revere),Revere,286689,1,Democratic,63045,Katherine M. Clark,Katherine M. Clark (D-Revere),Revere,Democratic,63045,Katherine M. Clark,Katherine M. Clark (D-Revere),Revere,286689,1,NA,NA,NA,NA,NA,NA,NA,NA,NA,NA,NA,NA,NA,NA,NA,NA,NA,NA,NA,NA,2024-11-05
Legislative,5,U.S. House,6,6th Congressional,58689,165336,2024-11-05,FALSE,438573,110196,7191,1,77992,Seth W. Moulton,Seth W. Moulton (D-Salem),Salem,321186,1,Democratic,77992,Seth W. Moulton,Seth W. Moulton (D-Salem),Salem,Democratic,77992,Seth W. Moulton,Seth W. Moulton (D-Salem),Salem,321186,1,NA,NA,NA,NA,NA,NA,NA,NA,NA,NA,NA,NA,NA,NA,NA,NA,NA,NA,NA,NA,2024-11-05
Legislative,5,U.S. House,7,7th Congressional,58690,165413,2024-11-05,FALSE,283194,44193,6907,1,78612,Ayanna S. Pressley,Ayanna S. Pressley (D-Boston),Boston,232094,1,Democratic,78612,Ayanna S. Pressley,Ayanna S. Pressley (D-Boston),Boston,Democratic,78612,Ayanna S. Pressley,Ayanna S. Pressley (D-Boston),Boston,232094,1,NA,NA,NA,NA,NA,NA,NA,NA,NA,NA,NA,NA,NA,NA,NA,NA,NA,NA,NA,NA,2024-11-05
Legislative,5,U.S. House,8,8th Congressional,58691,165302,2024-11-05,FALSE,397767,20937,760,2,62647,Stephen F. Lynch,Stephen F. Lynch (D-Boston),Boston,265432,0.7058047703884915,Democratic,62647,Stephen F. Lynch,Stephen F. Lynch (D-Boston),Boston,Democratic,62647,Stephen F. Lynch,Stephen F. Lynch (D-Boston),Boston,265432,0.7058047703884915,88260,Robert G. Burke,Robert G. Burke (R-Dedham),Dedham,110638,0.2941952296115085,NA,NA,NA,NA,NA,NA,NA,NA,NA,NA,NA,NA,NA,NA,2024-11-05
Legislative,5,U.S. House,9,9th Congressional,58692,165316,2024-11-05,FALSE,465097,18702,642,2,78539,Bill Keating,Bill Keating (D-Bourne),Bourne,251931,0.5651807166749299,Democratic,78539,Bill Keating,Bill Keating (D-Bourne),Bourne,Democratic,78539,Bill Keating,Bill Keating (D-Bourne),Bourne,251931,0.5651807166749299,88274,Dan Sullivan,Dan Sullivan (R-Plymouth),Plymouth,193822,0.43481928332507014,NA,NA,NA,NA,NA,NA,NA,NA,NA,NA,NA,NA,NA,NA,2024-11-05
Legislative,8,State Representative,First Barnstable,1st Barnstable,58733,165440,2024-11-05,FALSE,29310,1672,35,2,88353,Christopher Richard Flanagan,Christopher Richard Flanagan (D-Dennis),Dennis,15607,0.5654095569322175,Democratic,88353,Christopher Richard Flanagan,Christopher Richard Flanagan (D-Dennis),Dennis,Democratic,88353,Christopher Richard Flanagan,Christopher Richard Flanagan (D-Dennis),Dennis,15607,0.5654095569322175,110220,Gerald Joseph O'Connell,Gerald Joseph O'Connell (R-Yarmouth),Yarmouth,11996,0.4345904430677825,NA,NA,NA,NA,NA,NA,NA,NA,NA,NA,NA,NA,NA,NA,2024-11-05
Legislative,8,State Representative,Second Barnstable,2nd Barnstable,58734,165386,2024-11-05,FALSE,24742,878,31,2,82209,Kip A. Diggs,Kip A. Diggs (D-Barnstable),Barnstable,14147,0.5935887215205807,Democratic,82209,Kip A. Diggs,Kip A. Diggs (D-Barnstable),Barnstable,Democratic,82209,Kip A. Diggs,Kip A. Diggs (D-Barnstable),Barnstable,14147,0.5935887215205807,110219,Susanne H. Conley,Susanne H. Conley (R-Barnstable),Barnstable,9686,0.40641127847941927,NA,NA,NA,NA,NA,NA,NA,NA,NA,NA,NA,NA,NA,NA,2024-11-05
Legislative,8,State Representative,Third Barnstable,3rd Barnstable,58735,165435,2024-11-05,FALSE,30473,1798,16,2,62662,David T. Vieira,David T. Vieira (R-Falmouth),Falmouth,16059,0.5603475348058201,Republican,62662,David T. Vieira,David T. Vieira (R-Falmouth),Falmouth,Republican,88350,Kathleen Fox Alfano,Kathleen Fox Alfano (D-Bourne),Bourne,12600,0.43965246519417983,62662,David T. Vieira,David T. Vieira (R-Falmouth),Falmouth,16059,0.5603475348058201,NA,NA,NA,NA,NA,NA,NA,NA,NA,NA,NA,NA,NA,NA,2024-11-05
Legislative,8,State Representative,Fourth Barnstable,4th Barnstable,58736,165455,2024-11-05,FALSE,30280,7228,303,1,110246,Hadley Luddy,Hadley Luddy (D-Orleans),Orleans,22749,1,Democratic,NA,NA,NA,NA,NA,110246,Hadley Luddy,Hadley Luddy (D-Orleans),Orleans,22749,1,NA,NA,NA,NA,NA,NA,NA,NA,NA,NA,NA,NA,NA,NA,NA,NA,NA,NA,NA,NA,2024-11-05
Legislative,8,State Representative,Fifth Barnstable,5th Barnstable,58737,165385,2024-11-05,FALSE,27861,1147,25,2,88326,Steven G. Xiarhos,Steven G. Xiarhos (R-Barnstable),Barnstable,16384,0.6138858705833864,Republican,NA,NA,NA,NA,NA,93031,Owen G. Fletcher,Owen G. Fletcher (D-Barnstable),Barnstable,10305,0.3861141294166136,88326,Steven G. Xiarhos,Steven G. Xiarhos (R-Barnstable),Barnstable,16384,0.6138858705833864,NA,NA,NA,NA,NA,NA,NA,NA,NA,NA,NA,NA,NA,NA,2024-11-05
Legislative,8,State Representative,First Berkshire,1st Berkshire,58738,165324,2024-11-05,FALSE,22379,4463,131,1,68135,"John P. Barrett, III","John P. Barrett, III (D-North Adams)",North Adams,17785,1,Democratic,68135,"John P. Barrett, III","John P. Barrett, III (D-North Adams)",North Adams,Democratic,68135,"John P. Barrett, III","John P. Barrett, III (D-North Adams)",North Adams,17785,1,NA,NA,NA,NA,NA,NA,NA,NA,NA,NA,NA,NA,NA,NA,NA,NA,NA,NA,NA,NA,2024-11-05
Legislative,8,State Representative,Second Berkshire,2nd Berkshire,58739,165535,2024-11-05,FALSE,20946,4909,141,1,74627,Tricia Farley-Bouvier,Tricia Farley-Bouvier (D-Pittsfield),Pittsfield,15896,1,Democratic,74627,Tricia Farley-Bouvier,Tricia Farley-Bouvier (D-Pittsfield),Pittsfield,Democratic,74627,Tricia Farley-Bouvier,Tricia Farley-Bouvier (D-Pittsfield),Pittsfield,15896,1,NA,NA,NA,NA,NA,NA,NA,NA,NA,NA,NA,NA,NA,NA,NA,NA,NA,NA,NA,NA,2024-11-05
Legislative,8,State Representative,Third Berkshire,3rd Berkshire,58740,165332,2024-11-05,FALSE,26044,1957,46,2,110197,Leigh Susan Davis,Leigh Susan Davis (D-Great Barrington),Great Barrington,13819,0.5748097000956699,Democratic,NA,NA,NA,NA,NA,110197,Leigh Susan Davis,Leigh Susan Davis (D-Great Barrington),Great Barrington,13819,0.5748097000956699,NA,NA,NA,NA,NA,NA,110412,Marybeth F. Mitts,Marybeth F. Mitts (U-Lenox),Lenox,10222,0.4251902999043301,Unenrolled,NA,NA,NA,NA,NA,NA,NA,2024-11-05
Legislative,8,State Representative,First Bristol,1st Bristol,58742,165486,2024-11-05,FALSE,24613,1878,15,2,88322,Michael Chaisson,Michael Chaisson (R-Foxborough),Foxborough,11404,0.5019366197183098,Republican,NA,NA,NA,NA,NA,110259,Kostas Loukos,Kostas Loukos (D-Mansfield),Mansfield,11316,0.4980633802816901,88322,Michael Chaisson,Michael Chaisson (R-Foxborough),Foxborough,11404,0.5019366197183098,NA,NA,NA,NA,NA,NA,NA,NA,NA,NA,NA,NA,NA,NA,2024-11-05
Legislative,8,State Representative,Second Bristol,2nd Bristol,58743,165375,2024-11-05,FALSE,21416,2652,66,3,78500,James K. Hawkins,James K. Hawkins (D-Attleboro),Attleboro,12769,0.6829072628088566,Democratic,78500,James K. Hawkins,James K. Hawkins (D-Attleboro),Attleboro,Democratic,78500,James K. Hawkins,James K. Hawkins (D-Attleboro),Attleboro,12769,0.7829419339015268,NA,NA,NA,NA,NA,NA,110418,Andrew Nelson,Andrew Nelson (Other-Attleboro),Attleboro,3540,0.2170580660984732,Workers Party,NA,NA,NA,NA,NA,NA,NA,2024-11-05
Legislative,8,State Representative,Third Bristol,3rd Bristol,58744,165478,2024-11-05,FALSE,22449,6806,245,1,110257,Carol Ann Doherty,Carol Ann Doherty (D-Taunton),Taunton,15398,1,Democratic,NA,NA,NA,NA,NA,110257,Carol Ann Doherty,Carol Ann Doherty (D-Taunton),Taunton,15398,1,NA,NA,NA,NA,NA,NA,NA,NA,NA,NA,NA,NA,NA,NA,NA,NA,NA,NA,NA,NA,2024-11-05
Legislative,8,State Representative,Fourth Bristol,4th Bristol,58745,165532,2024-11-05,FALSE,26222,6211,283,1,62689,Steven S. Howitt,Steven S. Howitt (R-Seekonk),Seekonk,19728,1,Republican,62689,Steven S. Howitt,Steven S. Howitt (R-Seekonk),Seekonk,Republican,NA,NA,NA,NA,NA,NA,62689,Steven S. Howitt,Steven S. Howitt (R-Seekonk),Seekonk,19728,1,NA,NA,NA,NA,NA,NA,NA,NA,NA,NA,NA,NA,NA,NA,2024-11-05
Legislative,8,State Representative,Fifth Bristol,5th Bristol,58746,165469,2024-11-05,FALSE,25182,1313,15,2,88372,Justin Thurber,Justin Thurber (R-Somerset),Somerset,12390,0.5194097426008216,Republican,62691,Patricia A. Haddad,Patricia A. Haddad (D-Somerset),Somerset,Democratic,62691,Patricia A. Haddad,Patricia A. Haddad (D-Somerset),Somerset,11464,0.4805902573991783,88372,Justin Thurber,Justin Thurber (R-Somerset),Somerset,12390,0.5194097426008216,NA,NA,NA,NA,NA,NA,NA,NA,NA,NA,NA,NA,NA,NA,2024-11-05
Legislative,8,State Representative,Sixth Bristol,6th Bristol,58747,165483,2024-11-05,FALSE,16790,4600,424,1,72311,Carole A. Fiola,Carole A. Fiola (D-Fall River),Fall River,11766,1,Democratic,72311,Carole A. Fiola,Carole A. Fiola (D-Fall River),Fall River,Democratic,72311,Carole A. Fiola,Carole A. Fiola (D-Fall River),Fall River,11766,1,NA,NA,NA,NA,NA,NA,NA,NA,NA,NA,NA,NA,NA,NA,NA,NA,NA,NA,NA,NA,2024-11-05
Legislative,8,State Representative,Seventh Bristol,7th Bristol,58748,165482,2024-11-05,FALSE,11733,2912,265,1,62696,Alan Silvia,Alan Silvia (D-Fall River),Fall River,8556,1,Democratic,62696,Alan Silvia,Alan Silvia (D-Fall River),Fall River,Democratic,62696,Alan Silvia,Alan Silvia (D-Fall River),Fall River,8556,1,NA,NA,NA,NA,NA,NA,NA,NA,NA,NA,NA,NA,NA,NA,NA,NA,NA,NA,NA,NA,2024-11-05
Legislative,8,State Representative,Eighth Bristol,8th Bristol,58749,165317,2024-11-05,FALSE,23941,1780,24,5,110191,Steven J. Ouellette,Steven J. Ouellette (D-Westport),Westport,7497,0.3386637755793468,Democratic,NA,NA,NA,NA,NA,110191,Steven J. Ouellette,Steven J. Ouellette (D-Westport),Westport,7497,0.3953071447403111,110192,Christopher Thrasher,Christopher Thrasher (R-Westport),Westport,7236,0.3815449512259425,110410,Jesse W. St. Gelais,Jesse W. St. Gelais (U-Acushnet),Acushnet,4232,0.22314790403374635,Unenrolled,NA,NA,NA,NA,NA,NA,NA,2024-11-05
Legislative,8,State Representative,Ninth Bristol,9th Bristol,58750,165467,2024-11-05,FALSE,22952,6142,183,1,62701,Christopher M. Markey,Christopher M. Markey (D-Dartmouth),Dartmouth,16627,1,Democratic,62701,Christopher M. Markey,Christopher M. Markey (D-Dartmouth),Dartmouth,Democratic,62701,Christopher M. Markey,Christopher M. Markey (D-Dartmouth),Dartmouth,16627,1,NA,NA,NA,NA,NA,NA,NA,NA,NA,NA,NA,NA,NA,NA,NA,NA,NA,NA,NA,NA,2024-11-05
Legislative,8,State Representative,Tenth Bristol,10th Bristol,58751,165318,2024-11-05,FALSE,27230,1249,23,2,110193,Mark David Sylvia,Mark David Sylvia (D-Fairhaven),Fairhaven,13663,0.5263502581092534,Democratic,NA,NA,NA,NA,NA,110193,Mark David Sylvia,Mark David Sylvia (D-Fairhaven),Fairhaven,13663,0.5263502581092534,110194,Joseph M. Pires,Joseph M. Pires (R-Rochester),Rochester,12295,0.4736497418907466,NA,NA,NA,NA,NA,NA,NA,NA,NA,NA,NA,NA,NA,NA,2024-11-05
Legislative,8,State Representative,Eleventh Bristol,11th Bristol,58752,165528,2024-11-05,FALSE,11770,2496,334,1,78542,Christopher Hendricks,Christopher Hendricks (D-New Bedford),New Bedford,8940,1,Democratic,78542,Christopher Hendricks,Christopher Hendricks (D-New Bedford),New Bedford,Democratic,78542,Christopher Hendricks,Christopher Hendricks (D-New Bedford),New Bedford,8940,1,NA,NA,NA,NA,NA,NA,NA,NA,NA,NA,NA,NA,NA,NA,NA,NA,NA,NA,NA,NA,2024-11-05
Legislative,8,State Representative,Twelfth Bristol,12th Bristol,58753,165397,2024-11-05,FALSE,25988,6993,238,1,78295,Norman J. Orrall,Norman J. Orrall (R-Lakeville),Lakeville,18757,1,Republican,78295,Norman J. Orrall,Norman J. Orrall (R-Lakeville),Lakeville,Republican,NA,NA,NA,NA,NA,NA,78295,Norman J. Orrall,Norman J. Orrall (R-Lakeville),Lakeville,18757,1,NA,NA,NA,NA,NA,NA,NA,NA,NA,NA,NA,NA,NA,NA,2024-11-05
Legislative,8,State Representative,Thirteenth Bristol,13th Bristol,58754,165529,2024-11-05,FALSE,14944,3028,355,1,88412,Antonio d. F. Cabral,Antonio d. F. Cabral (D-New Bedford),New Bedford,11561,1,Democratic,88412,Antonio d. F. Cabral,Antonio d. F. Cabral (D-New Bedford),New Bedford,Democratic,88412,Antonio d. F. Cabral,Antonio d. F. Cabral (D-New Bedford),New Bedford,11561,1,NA,NA,NA,NA,NA,NA,NA,NA,NA,NA,NA,NA,NA,NA,NA,NA,NA,NA,NA,NA,2024-11-05
Legislative,8,State Representative,Fourteenth Bristol,14th Bristol,58755,165374,2024-11-05,FALSE,23655,1350,4,2,82188,Adam J. Scanlon,Adam J. Scanlon (D-North Attleborough),North Attleborough,12478,0.5595264786332451,Democratic,82188,Adam J. Scanlon,Adam J. Scanlon (D-North Attleborough),North Attleborough,Democratic,82188,Adam J. Scanlon,Adam J. Scanlon (D-North Attleborough),North Attleborough,12478,0.5595264786332451,88318,David B. Cannata,David B. Cannata (R-North Attleborough),North Attleborough,9823,0.44047352136675483,NA,NA,NA,NA,NA,NA,NA,NA,NA,NA,NA,NA,NA,NA,2024-11-05
Legislative,8,State Representative,First Essex,1st Essex,58756,165337,2024-11-05,FALSE,29332,8308,303,1,110203,Dawne Frances Shand,Dawne Frances Shand (D-Newburyport),Newburyport,20721,1,Democratic,NA,NA,NA,NA,NA,110203,Dawne Frances Shand,Dawne Frances Shand (D-Newburyport),Newburyport,20721,1,NA,NA,NA,NA,NA,NA,NA,NA,NA,NA,NA,NA,NA,NA,NA,NA,NA,NA,NA,NA,2024-11-05
Legislative,8,State Representative,Second Essex,2nd Essex,58757,165491,2024-11-05,FALSE,31330,1686,19,2,88388,Kristin E. Kassner,Kristin E. Kassner (D-Hamilton),Hamilton,16063,0.542210970464135,Democratic,88388,Kristin E. Kassner,Kristin E. Kassner (D-Hamilton),Hamilton,Democratic,88388,Kristin E. Kassner,Kristin E. Kassner (D-Hamilton),Hamilton,16063,0.542210970464135,89477,Mark T. Tashjian,Mark T. Tashjian (R-Georgetown),Georgetown,13562,0.457789029535865,NA,NA,NA,NA,NA,NA,NA,NA,NA,NA,NA,NA,NA,NA,2024-11-05
Legislative,8,State Representative,Third Essex,3rd Essex,58758,165496,2024-11-05,FALSE,19829,5545,86,1,78494,Andres X. Vargas,Andres X. Vargas (D-Haverhill),Haverhill,14198,1,Democratic,78494,Andres X. Vargas,Andres X. Vargas (D-Haverhill),Haverhill,Democratic,78494,Andres X. Vargas,Andres X. Vargas (D-Haverhill),Haverhill,14198,1,NA,NA,NA,NA,NA,NA,NA,NA,NA,NA,NA,NA,NA,NA,NA,NA,NA,NA,NA,NA,2024-11-05
Legislative,8,State Representative,Fourth Essex,4th Essex,58759,165502,2024-11-05,FALSE,12375,2684,406,1,88396,Estela A. Reyes,Estela A. Reyes (D-Lawrence),Lawrence,9285,1,Democratic,88396,Estela A. Reyes,Estela A. Reyes (D-Lawrence),Lawrence,Democratic,88396,Estela A. Reyes,Estela A. Reyes (D-Lawrence),Lawrence,9285,1,NA,NA,NA,NA,NA,NA,NA,NA,NA,NA,NA,NA,NA,NA,NA,NA,NA,NA,NA,NA,2024-11-05
Legislative,8,State Representative,Fifth Essex,5th Essex,58760,165479,2024-11-05,FALSE,29250,2378,69,2,62720,Ann-Margaret Ferrante,Ann-Margaret Ferrante (D-Gloucester),Gloucester,17877,0.6669775771368877,Democratic,62720,Ann-Margaret Ferrante,Ann-Margaret Ferrante (D-Gloucester),Gloucester,Democratic,62720,Ann-Margaret Ferrante,Ann-Margaret Ferrante (D-Gloucester),Gloucester,17877,0.6669775771368877,NA,NA,NA,NA,NA,NA,110424,"Steven G. Leblanc, Jr","Steven G. Leblanc, Jr (U-Gloucester)",Gloucester,8926,0.33302242286311234,Unenrolled,NA,NA,NA,NA,NA,NA,NA,2024-11-05
Legislative,8,State Representative,Sixth Essex,6th Essex,58761,165401,2024-11-05,FALSE,24855,1482,11,3,62723,Jerald A. Parisella,Jerald A. Parisella (D-Beverly),Beverly,16598,0.7104699940073624,Democratic,62723,Jerald A. Parisella,Jerald A. Parisella (D-Beverly),Beverly,Democratic,62723,Jerald A. Parisella,Jerald A. Parisella (D-Beverly),Beverly,16598,0.7104699940073624,88334,Ty Vitale,Ty Vitale (R-Beverly),Beverly,5548,0.23747966783665783,78152,Euplio R. Marciano,Euplio R. Marciano (U-Beverly),Beverly,1216,0.05205033815597979,Unenrolled,NA,NA,NA,NA,NA,NA,NA,2024-11-05
Legislative,8,State Representative,Seventh Essex,7th Essex,58762,165542,2024-11-05,FALSE,23404,4726,130,1,88417,Manny Cruz,Manny Cruz (D-Salem),Salem,18548,1,Democratic,88417,Manny Cruz,Manny Cruz (D-Salem),Salem,Democratic,88417,Manny Cruz,Manny Cruz (D-Salem),Salem,18548,1,NA,NA,NA,NA,NA,NA,NA,NA,NA,NA,NA,NA,NA,NA,NA,NA,NA,NA,NA,NA,2024-11-05
Legislative,8,State Representative,Eighth Essex,8th Essex,58763,165510,2024-11-05,FALSE,25566,6630,293,1,88400,Jennifer Wb Armini,Jennifer Wb Armini (D-Marblehead),Marblehead,18643,1,Democratic,88400,Jennifer Wb Armini,Jennifer Wb Armini (D-Marblehead),Marblehead,Democratic,88400,Jennifer Wb Armini,Jennifer Wb Armini (D-Marblehead),Marblehead,18643,1,NA,NA,NA,NA,NA,NA,NA,NA,NA,NA,NA,NA,NA,NA,NA,NA,NA,NA,NA,NA,2024-11-05
Legislative,8,State Representative,Ninth Essex,9th Essex,58764,165512,2024-11-05,FALSE,25466,7157,195,1,62732,Donald H. Wong,Donald H. Wong (R-Saugus),Saugus,18114,1,Republican,62732,Donald H. Wong,Donald H. Wong (R-Saugus),Saugus,Republican,NA,NA,NA,NA,NA,NA,62732,Donald H. Wong,Donald H. Wong (R-Saugus),Saugus,18114,1,NA,NA,NA,NA,NA,NA,NA,NA,NA,NA,NA,NA,NA,NA,2024-11-05
Legislative,8,State Representative,Tenth Essex,10th Essex,58765,165513,2024-11-05,FALSE,13176,2567,357,1,70679,Daniel H. Cahill,Daniel H. Cahill (D-Lynn),Lynn,10252,1,Democratic,70679,Daniel H. Cahill,Daniel H. Cahill (D-Lynn),Lynn,Democratic,70679,Daniel H. Cahill,Daniel H. Cahill (D-Lynn),Lynn,10252,1,NA,NA,NA,NA,NA,NA,NA,NA,NA,NA,NA,NA,NA,NA,NA,NA,NA,NA,NA,NA,2024-11-05
Legislative,8,State Representative,Eleventh Essex,11th Essex,58766,165511,2024-11-05,FALSE,14828,3162,438,1,110264,Sean Reid,Sean Reid (D-Lynn),Lynn,11228,1,Democratic,NA,NA,NA,NA,NA,110264,Sean Reid,Sean Reid (D-Lynn),Lynn,11228,1,NA,NA,NA,NA,NA,NA,NA,NA,NA,NA,NA,NA,NA,NA,NA,NA,NA,NA,NA,NA,2024-11-05
Legislative,8,State Representative,Twelfth Essex,12th Essex,58767,165534,2024-11-05,FALSE,22964,5306,464,1,70044,Thomas P. Walsh,Thomas P. Walsh (D-Peabody),Peabody,17194,1,Democratic,70044,Thomas P. Walsh,Thomas P. Walsh (D-Peabody),Peabody,Democratic,70044,Thomas P. Walsh,Thomas P. Walsh (D-Peabody),Peabody,17194,1,NA,NA,NA,NA,NA,NA,NA,NA,NA,NA,NA,NA,NA,NA,NA,NA,NA,NA,NA,NA,2024-11-05
Legislative,8,State Representative,Thirteenth Essex,13th Essex,58768,165466,2024-11-05,FALSE,27882,8771,365,1,70818,Sally P. Kerans,Sally P. Kerans (D-Danvers),Danvers,18746,1,Democratic,70818,Sally P. Kerans,Sally P. Kerans (D-Danvers),Danvers,Democratic,70818,Sally P. Kerans,Sally P. Kerans (D-Danvers),Danvers,18746,1,NA,NA,NA,NA,NA,NA,NA,NA,NA,NA,NA,NA,NA,NA,NA,NA,NA,NA,NA,NA,2024-11-05
Legislative,8,State Representative,Fourteenth Essex,14th Essex,58769,165338,2024-11-05,FALSE,27440,8639,204,1,110204,Adrianne Pusateri Ramos,Adrianne Pusateri Ramos (D-North Andover),North Andover,18597,1,Democratic,110204,Adrianne Pusateri Ramos,Adrianne Pusateri Ramos (D-North Andover),North Andover,Democratic,110204,Adrianne Pusateri Ramos,Adrianne Pusateri Ramos (D-North Andover),North Andover,18597,1,NA,NA,NA,NA,NA,NA,NA,NA,NA,NA,NA,NA,NA,NA,NA,NA,NA,NA,NA,NA,2024-11-05
Legislative,8,State Representative,Fifteenth Essex,15th Essex,58770,165495,2024-11-05,FALSE,24501,7481,449,1,88390,Ryan M. Hamilton,Ryan M. Hamilton (D-Methuen),Methuen,16571,1,Democratic,88390,Ryan M. Hamilton,Ryan M. Hamilton (D-Methuen),Methuen,Democratic,88390,Ryan M. Hamilton,Ryan M. Hamilton (D-Methuen),Methuen,16571,1,NA,NA,NA,NA,NA,NA,NA,NA,NA,NA,NA,NA,NA,NA,NA,NA,NA,NA,NA,NA,2024-11-05
Legislative,8,State Representative,Sixteenth Essex,16th Essex,58771,165503,2024-11-05,FALSE,13378,2698,493,1,88397,Francisco E. Paulino,Francisco E. Paulino (D-Methuen),Methuen,10187,1,Democratic,88397,Francisco E. Paulino,Francisco E. Paulino (D-Methuen),Methuen,Democratic,88397,Francisco E. Paulino,Francisco E. Paulino (D-Methuen),Methuen,10187,1,NA,NA,NA,NA,NA,NA,NA,NA,NA,NA,NA,NA,NA,NA,NA,NA,NA,NA,NA,NA,2024-11-05
Legislative,8,State Representative,Seventeenth Essex,17th Essex,58772,165348,2024-11-05,FALSE,13116,3004,242,1,74549,Frank A. Moran,Frank A. Moran (D-Lawrence),Lawrence,9870,1,Democratic,74549,Frank A. Moran,Frank A. Moran (D-Lawrence),Lawrence,Democratic,74549,Frank A. Moran,Frank A. Moran (D-Lawrence),Lawrence,9870,1,NA,NA,NA,NA,NA,NA,NA,NA,NA,NA,NA,NA,NA,NA,NA,NA,NA,NA,NA,NA,2024-11-05
Legislative,8,State Representative,Eighteenth Essex,18th Essex,58773,165347,2024-11-05,FALSE,26753,7361,394,1,78568,Tram T. Nguyen,Tram T. Nguyen (D-Andover),Andover,18998,1,Democratic,78568,Tram T. Nguyen,Tram T. Nguyen (D-Andover),Andover,Democratic,78568,Tram T. Nguyen,Tram T. Nguyen (D-Andover),Andover,18998,1,NA,NA,NA,NA,NA,NA,NA,NA,NA,NA,NA,NA,NA,NA,NA,NA,NA,NA,NA,NA,2024-11-05
Legislative,8,State Representative,First Franklin,1st Franklin,58774,165366,2024-11-05,FALSE,26131,4920,214,1,78585,Natalie M. Blais,Natalie M. Blais (D-Deerfield),Deerfield,20997,1,Democratic,78585,Natalie M. Blais,Natalie M. Blais (D-Deerfield),Deerfield,Democratic,78585,Natalie M. Blais,Natalie M. Blais (D-Deerfield),Deerfield,20997,1,NA,NA,NA,NA,NA,NA,NA,NA,NA,NA,NA,NA,NA,NA,NA,NA,NA,NA,NA,NA,2024-11-05
Legislative,8,State Representative,Second Franklin,2nd Franklin,58775,165371,2024-11-05,FALSE,23274,1564,59,2,78007,Susannah M. Whipps,Susannah M. Whipps (U-Athol),Athol,14235,0.657475405293058,Unenrolled,78007,Susannah M. Whipps,Susannah M. Whipps (U-Athol),Athol,Unenrolled,NA,NA,NA,NA,NA,NA,88317,Jeffrey L. Raymond,Jeffrey L. Raymond (R-Athol),Athol,7416,0.34252459470694196,78007,Susannah M. Whipps,Susannah M. Whipps (U-Athol),Athol,14235,0.657475405293058,Unenrolled,NA,NA,NA,NA,NA,NA,NA,2024-11-05
Legislative,8,State Representative,First Hampden,1st Hampden,58776,165442,2024-11-05,FALSE,23985,4747,163,1,62764,Todd M. Smola,Todd M. Smola (R-Warren),Warren,19075,1,Republican,62764,Todd M. Smola,Todd M. Smola (R-Warren),Warren,Republican,NA,NA,NA,NA,NA,NA,62764,Todd M. Smola,Todd M. Smola (R-Warren),Warren,19075,1,NA,NA,NA,NA,NA,NA,NA,NA,NA,NA,NA,NA,NA,NA,2024-11-05
Legislative,8,State Representative,Second Hampden,2nd Hampden,58777,165475,2024-11-05,FALSE,26102,6842,419,1,62766,Brian M. Ashe,Brian M. Ashe (D-Longmeadow),Longmeadow,18841,1,Democratic,62766,Brian M. Ashe,Brian M. Ashe (D-Longmeadow),Longmeadow,Democratic,62766,Brian M. Ashe,Brian M. Ashe (D-Longmeadow),Longmeadow,18841,1,NA,NA,NA,NA,NA,NA,NA,NA,NA,NA,NA,NA,NA,NA,NA,NA,NA,NA,NA,NA,2024-11-05
Legislative,8,State Representative,Third Hampden,3rd Hampden,58778,165329,2024-11-05,FALSE,25888,5501,360,1,62768,Nicholas A. Boldyga,Nicholas A. Boldyga (R-Southwick),Southwick,20027,1,Republican,62768,Nicholas A. Boldyga,Nicholas A. Boldyga (R-Southwick),Southwick,Republican,NA,NA,NA,NA,NA,NA,62768,Nicholas A. Boldyga,Nicholas A. Boldyga (R-Southwick),Southwick,20027,1,NA,NA,NA,NA,NA,NA,NA,NA,NA,NA,NA,NA,NA,NA,2024-11-05
Legislative,8,State Representative,Fourth Hampden,4th Hampden,58779,165545,2024-11-05,FALSE,22806,873,16,2,82283,Kelly W. Pease,Kelly W. Pease (R-Westfield),Westfield,12894,0.5883104439476206,Republican,82283,Kelly W. Pease,Kelly W. Pease (R-Westfield),Westfield,Republican,110278,Bridget Matthews-Kane,Bridget Matthews-Kane (D-Westfield),Westfield,9023,0.41168955605237945,82283,Kelly W. Pease,Kelly W. Pease (R-Westfield),Westfield,12894,0.5883104439476206,NA,NA,NA,NA,NA,NA,NA,NA,NA,NA,NA,NA,NA,NA,2024-11-05
Legislative,8,State Representative,Fifth Hampden,5th Hampden,58780,165461,2024-11-05,FALSE,16304,3872,64,1,72456,Patricia A. Duffy,Patricia A. Duffy (D-Holyoke),Holyoke,12368,1,Democratic,72456,Patricia A. Duffy,Patricia A. Duffy (D-Holyoke),Holyoke,Democratic,72456,Patricia A. Duffy,Patricia A. Duffy (D-Holyoke),Holyoke,12368,1,NA,NA,NA,NA,NA,NA,NA,NA,NA,NA,NA,NA,NA,NA,NA,NA,NA,NA,NA,NA,2024-11-05
Legislative,8,State Representative,Sixth Hampden,6th Hampden,58781,165328,2024-11-05,FALSE,19532,5407,181,1,62774,Michael J. Finn,Michael J. Finn (D-West Springfield),West Springfield,13944,1,Democratic,62774,Michael J. Finn,Michael J. Finn (D-West Springfield),West Springfield,Democratic,62774,Michael J. Finn,Michael J. Finn (D-West Springfield),West Springfield,13944,1,NA,NA,NA,NA,NA,NA,NA,NA,NA,NA,NA,NA,NA,NA,NA,NA,NA,NA,NA,NA,2024-11-05
Legislative,8,State Representative,Seventh Hampden,7th Hampden,58782,165392,2024-11-05,FALSE,25261,6873,153,1,78030,Aaron L. Saunders,Aaron L. Saunders (D-Belchertown),Belchertown,18235,1,Democratic,78030,Aaron L. Saunders,Aaron L. Saunders (D-Belchertown),Belchertown,Democratic,78030,Aaron L. Saunders,Aaron L. Saunders (D-Belchertown),Belchertown,18235,1,NA,NA,NA,NA,NA,NA,NA,NA,NA,NA,NA,NA,NA,NA,NA,NA,NA,NA,NA,NA,2024-11-05
Legislative,8,State Representative,Eighth Hampden,8th Hampden,58783,165460,2024-11-05,FALSE,19997,4482,538,1,88366,Shirley B. Arriaga,Shirley B. Arriaga (D-Chicopee),Chicopee,14977,1,Democratic,88366,Shirley B. Arriaga,Shirley B. Arriaga (D-Chicopee),Chicopee,Democratic,88366,Shirley B. Arriaga,Shirley B. Arriaga (D-Chicopee),Chicopee,14977,1,NA,NA,NA,NA,NA,NA,NA,NA,NA,NA,NA,NA,NA,NA,NA,NA,NA,NA,NA,NA,2024-11-05
Legislative,8,State Representative,Ninth Hampden,9th Hampden,58784,165547,2024-11-05,FALSE,14366,2532,381,1,82245,Orlando Ramos,Orlando Ramos (D-Springfield),Springfield,11453,1,Democratic,82245,Orlando Ramos,Orlando Ramos (D-Springfield),Springfield,Democratic,82245,Orlando Ramos,Orlando Ramos (D-Springfield),Springfield,11453,1,NA,NA,NA,NA,NA,NA,NA,NA,NA,NA,NA,NA,NA,NA,NA,NA,NA,NA,NA,NA,2024-11-05
Legislative,8,State Representative,Tenth Hampden,10th Hampden,58785,165548,2024-11-05,FALSE,10072,1604,236,1,78123,Carlos Gonzalez,Carlos Gonzalez (D-Springfield),Springfield,8232,1,Democratic,78123,Carlos Gonzalez,Carlos Gonzalez (D-Springfield),Springfield,Democratic,78123,Carlos Gonzalez,Carlos Gonzalez (D-Springfield),Springfield,8232,1,NA,NA,NA,NA,NA,NA,NA,NA,NA,NA,NA,NA,NA,NA,NA,NA,NA,NA,NA,NA,2024-11-05
Legislative,8,State Representative,Eleventh Hampden,11th Hampden,58786,165546,2024-11-05,FALSE,13813,2700,449,1,72455,Bud L. Williams,Bud L. Williams (D-Springfield),Springfield,10664,1,Democratic,72455,Bud L. Williams,Bud L. Williams (D-Springfield),Springfield,Democratic,72455,Bud L. Williams,Bud L. Williams (D-Springfield),Springfield,10664,1,NA,NA,NA,NA,NA,NA,NA,NA,NA,NA,NA,NA,NA,NA,NA,NA,NA,NA,NA,NA,2024-11-05
Legislative,8,State Representative,Twelfth Hampden,12th Hampden,58787,165476,2024-11-05,FALSE,24446,5457,418,1,62785,"Angelo J. Puppolo, Jr.","Angelo J. Puppolo, Jr. (D-Springfield)",Springfield,18571,1,Democratic,62785,"Angelo J. Puppolo, Jr.","Angelo J. Puppolo, Jr. (D-Springfield)",Springfield,Democratic,62785,"Angelo J. Puppolo, Jr.","Angelo J. Puppolo, Jr. (D-Springfield)",Springfield,18571,1,NA,NA,NA,NA,NA,NA,NA,NA,NA,NA,NA,NA,NA,NA,NA,NA,NA,NA,NA,NA,2024-11-05
Legislative,8,State Representative,First Hampshire,1st Hampshire,58788,165459,2024-11-05,FALSE,25951,4328,275,1,78665,Lindsay N. Sabadosa,Lindsay N. Sabadosa (D-Northampton),Northampton,21348,1,Democratic,78665,Lindsay N. Sabadosa,Lindsay N. Sabadosa (D-Northampton),Northampton,Democratic,78665,Lindsay N. Sabadosa,Lindsay N. Sabadosa (D-Northampton),Northampton,21348,1,NA,NA,NA,NA,NA,NA,NA,NA,NA,NA,NA,NA,NA,NA,NA,NA,NA,NA,NA,NA,2024-11-05
Legislative,8,State Representative,Second Hampshire,2nd Hampshire,58789,165477,2024-11-05,FALSE,25556,6361,93,1,110256,Homar Gomez,Homar Gomez (D-Easthampton),Easthampton,19102,1,Democratic,NA,NA,NA,NA,NA,110256,Homar Gomez,Homar Gomez (D-Easthampton),Easthampton,19102,1,NA,NA,NA,NA,NA,NA,NA,NA,NA,NA,NA,NA,NA,NA,NA,NA,NA,NA,NA,NA,2024-11-05
Legislative,8,State Representative,Third Hampshire,3rd Hampshire,58790,165344,2024-11-05,FALSE,12777,2109,132,1,78562,Mindy Domb,Mindy Domb (D-Amherst),Amherst,10536,1,Democratic,78562,Mindy Domb,Mindy Domb (D-Amherst),Amherst,Democratic,78562,Mindy Domb,Mindy Domb (D-Amherst),Amherst,10536,1,NA,NA,NA,NA,NA,NA,NA,NA,NA,NA,NA,NA,NA,NA,NA,NA,NA,NA,NA,NA,2024-11-05
Legislative,8,State Representative,First Middlesex,1st Middlesex,58791,165361,2024-11-05,FALSE,27510,1112,20,2,88313,Margaret R. Scarsdale,Margaret R. Scarsdale (D-Pepperell),Pepperell,13545,0.5134960952308742,Democratic,88313,Margaret R. Scarsdale,Margaret R. Scarsdale (D-Pepperell),Pepperell,Democratic,88313,Margaret R. Scarsdale,Margaret R. Scarsdale (D-Pepperell),Pepperell,13545,0.5134960952308742,88314,Lynne E. Archambault,Lynne E. Archambault (R-Pepperell),Pepperell,12833,0.4865039047691258,NA,NA,NA,NA,NA,NA,NA,NA,NA,NA,NA,NA,NA,NA,2024-11-05
Legislative,8,State Representative,Second Middlesex,2nd Middlesex,58792,165456,2024-11-05,FALSE,26350,6392,351,1,62796,James Arciero,James Arciero (D-Westford),Westford,19607,1,Democratic,62796,James Arciero,James Arciero (D-Westford),Westford,Democratic,62796,James Arciero,James Arciero (D-Westford),Westford,19607,1,NA,NA,NA,NA,NA,NA,NA,NA,NA,NA,NA,NA,NA,NA,NA,NA,NA,NA,NA,NA,2024-11-05
Legislative,8,State Representative,Third Middlesex,3rd Middlesex,58793,165406,2024-11-05,FALSE,26707,5951,219,1,62797,Kate Hogan,Kate Hogan (D-Stow),Stow,20537,1,Democratic,62797,Kate Hogan,Kate Hogan (D-Stow),Stow,Democratic,62797,Kate Hogan,Kate Hogan (D-Stow),Stow,20537,1,NA,NA,NA,NA,NA,NA,NA,NA,NA,NA,NA,NA,NA,NA,NA,NA,NA,NA,NA,NA,2024-11-05
Legislative,8,State Representative,Fourth Middlesex,4th Middlesex,58794,165487,2024-11-05,FALSE,19226,5111,194,1,62799,Danielle W. Gregoire,Danielle W. Gregoire (D-Marlborough),Marlborough,13921,1,Democratic,62799,Danielle W. Gregoire,Danielle W. Gregoire (D-Marlborough),Marlborough,Democratic,62799,Danielle W. Gregoire,Danielle W. Gregoire (D-Marlborough),Marlborough,13921,1,NA,NA,NA,NA,NA,NA,NA,NA,NA,NA,NA,NA,NA,NA,NA,NA,NA,NA,NA,NA,2024-11-05
Legislative,8,State Representative,Fifth Middlesex,5th Middlesex,58795,165527,2024-11-05,FALSE,25299,5956,202,1,62801,David Paul Linsky,David Paul Linsky (D-Natick),Natick,19141,1,Democratic,62801,David Paul Linsky,David Paul Linsky (D-Natick),Natick,Democratic,62801,David Paul Linsky,David Paul Linsky (D-Natick),Natick,19141,1,NA,NA,NA,NA,NA,NA,NA,NA,NA,NA,NA,NA,NA,NA,NA,NA,NA,NA,NA,NA,2024-11-05
Legislative,8,State Representative,Sixth Middlesex,6th Middlesex,58796,165489,2024-11-05,FALSE,12140,2460,306,1,88386,Priscila S. Sousa,Priscila S. Sousa (D-Framingham),Framingham,9374,1,Democratic,88386,Priscila S. Sousa,Priscila S. Sousa (D-Framingham),Framingham,Democratic,88386,Priscila S. Sousa,Priscila S. Sousa (D-Framingham),Framingham,9374,1,NA,NA,NA,NA,NA,NA,NA,NA,NA,NA,NA,NA,NA,NA,NA,NA,NA,NA,NA,NA,2024-11-05
Legislative,8,State Representative,Seventh Middlesex,7th Middlesex,58797,165368,2024-11-05,FALSE,22894,4971,249,1,78371,Jack Patrick Lewis,Jack Patrick Lewis (D-Framingham),Framingham,17674,1,Democratic,78371,Jack Patrick Lewis,Jack Patrick Lewis (D-Framingham),Framingham,Democratic,78371,Jack Patrick Lewis,Jack Patrick Lewis (D-Framingham),Framingham,17674,1,NA,NA,NA,NA,NA,NA,NA,NA,NA,NA,NA,NA,NA,NA,NA,NA,NA,NA,NA,NA,2024-11-05
Legislative,8,State Representative,Eighth Middlesex,8th Middlesex,58798,165500,2024-11-05,FALSE,26934,6398,366,1,72935,James Arena-DeRosa,James Arena-DeRosa (D-Holliston),Holliston,20170,1,Democratic,72935,James Arena-DeRosa,James Arena-DeRosa (D-Holliston),Holliston,Democratic,72935,James Arena-DeRosa,James Arena-DeRosa (D-Holliston),Holliston,20170,1,NA,NA,NA,NA,NA,NA,NA,NA,NA,NA,NA,NA,NA,NA,NA,NA,NA,NA,NA,NA,2024-11-05
Legislative,8,State Representative,Ninth Middlesex,9th Middlesex,58799,165551,2024-11-05,FALSE,19984,1471,0,3,62810,Thomas M. Stanley,Thomas M. Stanley (D-Waltham),Waltham,13465,0.7273267433695241,Democratic,62810,Thomas M. Stanley,Thomas M. Stanley (D-Waltham),Waltham,Democratic,62810,Thomas M. Stanley,Thomas M. Stanley (D-Waltham),Waltham,13465,0.7273267433695241,110280,Carly Marie Downs,Carly Marie Downs (R-Waltham),Waltham,3829,0.20682763463512127,110432,Sean Diamond,Sean Diamond (U-Waltham),Waltham,1219,0.06584562199535461,Unenrolled,NA,NA,NA,NA,NA,NA,NA,2024-11-05
Legislative,8,State Representative,Tenth Middlesex,10th Middlesex,58800,165531,2024-11-05,FALSE,17614,4320,86,1,73819,"John J. Lawn, Jr.","John J. Lawn, Jr. (D-Watertown)",Watertown,13208,1,Democratic,73819,"John J. Lawn, Jr.","John J. Lawn, Jr. (D-Watertown)",Watertown,Democratic,73819,"John J. Lawn, Jr.","John J. Lawn, Jr. (D-Watertown)",Watertown,13208,1,NA,NA,NA,NA,NA,NA,NA,NA,NA,NA,NA,NA,NA,NA,NA,NA,NA,NA,NA,NA,2024-11-05
Legislative,8,State Representative,Eleventh Middlesex,11th Middlesex,58801,165530,2024-11-05,FALSE,22403,1784,47,2,110273,Amy Mah Sangiolo,Amy Mah Sangiolo (D-Newton),Newton,16719,0.8127065914835699,Democratic,NA,NA,NA,NA,NA,110273,Amy Mah Sangiolo,Amy Mah Sangiolo (D-Newton),Newton,16719,0.8127065914835699,88359,Vladislav S. Yanovsky,Vladislav S. Yanovsky (R-Newton),Newton,3853,0.1872934085164301,NA,NA,NA,NA,NA,NA,NA,NA,NA,NA,NA,NA,NA,NA,2024-11-05
Legislative,8,State Representative,Twelfth Middlesex,12th Middlesex,58802,165447,2024-11-05,FALSE,25077,6362,305,1,110243,Greg Schwartz,Greg Schwartz (D-Newton),Newton,18410,1,Democratic,NA,NA,NA,NA,NA,110243,Greg Schwartz,Greg Schwartz (D-Newton),Newton,18410,1,NA,NA,NA,NA,NA,NA,NA,NA,NA,NA,NA,NA,NA,NA,NA,NA,NA,NA,NA,NA,2024-11-05
Legislative,8,State Representative,Thirteenth Middlesex,13th Middlesex,58803,165465,2024-11-05,FALSE,27269,2031,24,2,78078,Carmine Lawrence Gentile,Carmine Lawrence Gentile (D-Sudbury),Sudbury,18547,0.7355834060442611,Democratic,78078,Carmine Lawrence Gentile,Carmine Lawrence Gentile (D-Sudbury),Sudbury,Democratic,78078,Carmine Lawrence Gentile,Carmine Lawrence Gentile (D-Sudbury),Sudbury,18547,0.7355834060442611,63677,Virginia A Gardner,Virginia A Gardner (R-Wayland),Wayland,6667,0.26441659395573885,NA,NA,NA,NA,NA,NA,NA,NA,NA,NA,NA,NA,NA,NA,2024-11-05
Legislative,8,State Representative,Fourteenth Middlesex,14th Middlesex,58804,165310,2024-11-05,FALSE,26585,6252,249,1,88268,Simon Cataldo,Simon Cataldo (D-Concord),Concord,20084,1,Democratic,88268,Simon Cataldo,Simon Cataldo (D-Concord),Concord,Democratic,88268,Simon Cataldo,Simon Cataldo (D-Concord),Concord,20084,1,NA,NA,NA,NA,NA,NA,NA,NA,NA,NA,NA,NA,NA,NA,NA,NA,NA,NA,NA,NA,2024-11-05
Legislative,8,State Representative,Fifteenth Middlesex,15th Middlesex,58805,165506,2024-11-05,FALSE,24776,6917,177,1,78675,Michelle Ciccolo,Michelle Ciccolo (D-Lexington),Lexington,17682,1,Democratic,78675,Michelle Ciccolo,Michelle Ciccolo (D-Lexington),Lexington,Democratic,78675,Michelle Ciccolo,Michelle Ciccolo (D-Lexington),Lexington,17682,1,NA,NA,NA,NA,NA,NA,NA,NA,NA,NA,NA,NA,NA,NA,NA,NA,NA,NA,NA,NA,2024-11-05
Legislative,8,State Representative,Sixteenth Middlesex,16th Middlesex,58806,165457,2024-11-05,FALSE,17697,4359,446,1,78645,Rodney M. Elliott,Rodney M. Elliott (D-Lowell),Lowell,12892,1,Democratic,78645,Rodney M. Elliott,Rodney M. Elliott (D-Lowell),Lowell,Democratic,78645,Rodney M. Elliott,Rodney M. Elliott (D-Lowell),Lowell,12892,1,NA,NA,NA,NA,NA,NA,NA,NA,NA,NA,NA,NA,NA,NA,NA,NA,NA,NA,NA,NA,2024-11-05
Legislative,8,State Representative,Seventeenth Middlesex,17th Middlesex,58807,165509,2024-11-05,FALSE,15562,2703,202,2,82239,Vanna Howard,Vanna Howard (D-Lowell),Lowell,9855,0.7786205261910405,Democratic,82239,Vanna Howard,Vanna Howard (D-Lowell),Lowell,Democratic,82239,Vanna Howard,Vanna Howard (D-Lowell),Lowell,9855,0.7786205261910405,NA,NA,NA,NA,NA,NA,110428,Joseph Paul Onoroski,Joseph Paul Onoroski (Other-Lowell),Lowell,2802,0.22137947380895948,Pirate,NA,NA,NA,NA,NA,NA,NA,2024-11-05
Legislative,8,State Representative,Eighteenth Middlesex,18th Middlesex,58808,165508,2024-11-05,FALSE,11278,1503,83,2,88398,Tara Thorn Hong,Tara Thorn Hong (D-Lowell),Lowell,7592,0.7833264548080892,Democratic,NA,NA,NA,NA,NA,88398,Tara Thorn Hong,Tara Thorn Hong (D-Lowell),Lowell,7592,0.7833264548080892,NA,NA,NA,NA,NA,NA,110427,David Michael Ouellette,David Michael Ouellette (U-Lowell),Lowell,2100,0.21667354519191084,Unenrolled,NA,NA,NA,NA,NA,NA,NA,2024-11-05
Legislative,8,State Representative,Nineteenth Middlesex,19th Middlesex,58809,165550,2024-11-05,FALSE,25866,1964,33,3,78701,David Allen Robertson,David Allen Robertson (D-Wilmington),Wilmington,12560,0.5262055385646655,Democratic,78701,David Allen Robertson,David Allen Robertson (D-Wilmington),Wilmington,Democratic,78701,David Allen Robertson,David Allen Robertson (D-Wilmington),Wilmington,12560,0.5262055385646655,88423,Paul Sarnowski,Paul Sarnowski (R-Wilmington),Wilmington,9280,0.3887888055637019,110431,George Hugh Ferdinand,George Hugh Ferdinand (U-Tewksbury),Tewksbury,2029,0.08500565587163267,Unenrolled,NA,NA,NA,NA,NA,NA,NA,2024-11-05
Legislative,8,State Representative,Twentieth Middlesex,20th Middlesex,58810,165515,2024-11-05,FALSE,28967,7735,92,1,62825,"Bradley H. Jones, Jr.","Bradley H. Jones, Jr. (R-North Reading)",North Reading,21140,1,Republican,62825,"Bradley H. Jones, Jr.","Bradley H. Jones, Jr. (R-North Reading)",North Reading,Republican,NA,NA,NA,NA,NA,NA,62825,"Bradley H. Jones, Jr.","Bradley H. Jones, Jr. (R-North Reading)",North Reading,21140,1,NA,NA,NA,NA,NA,NA,NA,NA,NA,NA,NA,NA,NA,NA,2024-11-05
Legislative,8,State Representative,Twenty-First Middlesex,21st Middlesex,58811,165390,2024-11-05,FALSE,25221,6935,457,1,74584,Kenneth I. Gordon,Kenneth I. Gordon (D-Bedford),Bedford,17829,1,Democratic,74584,Kenneth I. Gordon,Kenneth I. Gordon (D-Bedford),Bedford,Democratic,74584,Kenneth I. Gordon,Kenneth I. Gordon (D-Bedford),Bedford,17829,1,NA,NA,NA,NA,NA,NA,NA,NA,NA,NA,NA,NA,NA,NA,NA,NA,NA,NA,NA,NA,2024-11-05
Legislative,8,State Representative,Twenty-Second Middlesex,22nd Middlesex,58812,165404,2024-11-05,FALSE,23881,1789,328,2,62829,Marc T. Lombardo,Marc T. Lombardo (R-Billerica),Billerica,13303,0.6112387428781474,Republican,62829,Marc T. Lombardo,Marc T. Lombardo (R-Billerica),Billerica,Republican,NA,NA,NA,NA,NA,NA,62829,Marc T. Lombardo,Marc T. Lombardo (R-Billerica),Billerica,13303,0.6112387428781474,70869,"George Simolaris, Jr.","George Simolaris, Jr. (U-Billerica)",Billerica,8461,0.3887612571218526,Unenrolled,NA,NA,NA,NA,NA,NA,NA,2024-11-05
Legislative,8,State Representative,Twenty-Third Middlesex,23rd Middlesex,58813,165355,2024-11-05,FALSE,26083,4886,203,1,62832,Sean Garballey,Sean Garballey (D-Arlington),Arlington,20994,1,Democratic,62832,Sean Garballey,Sean Garballey (D-Arlington),Arlington,Democratic,62832,Sean Garballey,Sean Garballey (D-Arlington),Arlington,20994,1,NA,NA,NA,NA,NA,NA,NA,NA,NA,NA,NA,NA,NA,NA,NA,NA,NA,NA,NA,NA,2024-11-05
Legislative,8,State Representative,Twenty-Fourth Middlesex,24th Middlesex,58814,165354,2024-11-05,FALSE,25450,5790,98,1,74565,David M. Rogers,David M. Rogers (D-Cambridge),Cambridge,19562,1,Democratic,74565,David M. Rogers,David M. Rogers (D-Cambridge),Cambridge,Democratic,74565,David M. Rogers,David M. Rogers (D-Cambridge),Cambridge,19562,1,NA,NA,NA,NA,NA,NA,NA,NA,NA,NA,NA,NA,NA,NA,NA,NA,NA,NA,NA,NA,2024-11-05
Legislative,8,State Representative,Twenty-Fifth Middlesex,25th Middlesex,58815,165449,2024-11-05,FALSE,17214,3041,99,1,72472,Marjorie C. Decker,Marjorie C. Decker (D-Cambridge),Cambridge,13724,0.975131448060253,Democratic,72472,Marjorie C. Decker,Marjorie C. Decker (D-Cambridge),Cambridge,Democratic,72472,Marjorie C. Decker,Marjorie C. Decker (D-Cambridge),Cambridge,13724,0.975131448060253,NA,NA,NA,NA,NA,NA,NA,NA,NA,NA,NA,NA,NA,110244,Evan Mackay,Evan Mackay (D-Cambridge),Cambridge,350,0.02486855193974705,Democratic,2024-11-05
Legislative,8,State Representative,Twenty-Sixth Middlesex,26th Middlesex,58816,165451,2024-11-05,FALSE,20865,3605,197,1,74600,Mike Connolly,Mike Connolly (D-Cambridge),Cambridge,17063,1,Democratic,74600,Mike Connolly,Mike Connolly (D-Cambridge),Cambridge,Democratic,74600,Mike Connolly,Mike Connolly (D-Cambridge),Cambridge,17063,1,NA,NA,NA,NA,NA,NA,NA,NA,NA,NA,NA,NA,NA,NA,NA,NA,NA,NA,NA,NA,2024-11-05
Legislative,8,State Representative,Twenty-Seventh Middlesex,27th Middlesex,58817,165544,2024-11-05,FALSE,24561,3673,413,1,82279,Erika Uyterhoeven,Erika Uyterhoeven (D-Somerville),Somerville,20475,1,Democratic,82279,Erika Uyterhoeven,Erika Uyterhoeven (D-Somerville),Somerville,Democratic,82279,Erika Uyterhoeven,Erika Uyterhoeven (D-Somerville),Somerville,20475,1,NA,NA,NA,NA,NA,NA,NA,NA,NA,NA,NA,NA,NA,NA,NA,NA,NA,NA,NA,NA,2024-11-05
Legislative,8,State Representative,Twenty-Eighth Middlesex,28th Middlesex,58818,165480,2024-11-05,FALSE,11170,2406,350,1,77847,"Joseph W. Mcgonagle, Jr","Joseph W. Mcgonagle, Jr (D-Everett)",Everett,8414,1,Democratic,77847,"Joseph W. Mcgonagle, Jr","Joseph W. Mcgonagle, Jr (D-Everett)",Everett,Democratic,77847,"Joseph W. Mcgonagle, Jr","Joseph W. Mcgonagle, Jr (D-Everett)",Everett,8414,1,NA,NA,NA,NA,NA,NA,NA,NA,NA,NA,NA,NA,NA,NA,NA,NA,NA,NA,NA,NA,2024-11-05
Legislative,8,State Representative,Twenty-Ninth Middlesex,29th Middlesex,58819,165450,2024-11-05,FALSE,23937,4863,68,1,78243,Steven C. Owens,Steven C. Owens (D-Watertown),Watertown,19006,1,Democratic,78243,Steven C. Owens,Steven C. Owens (D-Watertown),Watertown,Democratic,78243,Steven C. Owens,Steven C. Owens (D-Watertown),Watertown,19006,1,NA,NA,NA,NA,NA,NA,NA,NA,NA,NA,NA,NA,NA,NA,NA,NA,NA,NA,NA,NA,2024-11-05
Legislative,8,State Representative,Thirtieth Middlesex,30th Middlesex,58820,165539,2024-11-05,FALSE,25730,8477,53,1,78693,Richard M. Haggerty,Richard M. Haggerty (D-Woburn),Woburn,17200,1,Democratic,78693,Richard M. Haggerty,Richard M. Haggerty (D-Woburn),Woburn,Democratic,78693,Richard M. Haggerty,Richard M. Haggerty (D-Woburn),Woburn,17200,1,NA,NA,NA,NA,NA,NA,NA,NA,NA,NA,NA,NA,NA,NA,NA,NA,NA,NA,NA,NA,2024-11-05
Legislative,8,State Representative,Thirty-First Middlesex,31st Middlesex,58821,165549,2024-11-05,FALSE,25323,8413,157,1,63046,Michael Seamus Day,Michael Seamus Day (D-Stoneham),Stoneham,16753,1,Democratic,63046,Michael Seamus Day,Michael Seamus Day (D-Stoneham),Stoneham,Democratic,63046,Michael Seamus Day,Michael Seamus Day (D-Stoneham),Stoneham,16753,1,NA,NA,NA,NA,NA,NA,NA,NA,NA,NA,NA,NA,NA,NA,NA,NA,NA,NA,NA,NA,2024-11-05
Legislative,8,State Representative,Thirty-Second Middlesex,32nd Middlesex,58822,165517,2024-11-05,FALSE,26431,7742,373,1,79762,Kate Lipper-Garabedian,Kate Lipper-Garabedian (D-Melrose),Melrose,18316,1,Democratic,79762,Kate Lipper-Garabedian,Kate Lipper-Garabedian (D-Melrose),Melrose,Democratic,79762,Kate Lipper-Garabedian,Kate Lipper-Garabedian (D-Melrose),Melrose,18316,1,NA,NA,NA,NA,NA,NA,NA,NA,NA,NA,NA,NA,NA,NA,NA,NA,NA,NA,NA,NA,2024-11-05
Legislative,8,State Representative,Thirty-Third Middlesex,33rd Middlesex,58823,165518,2024-11-05,FALSE,15384,3694,330,1,78109,Steven Ultrino,Steven Ultrino (D-Malden),Malden,11360,1,Democratic,78109,Steven Ultrino,Steven Ultrino (D-Malden),Malden,Democratic,78109,Steven Ultrino,Steven Ultrino (D-Malden),Malden,11360,1,NA,NA,NA,NA,NA,NA,NA,NA,NA,NA,NA,NA,NA,NA,NA,NA,NA,NA,NA,NA,2024-11-05
Legislative,8,State Representative,Thirty-Fourth Middlesex,34th Middlesex,58824,165523,2024-11-05,FALSE,20064,3724,320,1,78112,Christine P. Barber,Christine P. Barber (D-Somerville),Somerville,16020,1,Democratic,78112,Christine P. Barber,Christine P. Barber (D-Somerville),Somerville,Democratic,78112,Christine P. Barber,Christine P. Barber (D-Somerville),Somerville,16020,1,NA,NA,NA,NA,NA,NA,NA,NA,NA,NA,NA,NA,NA,NA,NA,NA,NA,NA,NA,NA,2024-11-05
Legislative,8,State Representative,Thirty-Fifth Middlesex,35th Middlesex,58825,165516,2024-11-05,FALSE,19665,4176,494,1,62854,"Paul J. Donato, Sr.","Paul J. Donato, Sr. (D-Medford)",Medford,14995,1,Democratic,62854,"Paul J. Donato, Sr.","Paul J. Donato, Sr. (D-Medford)",Medford,Democratic,62854,"Paul J. Donato, Sr.","Paul J. Donato, Sr. (D-Medford)",Medford,14995,1,NA,NA,NA,NA,NA,NA,NA,NA,NA,NA,NA,NA,NA,NA,NA,NA,NA,NA,NA,NA,2024-11-05
Legislative,8,State Representative,Thirty-Sixth Middlesex,36th Middlesex,58826,165472,2024-11-05,FALSE,25214,6893,0,1,62857,Colleen M. Garry,Colleen M. Garry (D-Dracut),Dracut,18321,1,Democratic,62857,Colleen M. Garry,Colleen M. Garry (D-Dracut),Dracut,Democratic,62857,Colleen M. Garry,Colleen M. Garry (D-Dracut),Dracut,18321,1,NA,NA,NA,NA,NA,NA,NA,NA,NA,NA,NA,NA,NA,NA,NA,NA,NA,NA,NA,NA,2024-11-05
Legislative,8,State Representative,Thirty-Seventh Middlesex,37th Middlesex,58827,165311,2024-11-05,FALSE,25134,6094,251,1,80799,Danillo A. Sena,Danillo A. Sena (D-Acton),Acton,18789,1,Democratic,80799,Danillo A. Sena,Danillo A. Sena (D-Acton),Acton,Democratic,80799,Danillo A. Sena,Danillo A. Sena (D-Acton),Acton,18789,1,NA,NA,NA,NA,NA,NA,NA,NA,NA,NA,NA,NA,NA,NA,NA,NA,NA,NA,NA,NA,2024-11-05
Legislative,8,State Representative,First Norfolk,1st Norfolk,58828,165537,2024-11-05,FALSE,19960,4122,321,1,62861,Bruce J. Ayers,Bruce J. Ayers (D-Quincy),Quincy,15517,1,Democratic,62861,Bruce J. Ayers,Bruce J. Ayers (D-Quincy),Quincy,Democratic,62861,Bruce J. Ayers,Bruce J. Ayers (D-Quincy),Quincy,15517,1,NA,NA,NA,NA,NA,NA,NA,NA,NA,NA,NA,NA,NA,NA,NA,NA,NA,NA,NA,NA,2024-11-05
Legislative,8,State Representative,Second Norfolk,2nd Norfolk,58829,165538,2024-11-05,FALSE,20328,1708,51,2,62862,Tackey Chan,Tackey Chan (D-Quincy),Quincy,12919,0.6957294415423555,Democratic,62862,Tackey Chan,Tackey Chan (D-Quincy),Quincy,Democratic,62862,Tackey Chan,Tackey Chan (D-Quincy),Quincy,12919,0.6957294415423555,88415,Sharon Marie Cintolo,Sharon Marie Cintolo (R-Quincy),Quincy,5650,0.30427055845764445,NA,NA,NA,NA,NA,NA,NA,NA,NA,NA,NA,NA,NA,NA,2024-11-05
Legislative,8,State Representative,Third Norfolk,3rd Norfolk,58830,165498,2024-11-05,FALSE,19604,4659,386,1,62867,Ronald Mariano,Ronald Mariano (D-Quincy),Quincy,14559,1,Democratic,62867,Ronald Mariano,Ronald Mariano (D-Quincy),Quincy,Democratic,62867,Ronald Mariano,Ronald Mariano (D-Quincy),Quincy,14559,1,NA,NA,NA,NA,NA,NA,NA,NA,NA,NA,NA,NA,NA,NA,NA,NA,NA,NA,NA,NA,2024-11-05
Legislative,8,State Representative,Fourth Norfolk,4th Norfolk,58831,165553,2024-11-05,FALSE,22567,5035,367,1,62869,James Michael Murphy,James Michael Murphy (D-Weymouth),Weymouth,17165,1,Democratic,62869,James Michael Murphy,James Michael Murphy (D-Weymouth),Weymouth,Democratic,62869,James Michael Murphy,James Michael Murphy (D-Weymouth),Weymouth,17165,1,NA,NA,NA,NA,NA,NA,NA,NA,NA,NA,NA,NA,NA,NA,NA,NA,NA,NA,NA,NA,2024-11-05
Legislative,8,State Representative,Fifth Norfolk,5th Norfolk,58832,165438,2024-11-05,FALSE,23613,7058,416,1,74594,Mark J. Cusack,Mark J. Cusack (D-Braintree),Braintree,16139,1,Democratic,74594,Mark J. Cusack,Mark J. Cusack (D-Braintree),Braintree,Democratic,74594,Mark J. Cusack,Mark J. Cusack (D-Braintree),Braintree,16139,1,NA,NA,NA,NA,NA,NA,NA,NA,NA,NA,NA,NA,NA,NA,NA,NA,NA,NA,NA,NA,2024-11-05
Legislative,8,State Representative,Sixth Norfolk,6th Norfolk,58833,165381,2024-11-05,FALSE,23506,5402,171,1,62875,William C. Galvin,William C. Galvin (D-Canton),Canton,17933,1,Democratic,62875,William C. Galvin,William C. Galvin (D-Canton),Canton,Democratic,62875,William C. Galvin,William C. Galvin (D-Canton),Canton,17933,1,NA,NA,NA,NA,NA,NA,NA,NA,NA,NA,NA,NA,NA,NA,NA,NA,NA,NA,NA,NA,2024-11-05
Legislative,8,State Representative,Seventh Norfolk,7th Norfolk,58834,165524,2024-11-05,FALSE,23277,2534,115,2,110270,"Richard Gerard Wells, Jr","Richard Gerard Wells, Jr (D-Milton)",Milton,13379,0.6485844483226683,Democratic,NA,NA,NA,NA,NA,110270,"Richard Gerard Wells, Jr","Richard Gerard Wells, Jr (D-Milton)",Milton,13379,0.6485844483226683,NA,NA,NA,NA,NA,NA,110429,Clinton Graham,Clinton Graham (U-Milton),Milton,7249,0.3514155516773318,Unenrolled,NA,NA,NA,NA,NA,NA,NA,2024-11-05
Legislative,8,State Representative,Eighth Norfolk,8th Norfolk,58835,165520,2024-11-05,FALSE,25491,7062,268,1,82268,Ted Philips,Ted Philips (D-Sharon),Sharon,18161,1,Democratic,82268,Ted Philips,Ted Philips (D-Sharon),Sharon,Democratic,82268,Ted Philips,Ted Philips (D-Sharon),Sharon,18161,1,NA,NA,NA,NA,NA,NA,NA,NA,NA,NA,NA,NA,NA,NA,NA,NA,NA,NA,NA,NA,2024-11-05
Legislative,8,State Representative,Ninth Norfolk,9th Norfolk,58836,165522,2024-11-05,FALSE,27919,1351,15,2,88411,Marcus S. Vaughn,Marcus S. Vaughn (R-Wrentham),Wrentham,15244,0.5740970888411856,Republican,88411,Marcus S. Vaughn,Marcus S. Vaughn (R-Wrentham),Wrentham,Republican,88409,Kevin Kalkut,Kevin Kalkut (D-Norfolk),Norfolk,11309,0.42590291115881446,88411,Marcus S. Vaughn,Marcus S. Vaughn (R-Wrentham),Wrentham,15244,0.5740970888411856,NA,NA,NA,NA,NA,NA,NA,NA,NA,NA,NA,NA,NA,NA,2024-11-05
Legislative,8,State Representative,Tenth Norfolk,10th Norfolk,58837,165490,2024-11-05,FALSE,26629,1360,19,2,74613,Jeffrey N. Roy,Jeffrey N. Roy (D-Franklin),Franklin,15597,0.6177029702970297,Democratic,74613,Jeffrey N. Roy,Jeffrey N. Roy (D-Franklin),Franklin,Democratic,74613,Jeffrey N. Roy,Jeffrey N. Roy (D-Franklin),Franklin,15597,0.6177029702970297,88387,"Charles F. Bailey, III","Charles F. Bailey, III (R-Franklin)",Franklin,9653,0.3822970297029703,NA,NA,NA,NA,NA,NA,NA,NA,NA,NA,NA,NA,NA,NA,2024-11-05
Legislative,8,State Representative,Eleventh Norfolk,11th Norfolk,58838,165468,2024-11-05,FALSE,27452,3283,41,2,62881,Paul McMurtry,Paul McMurtry (D-Dedham),Dedham,16431,0.6809930371352785,Democratic,62881,Paul McMurtry,Paul McMurtry (D-Dedham),Dedham,Democratic,62881,Paul McMurtry,Paul McMurtry (D-Dedham),Dedham,16431,0.6809930371352785,NA,NA,NA,NA,NA,NA,110422,Andrew M. Pepoli,Andrew M. Pepoli (U-Dedham),Dedham,7697,0.31900696286472147,Unenrolled,NA,NA,NA,NA,NA,NA,NA,2024-11-05
Legislative,8,State Representative,Twelfth Norfolk,12th Norfolk,58839,165533,2024-11-05,FALSE,24453,6687,323,1,62882,John H. Rogers,John H. Rogers (D-Norwood),Norwood,17443,1,Democratic,62882,John H. Rogers,John H. Rogers (D-Norwood),Norwood,Democratic,62882,John H. Rogers,John H. Rogers (D-Norwood),Norwood,17443,1,NA,NA,NA,NA,NA,NA,NA,NA,NA,NA,NA,NA,NA,NA,NA,NA,NA,NA,NA,NA,2024-11-05
Legislative,8,State Representative,Thirteenth Norfolk,13th Norfolk,58840,165471,2024-11-05,FALSE,27652,2844,108,2,110250,Joshua Tarsky,Joshua Tarsky (D-Needham),Needham,15180,0.61457489878542515,Democratic,NA,NA,NA,NA,NA,110250,Joshua Tarsky,Joshua Tarsky (D-Needham),Needham,15180,0.61457489878542515,NA,NA,NA,NA,NA,NA,110423,William R. Dermody,William R. Dermody (U-Needham),Needham,9520,0.3854251012145749,Unenrolled,NA,NA,NA,NA,NA,NA,NA,2024-11-05
Legislative,8,State Representative,Fourteenth Norfolk,14th Norfolk,58841,165507,2024-11-05,FALSE,23746,6237,145,1,62889,Alice Hanlon Peisch,Alice Hanlon Peisch (D-Wellesley),Wellesley,17364,1,Democratic,62889,Alice Hanlon Peisch,Alice Hanlon Peisch (D-Wellesley),Wellesley,Democratic,62889,Alice Hanlon Peisch,Alice Hanlon Peisch (D-Wellesley),Wellesley,17364,1,NA,NA,NA,NA,NA,NA,NA,NA,NA,NA,NA,NA,NA,NA,NA,NA,NA,NA,NA,NA,2024-11-05
Legislative,8,State Representative,Fifteenth Norfolk,15th Norfolk,58842,165446,2024-11-05,FALSE,20080,3714,226,1,78634,Tommy Vitolo,Tommy Vitolo (D-Brookline),Brookline,16140,1,Democratic,78634,Tommy Vitolo,Tommy Vitolo (D-Brookline),Brookline,Democratic,78634,Tommy Vitolo,Tommy Vitolo (D-Brookline),Brookline,16140,1,NA,NA,NA,NA,NA,NA,NA,NA,NA,NA,NA,NA,NA,NA,NA,NA,NA,NA,NA,NA,2024-11-05
Legislative,8,State Representative,First Plymouth,1st Plymouth,58843,165536,2024-11-05,FALSE,30836,1596,11,2,110274,Michelle L. Badger,Michelle L. Badger (D-Plymouth),Plymouth,15277,0.5226658455643368,Democratic,NA,NA,NA,NA,NA,110274,Michelle L. Badger,Michelle L. Badger (D-Plymouth),Plymouth,15277,0.5226658455643368,80806,Jesse G. Brown,Jesse G. Brown (R-Plymouth),Plymouth,13952,0.4773341544356632,NA,NA,NA,NA,NA,NA,NA,NA,NA,NA,NA,NA,NA,NA,2024-11-05
Legislative,8,State Representative,Second Plymouth,2nd Plymouth,58844,165453,2024-11-05,FALSE,25165,5977,95,1,110245,John Robert Gaskey,John Robert Gaskey (R-Carver),Carver,16996,0.8901691719478343,Republican,NA,NA,NA,NA,NA,NA,NA,NA,NA,NA,NA,110245,John Robert Gaskey,John Robert Gaskey (R-Carver),Carver,16996,0.8901691719478343,NA,NA,NA,NA,NA,NA,NA,78400,Sarah G. Hewins,Sarah G. Hewins (D-Carver),Carver,2097,0.10983082805216572,Democratic,2024-11-05
Legislative,8,State Representative,Third Plymouth,3rd Plymouth,58845,165463,2024-11-05,FALSE,28198,7433,341,1,78308,Joan Meschino,Joan Meschino (D-Hull),Hull,20424,1,Democratic,78308,Joan Meschino,Joan Meschino (D-Hull),Hull,Democratic,78308,Joan Meschino,Joan Meschino (D-Hull),Hull,20424,1,NA,NA,NA,NA,NA,NA,NA,NA,NA,NA,NA,NA,NA,NA,NA,NA,NA,NA,NA,NA,2024-11-05
Legislative,8,State Representative,Fourth Plymouth,4th Plymouth,58846,165521,2024-11-05,FALSE,31017,8388,101,1,78688,Patrick Joseph Kearney,Patrick Joseph Kearney (D-Scituate),Scituate,22528,1,Democratic,78688,Patrick Joseph Kearney,Patrick Joseph Kearney (D-Scituate),Scituate,Democratic,78688,Patrick Joseph Kearney,Patrick Joseph Kearney (D-Scituate),Scituate,22528,1,NA,NA,NA,NA,NA,NA,NA,NA,NA,NA,NA,NA,NA,NA,NA,NA,NA,NA,NA,NA,2024-11-05
Legislative,8,State Representative,Fifth Plymouth,5th Plymouth,58847,165494,2024-11-05,FALSE,26636,6777,449,1,78083,David F. Decoste,David F. Decoste (R-Norwell),Norwell,19410,1,Republican,78083,David F. Decoste,David F. Decoste (R-Norwell),Norwell,Republican,NA,NA,NA,NA,NA,NA,78083,David F. Decoste,David F. Decoste (R-Norwell),Norwell,19410,1,NA,NA,NA,NA,NA,NA,NA,NA,NA,NA,NA,NA,NA,NA,2024-11-05
Legislative,8,State Representative,Sixth Plymouth,6th Plymouth,58848,165474,2024-11-05,FALSE,29512,1346,24,2,88374,Kenneth Sweezey,Kenneth Sweezey (R-Pembroke),Pembroke,14908,0.5297420225996731,Republican,NA,NA,NA,NA,NA,80803,Rebecca W. Coletta,Rebecca W. Coletta (D-Pembroke),Pembroke,13234,0.470257977400327,88374,Kenneth Sweezey,Kenneth Sweezey (R-Pembroke),Pembroke,14908,0.5297420225996731,NA,NA,NA,NA,NA,NA,NA,NA,NA,NA,NA,NA,NA,NA,2024-11-05
Legislative,8,State Representative,Seventh Plymouth,7th Plymouth,58849,165303,2024-11-05,FALSE,25002,6208,229,1,110182,Alyson M. Sullivan-Almeida,Alyson M. Sullivan-Almeida (R-Abington),Abington,18565,1,Republican,NA,NA,NA,NA,NA,NA,NA,NA,NA,NA,NA,110182,Alyson M. Sullivan-Almeida,Alyson M. Sullivan-Almeida (R-Abington),Abington,18565,1,NA,NA,NA,NA,NA,NA,NA,NA,NA,NA,NA,NA,NA,NA,2024-11-05
Legislative,8,State Representative,Eighth Plymouth,8th Plymouth,58850,165441,2024-11-05,FALSE,23716,1990,6,2,72385,Dennis C. Gallagher,Dennis C. Gallagher (D-Bridgewater),Bridgewater,10971,0.5051104972375691,Democratic,NA,NA,NA,NA,NA,72385,Dennis C. Gallagher,Dennis C. Gallagher (D-Bridgewater),Bridgewater,10971,0.5051104972375691,73711,Sandra M. Wright,Sandra M. Wright (R-Bridgewater),Bridgewater,10749,0.49488950276243093,NA,NA,NA,NA,NA,NA,NA,NA,NA,NA,NA,NA,NA,NA,2024-11-05
Legislative,8,State Representative,Ninth Plymouth,9th Plymouth,58851,165444,2024-11-05,FALSE,23715,1961,8,3,110239,Bridget M. Plouffe,Bridget M. Plouffe (D-Brockton),Brockton,11809,0.5430423986020417,Democratic,NA,NA,NA,NA,NA,110239,Bridget M. Plouffe,Bridget M. Plouffe (D-Brockton),Brockton,11809,0.5430423986020417,93043,Lawrence Peter Novak,Lawrence Peter Novak (R-Brockton),Brockton,6539,0.30069897912259724,110421,Jonathan Wilshire Gill,Jonathan Wilshire Gill (U-Easton),Easton,3398,0.156258622275361,Unenrolled,NA,NA,NA,NA,NA,NA,NA,2024-11-05
Legislative,8,State Representative,Tenth Plymouth,10th Plymouth,58852,165445,2024-11-05,FALSE,15951,3513,29,1,110240,Michelle Marie Dubois,Michelle Marie Dubois (D-Brockton),Brockton,12409,1,Democratic,NA,NA,NA,NA,NA,110240,Michelle Marie Dubois,Michelle Marie Dubois (D-Brockton),Brockton,12409,1,NA,NA,NA,NA,NA,NA,NA,NA,NA,NA,NA,NA,NA,NA,NA,NA,NA,NA,NA,NA,2024-11-05
Legislative,8,State Representative,Eleventh Plymouth,11th Plymouth,58853,165443,2024-11-05,FALSE,11480,1740,29,1,88356,Rita A. Mendes,Rita A. Mendes (D-Brockton),Brockton,9711,1,Democratic,88356,Rita A. Mendes,Rita A. Mendes (D-Brockton),Brockton,Democratic,88356,Rita A. Mendes,Rita A. Mendes (D-Brockton),Brockton,9711,1,NA,NA,NA,NA,NA,NA,NA,NA,NA,NA,NA,NA,NA,NA,NA,NA,NA,NA,NA,NA,2024-11-05
Legislative,8,State Representative,Twelfth Plymouth,12th Plymouth,58854,165493,2024-11-05,FALSE,28775,1548,11,2,78649,Kathleen R. Lanatra,Kathleen R. Lanatra (D-Kingston),Kingston,14462,0.5313786008230452,Democratic,78649,Kathleen R. Lanatra,Kathleen R. Lanatra (D-Kingston),Kingston,Democratic,78649,Kathleen R. Lanatra,Kathleen R. Lanatra (D-Kingston),Kingston,14462,0.5313786008230452,88389,Eric J. Meschino,Eric J. Meschino (R-Plymouth),Plymouth,12754,0.4686213991769547,NA,NA,NA,NA,NA,NA,NA,NA,NA,NA,NA,NA,NA,NA,2024-11-05
Legislative,8,State Representative,First Suffolk,1st Suffolk,58855,165418,2024-11-05,FALSE,14165,2497,342,1,78169,Adrian C. Madaro,Adrian C. Madaro (D-Boston),Boston,11326,1,Democratic,78169,Adrian C. Madaro,Adrian C. Madaro (D-Boston),Boston,Democratic,78169,Adrian C. Madaro,Adrian C. Madaro (D-Boston),Boston,11326,1,NA,NA,NA,NA,NA,NA,NA,NA,NA,NA,NA,NA,NA,NA,NA,NA,NA,NA,NA,NA,2024-11-05
Legislative,8,State Representative,Second Suffolk,2nd Suffolk,58856,165422,2024-11-05,FALSE,16067,3196,246,1,110233,Daniel J. Ryan,Daniel J. Ryan (D-Boston),Boston,12625,1,Democratic,NA,NA,NA,NA,NA,110233,Daniel J. Ryan,Daniel J. Ryan (D-Boston),Boston,12625,1,NA,NA,NA,NA,NA,NA,NA,NA,NA,NA,NA,NA,NA,NA,NA,NA,NA,NA,NA,NA,2024-11-05
Legislative,8,State Representative,Third Suffolk,3rd Suffolk,58857,165427,2024-11-05,FALSE,17501,3587,254,1,62921,Aaron M. Michlewitz,Aaron M. Michlewitz (D-Boston),Boston,13660,1,Democratic,62921,Aaron M. Michlewitz,Aaron M. Michlewitz (D-Boston),Boston,Democratic,62921,Aaron M. Michlewitz,Aaron M. Michlewitz (D-Boston),Boston,13660,1,NA,NA,NA,NA,NA,NA,NA,NA,NA,NA,NA,NA,NA,NA,NA,NA,NA,NA,NA,NA,2024-11-05
Legislative,8,State Representative,Fourth Suffolk,4th Suffolk,58858,165420,2024-11-05,FALSE,23014,4705,393,1,78622,David Biele,David Biele (D-Boston),Boston,17916,1,Democratic,78622,David Biele,David Biele (D-Boston),Boston,Democratic,78622,David Biele,David Biele (D-Boston),Boston,17916,1,NA,NA,NA,NA,NA,NA,NA,NA,NA,NA,NA,NA,NA,NA,NA,NA,NA,NA,NA,NA,2024-11-05
Legislative,8,State Representative,Fifth Suffolk,5th Suffolk,58859,165417,2024-11-05,FALSE,13029,2185,256,1,88344,Christopher J. Worrell,Christopher J. Worrell (D-Boston),Boston,10588,1,Democratic,88344,Christopher J. Worrell,Christopher J. Worrell (D-Boston),Boston,Democratic,88344,Christopher J. Worrell,Christopher J. Worrell (D-Boston),Boston,10588,1,NA,NA,NA,NA,NA,NA,NA,NA,NA,NA,NA,NA,NA,NA,NA,NA,NA,NA,NA,NA,2024-11-05
Legislative,8,State Representative,Sixth Suffolk,6th Suffolk,58860,165425,2024-11-05,FALSE,15087,2345,307,1,62932,Russell E. Holmes,Russell E. Holmes (D-Boston),Boston,12435,1,Democratic,62932,Russell E. Holmes,Russell E. Holmes (D-Boston),Boston,Democratic,62932,Russell E. Holmes,Russell E. Holmes (D-Boston),Boston,12435,1,NA,NA,NA,NA,NA,NA,NA,NA,NA,NA,NA,NA,NA,NA,NA,NA,NA,NA,NA,NA,2024-11-05
Legislative,8,State Representative,Seventh Suffolk,7th Suffolk,58861,165424,2024-11-05,FALSE,10419,1818,182,1,78393,Chynah Tyler,Chynah Tyler (D-Boston),Boston,8419,1,Democratic,78393,Chynah Tyler,Chynah Tyler (D-Boston),Boston,Democratic,78393,Chynah Tyler,Chynah Tyler (D-Boston),Boston,8419,1,NA,NA,NA,NA,NA,NA,NA,NA,NA,NA,NA,NA,NA,NA,NA,NA,NA,NA,NA,NA,2024-11-05
Legislative,8,State Representative,Eighth Suffolk,8th Suffolk,58862,165415,2024-11-05,FALSE,17068,3412,211,1,77853,Jay D. Livingstone,Jay D. Livingstone (D-Boston),Boston,13445,1,Democratic,77853,Jay D. Livingstone,Jay D. Livingstone (D-Boston),Boston,Democratic,77853,Jay D. Livingstone,Jay D. Livingstone (D-Boston),Boston,13445,1,NA,NA,NA,NA,NA,NA,NA,NA,NA,NA,NA,NA,NA,NA,NA,NA,NA,NA,NA,NA,2024-11-05
Legislative,8,State Representative,Ninth Suffolk,9th Suffolk,58863,165421,2024-11-05,FALSE,17597,1960,51,2,92666,John Francis Moran,John Francis Moran (D-Boston),Boston,12852,0.8245861670730142,Democratic,92666,John Francis Moran,John Francis Moran (D-Boston),Boston,Democratic,92666,John Francis Moran,John Francis Moran (D-Boston),Boston,12852,0.8245861670730142,62930,Roy A. Owens,Roy A. Owens (R-Boston),Boston,2734,0.17541383292698576,NA,NA,NA,NA,NA,NA,NA,NA,NA,NA,NA,NA,NA,NA,2024-11-05
Legislative,8,State Representative,Tenth Suffolk,10th Suffolk,58864,165426,2024-11-05,FALSE,26583,7039,338,1,110235,William Macgregor,William Macgregor (D-Boston),Boston,19206,1,Democratic,NA,NA,NA,NA,NA,110235,William Macgregor,William Macgregor (D-Boston),Boston,19206,1,NA,NA,NA,NA,NA,NA,NA,NA,NA,NA,NA,NA,NA,NA,NA,NA,NA,NA,NA,NA,2024-11-05
Legislative,8,State Representative,Eleventh Suffolk,11th Suffolk,58865,165458,2024-11-05,FALSE,9965,2739,32,1,88363,Judith A. Garcia,Judith A. Garcia (D-Chelsea),Chelsea,7194,1,Democratic,88363,Judith A. Garcia,Judith A. Garcia (D-Chelsea),Chelsea,Democratic,88363,Judith A. Garcia,Judith A. Garcia (D-Chelsea),Chelsea,7194,1,NA,NA,NA,NA,NA,NA,NA,NA,NA,NA,NA,NA,NA,NA,NA,NA,NA,NA,NA,NA,2024-11-05
Legislative,8,State Representative,Twelfth Suffolk,12th Suffolk,58866,165429,2024-11-05,FALSE,19170,3577,254,1,82228,Brandy Fluker Oakley,Brandy Fluker Oakley (D-Boston),Boston,15339,1,Democratic,82228,Brandy Fluker Oakley,Brandy Fluker Oakley (D-Boston),Boston,Democratic,82228,Brandy Fluker Oakley,Brandy Fluker Oakley (D-Boston),Boston,15339,1,NA,NA,NA,NA,NA,NA,NA,NA,NA,NA,NA,NA,NA,NA,NA,NA,NA,NA,NA,NA,2024-11-05
Legislative,8,State Representative,Thirteenth Suffolk,13th Suffolk,58867,165428,2024-11-05,FALSE,17609,4162,386,1,77947,Daniel J. Hunt,Daniel J. Hunt (D-Boston),Boston,13061,1,Democratic,77947,Daniel J. Hunt,Daniel J. Hunt (D-Boston),Boston,Democratic,77947,Daniel J. Hunt,Daniel J. Hunt (D-Boston),Boston,13061,1,NA,NA,NA,NA,NA,NA,NA,NA,NA,NA,NA,NA,NA,NA,NA,NA,NA,NA,NA,NA,2024-11-05
Legislative,8,State Representative,Fourteenth Suffolk,14th Suffolk,58868,165419,2024-11-05,FALSE,20598,3492,352,1,82224,Rob Consalvo,Rob Consalvo (D-Boston),Boston,16754,1,Democratic,82224,Rob Consalvo,Rob Consalvo (D-Boston),Boston,Democratic,82224,Rob Consalvo,Rob Consalvo (D-Boston),Boston,16754,1,NA,NA,NA,NA,NA,NA,NA,NA,NA,NA,NA,NA,NA,NA,NA,NA,NA,NA,NA,NA,2024-11-05
Legislative,8,State Representative,Fifteenth Suffolk,15th Suffolk,58869,165416,2024-11-05,FALSE,20322,3647,225,1,88341,Samantha Montaño,Samantha Montaño (D-Boston),Boston,16450,1,Democratic,88341,Samantha Montaño,Samantha Montaño (D-Boston),Boston,Democratic,88341,Samantha Montaño,Samantha Montaño (D-Boston),Boston,16450,1,NA,NA,NA,NA,NA,NA,NA,NA,NA,NA,NA,NA,NA,NA,NA,NA,NA,NA,NA,NA,2024-11-05
Legislative,8,State Representative,Sixteenth Suffolk,16th Suffolk,58870,165541,2024-11-05,FALSE,13630,4187,302,1,82240,Jessica Ann Giannino,Jessica Ann Giannino (D-Revere),Revere,9141,1,Democratic,82240,Jessica Ann Giannino,Jessica Ann Giannino (D-Revere),Revere,Democratic,82240,Jessica Ann Giannino,Jessica Ann Giannino (D-Revere),Revere,9141,1,NA,NA,NA,NA,NA,NA,NA,NA,NA,NA,NA,NA,NA,NA,NA,NA,NA,NA,NA,NA,2024-11-05
Legislative,8,State Representative,Seventeenth Suffolk,17th Suffolk,58871,165423,2024-11-05,FALSE,16969,2891,245,1,62953,Kevin G. Honan,Kevin G. Honan (D-Boston),Boston,13833,1,Democratic,62953,Kevin G. Honan,Kevin G. Honan (D-Boston),Boston,Democratic,62953,Kevin G. Honan,Kevin G. Honan (D-Boston),Boston,13833,1,NA,NA,NA,NA,NA,NA,NA,NA,NA,NA,NA,NA,NA,NA,NA,NA,NA,NA,NA,NA,2024-11-05
Legislative,8,State Representative,Eighteenth Suffolk,18th Suffolk,58872,165414,2024-11-05,FALSE,11742,2397,196,1,62954,Michael J. Moran,Michael J. Moran (D-Boston),Boston,9149,1,Democratic,62954,Michael J. Moran,Michael J. Moran (D-Boston),Boston,Democratic,62954,Michael J. Moran,Michael J. Moran (D-Boston),Boston,9149,1,NA,NA,NA,NA,NA,NA,NA,NA,NA,NA,NA,NA,NA,NA,NA,NA,NA,NA,NA,NA,2024-11-05
Legislative,8,State Representative,Nineteenth Suffolk,19th Suffolk,58873,165540,2024-11-05,FALSE,17227,4896,412,1,72209,Jeffrey Rosario Turco,Jeffrey Rosario Turco (D-Winthrop),Winthrop,11919,1,Democratic,72209,Jeffrey Rosario Turco,Jeffrey Rosario Turco (D-Winthrop),Winthrop,Democratic,72209,Jeffrey Rosario Turco,Jeffrey Rosario Turco (D-Winthrop),Winthrop,11919,1,NA,NA,NA,NA,NA,NA,NA,NA,NA,NA,NA,NA,NA,NA,NA,NA,NA,NA,NA,NA,2024-11-05
Legislative,8,State Representative,First Worcester,1st Worcester,58874,165499,2024-11-05,FALSE,29575,3231,28,2,62956,Kimberly N. Ferguson,Kimberly N. Ferguson (R-Holden),Holden,18371,0.6980924152606779,Republican,62956,Kimberly N. Ferguson,Kimberly N. Ferguson (R-Holden),Holden,Republican,NA,NA,NA,NA,NA,NA,62956,Kimberly N. Ferguson,Kimberly N. Ferguson (R-Holden),Holden,18371,0.6980924152606779,110426,Anthony L. Ferrante,Anthony L. Ferrante (U-Holden),Holden,7945,0.3019075847393221,Unenrolled,NA,NA,NA,NA,NA,NA,NA,2024-11-05
Legislative,8,State Representative,Second Worcester,2nd Worcester,58875,165359,2024-11-05,FALSE,21630,911,25,2,74568,Jonathan D. Zlotnik,Jonathan D. Zlotnik (D-Gardner),Gardner,10812,0.5224702812409394,Democratic,74568,Jonathan D. Zlotnik,Jonathan D. Zlotnik (D-Gardner),Gardner,Democratic,74568,Jonathan D. Zlotnik,Jonathan D. Zlotnik (D-Gardner),Gardner,10812,0.5224702812409394,82175,Bruce K. Chester,Bruce K. Chester (R-Gardner),Gardner,9882,0.4775297187590606,NA,NA,NA,NA,NA,NA,NA,NA,NA,NA,NA,NA,NA,NA,2024-11-05
Legislative,8,State Representative,Third Worcester,3rd Worcester,58876,165485,2024-11-05,FALSE,17654,4081,475,1,78496,Michael P. Kushmerek,Michael P. Kushmerek (D-Fitchburg),Fitchburg,13098,1,Democratic,78496,Michael P. Kushmerek,Michael P. Kushmerek (D-Fitchburg),Fitchburg,Democratic,78496,Michael P. Kushmerek,Michael P. Kushmerek (D-Fitchburg),Fitchburg,13098,1,NA,NA,NA,NA,NA,NA,NA,NA,NA,NA,NA,NA,NA,NA,NA,NA,NA,NA,NA,NA,2024-11-05
Legislative,8,State Representative,Fourth Worcester,4th Worcester,58877,165505,2024-11-05,FALSE,21051,1241,2,2,78423,Natalie Higgins,Natalie Higgins (D-Leominster),Leominster,11390,0.5750201938610663,Democratic,78423,Natalie Higgins,Natalie Higgins (D-Leominster),Leominster,Democratic,78423,Natalie Higgins,Natalie Higgins (D-Leominster),Leominster,11390,0.5750201938610663,110262,Salvatore Perla,Salvatore Perla (R-Leominster),Leominster,8418,0.42497980613893377,NA,NA,NA,NA,NA,NA,NA,NA,NA,NA,NA,NA,NA,NA,2024-11-05
Legislative,8,State Representative,Fifth Worcester,5th Worcester,58878,165387,2024-11-05,FALSE,26259,5677,249,1,78024,"Donald R. Berthiaume, Jr","Donald R. Berthiaume, Jr (R-Spencer)",Spencer,20333,1,Republican,78024,"Donald R. Berthiaume, Jr","Donald R. Berthiaume, Jr (R-Spencer)",Spencer,Republican,NA,NA,NA,NA,NA,NA,78024,"Donald R. Berthiaume, Jr","Donald R. Berthiaume, Jr (R-Spencer)",Spencer,20333,1,NA,NA,NA,NA,NA,NA,NA,NA,NA,NA,NA,NA,NA,NA,2024-11-05
Legislative,8,State Representative,Sixth Worcester,6th Worcester,58879,165454,2024-11-05,FALSE,21353,1236,30,2,92851,"John J. Marsi, Jr","John J. Marsi, Jr (R-Dudley)",Dudley,12440,0.6193060188181411,Republican,92851,"John J. Marsi, Jr","John J. Marsi, Jr (R-Dudley)",Dudley,Republican,93238,Jeanne Renaud Costello,Jeanne Renaud Costello (D-Charlton),Charlton,7647,0.380693981181859,92851,"John J. Marsi, Jr","John J. Marsi, Jr (R-Dudley)",Dudley,12440,0.6193060188181411,NA,NA,NA,NA,NA,NA,NA,NA,NA,NA,NA,NA,NA,NA,2024-11-05
Legislative,8,State Representative,Seventh Worcester,7th Worcester,58880,165377,2024-11-05,FALSE,25649,1794,58,2,62972,Paul K. Frost,Paul K. Frost (R-Auburn),Auburn,16472,0.6921880909358322,Republican,62972,Paul K. Frost,Paul K. Frost (R-Auburn),Auburn,Republican,NA,NA,NA,NA,NA,NA,62972,Paul K. Frost,Paul K. Frost (R-Auburn),Auburn,16472,0.6921880909358322,78012,Terry Burke Dotson,Terry Burke Dotson (U-Millbury),Millbury,7325,0.3078119090641678,Unenrolled,NA,NA,NA,NA,NA,NA,NA,2024-11-05
Legislative,8,State Representative,Eighth Worcester,8th Worcester,58881,165394,2024-11-05,FALSE,25774,5392,328,1,78013,Michael J. Soter,Michael J. Soter (R-Bellingham),Bellingham,20054,1,Republican,78013,Michael J. Soter,Michael J. Soter (R-Bellingham),Bellingham,Republican,NA,NA,NA,NA,NA,NA,78013,Michael J. Soter,Michael J. Soter (R-Bellingham),Bellingham,20054,1,NA,NA,NA,NA,NA,NA,NA,NA,NA,NA,NA,NA,NA,NA,2024-11-05
Legislative,8,State Representative,Ninth Worcester,9th Worcester,58882,165492,2024-11-05,FALSE,26044,5947,298,1,110261,"David Kent Muradian, Jr","David Kent Muradian, Jr (R-Grafton)",Grafton,19799,1,Republican,NA,NA,NA,NA,NA,NA,NA,NA,NA,NA,NA,110261,"David Kent Muradian, Jr","David Kent Muradian, Jr (R-Grafton)",Grafton,19799,1,NA,NA,NA,NA,NA,NA,NA,NA,NA,NA,NA,NA,NA,NA,2024-11-05
Legislative,8,State Representative,Tenth Worcester,10th Worcester,58883,165501,2024-11-05,FALSE,21657,6124,425,1,88394,Brian William Murray,Brian William Murray (D-Milford),Milford,15108,1,Democratic,88394,Brian William Murray,Brian William Murray (D-Milford),Milford,Democratic,88394,Brian William Murray,Brian William Murray (D-Milford),Milford,15108,1,NA,NA,NA,NA,NA,NA,NA,NA,NA,NA,NA,NA,NA,NA,NA,NA,NA,NA,NA,NA,2024-11-05
Legislative,8,State Representative,Eleventh Worcester,11th Worcester,58884,165543,2024-11-05,FALSE,21736,5165,178,1,78173,Hannah E. Kane,Hannah E. Kane (R-Shrewsbury),Shrewsbury,16393,1,Republican,78173,Hannah E. Kane,Hannah E. Kane (R-Shrewsbury),Shrewsbury,Republican,NA,NA,NA,NA,NA,NA,78173,Hannah E. Kane,Hannah E. Kane (R-Shrewsbury),Shrewsbury,16393,1,NA,NA,NA,NA,NA,NA,NA,NA,NA,NA,NA,NA,NA,NA,2024-11-05
Legislative,8,State Representative,Twelfth Worcester,12th Worcester,58885,165399,2024-11-05,FALSE,25597,6468,445,1,82215,Meghan Kilcoyne,Meghan Kilcoyne (D-Clinton),Clinton,18684,1,Democratic,82215,Meghan Kilcoyne,Meghan Kilcoyne (D-Clinton),Clinton,Democratic,82215,Meghan Kilcoyne,Meghan Kilcoyne (D-Clinton),Clinton,18684,1,NA,NA,NA,NA,NA,NA,NA,NA,NA,NA,NA,NA,NA,NA,NA,NA,NA,NA,NA,NA,2024-11-05
Legislative,8,State Representative,Thirteenth Worcester,13th Worcester,58886,165556,2024-11-05,FALSE,18773,3905,464,1,62988,"John J. Mahoney, Jr.","John J. Mahoney, Jr. (D-Worcester)",Worcester,14404,1,Democratic,62988,"John J. Mahoney, Jr.","John J. Mahoney, Jr. (D-Worcester)",Worcester,Democratic,62988,"John J. Mahoney, Jr.","John J. Mahoney, Jr. (D-Worcester)",Worcester,14404,1,NA,NA,NA,NA,NA,NA,NA,NA,NA,NA,NA,NA,NA,NA,NA,NA,NA,NA,NA,NA,2024-11-05
Legislative,8,State Representative,Fourteenth Worcester,14th Worcester,58887,165552,2024-11-05,FALSE,18393,3951,490,1,73608,James J. O'Day,James J. O'Day (D-West Boylston),West Boylston,13952,1,Democratic,73608,James J. O'Day,James J. O'Day (D-West Boylston),West Boylston,Democratic,73608,James J. O'Day,James J. O'Day (D-West Boylston),West Boylston,13952,1,NA,NA,NA,NA,NA,NA,NA,NA,NA,NA,NA,NA,NA,NA,NA,NA,NA,NA,NA,NA,2024-11-05
Legislative,8,State Representative,Fifteenth Worcester,15th Worcester,58888,165554,2024-11-05,FALSE,10287,1947,321,1,74630,Mary S. Keefe,Mary S. Keefe (D-Worcester),Worcester,8019,1,Democratic,74630,Mary S. Keefe,Mary S. Keefe (D-Worcester),Worcester,Democratic,74630,Mary S. Keefe,Mary S. Keefe (D-Worcester),Worcester,8019,1,NA,NA,NA,NA,NA,NA,NA,NA,NA,NA,NA,NA,NA,NA,NA,NA,NA,NA,NA,NA,2024-11-05
Legislative,8,State Representative,Sixteenth Worcester,16th Worcester,58889,165555,2024-11-05,FALSE,13165,2575,433,1,77866,Daniel M. Donahue,Daniel M. Donahue (D-Worcester),Worcester,10157,1,Democratic,77866,Daniel M. Donahue,Daniel M. Donahue (D-Worcester),Worcester,Democratic,77866,Daniel M. Donahue,Daniel M. Donahue (D-Worcester),Worcester,10157,1,NA,NA,NA,NA,NA,NA,NA,NA,NA,NA,NA,NA,NA,NA,NA,NA,NA,NA,NA,NA,2024-11-05
Legislative,8,State Representative,Seventeenth Worcester,17th Worcester,58890,165504,2024-11-05,FALSE,13326,2967,477,1,78671,David Henry Argosky Leboeuf,David Henry Argosky Leboeuf (D-Worcester),Worcester,9882,1,Democratic,78671,David Henry Argosky Leboeuf,David Henry Argosky Leboeuf (D-Worcester),Worcester,Democratic,78671,David Henry Argosky Leboeuf,David Henry Argosky Leboeuf (D-Worcester),Worcester,9882,1,NA,NA,NA,NA,NA,NA,NA,NA,NA,NA,NA,NA,NA,NA,NA,NA,NA,NA,NA,NA,2024-11-05
Legislative,8,State Representative,Eighteenth Worcester,18th Worcester,58891,165470,2024-11-05,FALSE,26562,5798,220,1,78070,Joseph D. Mckenna,Joseph D. Mckenna (R-Sutton),Sutton,20544,1,Republican,78070,Joseph D. Mckenna,Joseph D. Mckenna (R-Sutton),Sutton,Republican,NA,NA,NA,NA,NA,NA,78070,Joseph D. Mckenna,Joseph D. Mckenna (R-Sutton),Sutton,20544,1,NA,NA,NA,NA,NA,NA,NA,NA,NA,NA,NA,NA,NA,NA,2024-11-05
Legislative,8,State Representative,"Barnstable, Dukes and Nantucket","Barnstable, Dukes and Nantucket",62910,165351,2024-11-05,FALSE,27086,5771,240,1,80804,Thomas W. Moakley,Thomas W. Moakley (D-Falmouth),Falmouth,21075,1,Democratic,NA,NA,NA,NA,NA,80804,Thomas W. Moakley,Thomas W. Moakley (D-Falmouth),Falmouth,21075,1,NA,NA,NA,NA,NA,NA,NA,NA,NA,NA,NA,NA,NA,NA,NA,NA,NA,NA,NA,NA,2024-11-05
Legislative,8,State Representative,Nineteenth Worcester,19th Worcester,64670,165488,2024-11-05,FALSE,23226,1936,61,2,74316,Kate Donaghue,Kate Donaghue (D-Westborough),Westborough,16497,0.777097366809553,Democratic,74316,Kate Donaghue,Kate Donaghue (D-Westborough),Westborough,Democratic,74316,Kate Donaghue,Kate Donaghue (D-Westborough),Westborough,16497,0.777097366809553,NA,NA,NA,NA,NA,NA,110425,Boyd Stewart Conklin,Boyd Stewart Conklin (U-Westborough),Westborough,4732,0.22290263319044704,Unenrolled,NA,NA,NA,NA,NA,NA,NA,2024-11-05
Legislative,9,State Senate,Second Essex,2nd Essex,55780,165402,2024-11-05,FALSE,92945,5937,86,2,72640,Joan B. Lovely,Joan B. Lovely (D-Salem),Salem,58109,0.6685189020040956,Democratic,72640,Joan B. Lovely,Joan B. Lovely (D-Salem),Salem,Democratic,72640,Joan B. Lovely,Joan B. Lovely (D-Salem),Salem,58109,0.6685189020040956,110223,Damian Mitchell Anketell,Damian Mitchell Anketell (R-Peabody),Peabody,28813,0.33148109799590436,NA,NA,NA,NA,NA,NA,NA,NA,NA,NA,NA,NA,NA,NA,2024-11-05
Legislative,9,State Senate,Bristol and Norfolk,Bristol and Norfolk,58695,165376,2024-11-05,FALSE,101693,17348,432,2,73554,Paul R. Feeney,Paul R. Feeney (D-Foxborough),Foxborough,61252,0.729946492200255,Democratic,73554,Paul R. Feeney,Paul R. Feeney (D-Foxborough),Foxborough,Democratic,73554,Paul R. Feeney,Paul R. Feeney (D-Foxborough),Foxborough,61252,0.729946492200255,NA,NA,NA,NA,NA,NA,89486,Laura L. Saylor,Laura L. Saylor (Other-Mansfield),Mansfield,22661,0.27005350779974496,Workers Party,NA,NA,NA,NA,NA,NA,NA,2024-11-05
Legislative,9,State Senate,First Bristol and Plymouth,1st Bristol and Plymouth,58696,165484,2024-11-05,FALSE,80709,23986,1346,1,63004,Michael J. Rodrigues,Michael J. Rodrigues (D-Westport),Westport,55377,1,Democratic,63004,Michael J. Rodrigues,Michael J. Rodrigues (D-Westport),Westport,Democratic,63004,Michael J. Rodrigues,Michael J. Rodrigues (D-Westport),Westport,55377,1,NA,NA,NA,NA,NA,NA,NA,NA,NA,NA,NA,NA,NA,NA,NA,NA,NA,NA,NA,NA,2024-11-05
Legislative,9,State Senate,Second Bristol and Plymouth,2nd Bristol and Plymouth,58697,165319,2024-11-05,FALSE,74345,17198,1229,1,63005,Mark C. Montigny,Mark C. Montigny (D-New Bedford),New Bedford,55918,1,Democratic,63005,Mark C. Montigny,Mark C. Montigny (D-New Bedford),New Bedford,Democratic,63005,Mark C. Montigny,Mark C. Montigny (D-New Bedford),New Bedford,55918,1,NA,NA,NA,NA,NA,NA,NA,NA,NA,NA,NA,NA,NA,NA,NA,NA,NA,NA,NA,NA,2024-11-05
Legislative,9,State Senate,Cape and Islands,Cape and Islands,58698,165352,2024-11-05,FALSE,110960,4780,158,3,78365,Julian Andre Cyr,Julian Andre Cyr (D-Provincetown),Provincetown,64636,0.6096470543849389,Democratic,78365,Julian Andre Cyr,Julian Andre Cyr (D-Provincetown),Provincetown,Democratic,78365,Julian Andre Cyr,Julian Andre Cyr (D-Provincetown),Provincetown,64636,0.6096470543849389,88309,Christopher Robert Lauzon,Christopher Robert Lauzon (R-Barnstable),Barnstable,38893,0.3668389579521231,62656,Joe Van Nes,Joe Van Nes (U-West Tisbury),West Tisbury,2493,0.02351398766293788,Unenrolled,NA,NA,NA,NA,NA,NA,NA,2024-11-05
Legislative,9,State Senate,First Essex,1st Essex,58699,165497,2024-11-05,FALSE,53552,12405,1515,1,77996,Pavel M. Payano,Pavel M. Payano (D-Lawrence),Lawrence,39632,1,Democratic,77996,Pavel M. Payano,Pavel M. Payano (D-Lawrence),Lawrence,Democratic,77996,Pavel M. Payano,Pavel M. Payano (D-Lawrence),Lawrence,39632,1,NA,NA,NA,NA,NA,NA,NA,NA,NA,NA,NA,NA,NA,NA,NA,NA,NA,NA,NA,NA,2024-11-05
Legislative,9,State Senate,First Essex and Middlesex,1st Essex and Middlesex,58700,165437,2024-11-05,FALSE,117202,27172,1112,1,63016,Bruce E. Tarr,Bruce E. Tarr (R-Gloucester),Gloucester,88918,1,Republican,63016,Bruce E. Tarr,Bruce E. Tarr (R-Gloucester),Gloucester,Republican,NA,NA,NA,NA,NA,NA,63016,Bruce E. Tarr,Bruce E. Tarr (R-Gloucester),Gloucester,88918,1,NA,NA,NA,NA,NA,NA,NA,NA,NA,NA,NA,NA,NA,NA,2024-11-05
Legislative,9,State Senate,Second Essex and Middlesex,2nd Essex and Middlesex,58701,165339,2024-11-05,FALSE,105036,30064,1208,1,63017,Barry R. Finegold,Barry R. Finegold (D-Andover),Andover,73764,1,Democratic,63017,Barry R. Finegold,Barry R. Finegold (D-Andover),Andover,Democratic,63017,Barry R. Finegold,Barry R. Finegold (D-Andover),Andover,73764,1,NA,NA,NA,NA,NA,NA,NA,NA,NA,NA,NA,NA,NA,NA,NA,NA,NA,NA,NA,NA,2024-11-05
Legislative,9,State Senate,Hampden,Hampden,58703,165462,2024-11-05,FALSE,54302,9751,1340,1,82246,Adam Gomez,Adam Gomez (D-Springfield),Springfield,43211,1,Democratic,82246,Adam Gomez,Adam Gomez (D-Springfield),Springfield,Democratic,82246,Adam Gomez,Adam Gomez (D-Springfield),Springfield,43211,1,NA,NA,NA,NA,NA,NA,NA,NA,NA,NA,NA,NA,NA,NA,NA,NA,NA,NA,NA,NA,2024-11-05
Legislative,9,State Senate,First Middlesex,1st Middlesex,58707,165473,2024-11-05,FALSE,70213,5757,147,2,72703,Edward J. Kennedy,Edward J. Kennedy (D-Lowell),Lowell,40887,0.6357897028409709,Democratic,72703,Edward J. Kennedy,Edward J. Kennedy (D-Lowell),Lowell,Democratic,72703,Edward J. Kennedy,Edward J. Kennedy (D-Lowell),Lowell,40887,0.6357897028409709,110253,Karla J. Miller,Karla J. Miller (R-Lowell),Lowell,23422,0.3642102971590291,NA,NA,NA,NA,NA,NA,NA,NA,NA,NA,NA,NA,NA,NA,2024-11-05
Legislative,9,State Senate,Second Middlesex,2nd Middlesex,58708,165452,2024-11-05,FALSE,91329,17914,1183,1,63040,Patricia D. Jehlen,Patricia D. Jehlen (D-Somerville),Somerville,72232,1,Democratic,63040,Patricia D. Jehlen,Patricia D. Jehlen (D-Somerville),Somerville,Democratic,63040,Patricia D. Jehlen,Patricia D. Jehlen (D-Somerville),Somerville,72232,1,NA,NA,NA,NA,NA,NA,NA,NA,NA,NA,NA,NA,NA,NA,NA,NA,NA,NA,NA,NA,2024-11-05
Legislative,9,State Senate,Third Middlesex,3rd Middlesex,58709,165391,2024-11-05,FALSE,89224,23542,496,1,68354,Michael J. Barrett,Michael J. Barrett (D-Lexington),Lexington,65186,1,Democratic,68354,Michael J. Barrett,Michael J. Barrett (D-Lexington),Lexington,Democratic,68354,Michael J. Barrett,Michael J. Barrett (D-Lexington),Lexington,65186,1,NA,NA,NA,NA,NA,NA,NA,NA,NA,NA,NA,NA,NA,NA,NA,NA,NA,NA,NA,NA,2024-11-05
Legislative,9,State Senate,Fourth Middlesex,4th Middlesex,58710,165356,2024-11-05,FALSE,100951,29256,1235,1,78484,Cindy F. Friedman,Cindy F. Friedman (D-Arlington),Arlington,70460,1,Democratic,78484,Cindy F. Friedman,Cindy F. Friedman (D-Arlington),Arlington,Democratic,78484,Cindy F. Friedman,Cindy F. Friedman (D-Arlington),Arlington,70460,1,NA,NA,NA,NA,NA,NA,NA,NA,NA,NA,NA,NA,NA,NA,NA,NA,NA,NA,NA,NA,2024-11-05
Legislative,9,State Senate,Middlesex and Worcester,Middlesex and Worcester,58715,165312,2024-11-05,FALSE,100279,24174,927,1,63052,James B. Eldridge,James B. Eldridge (D-Marlborough),Marlborough,75178,1,Democratic,63052,James B. Eldridge,James B. Eldridge (D-Marlborough),Marlborough,Democratic,63052,James B. Eldridge,James B. Eldridge (D-Marlborough),Marlborough,75178,1,NA,NA,NA,NA,NA,NA,NA,NA,NA,NA,NA,NA,NA,NA,NA,NA,NA,NA,NA,NA,2024-11-05
Legislative,9,State Senate,Norfolk and Plymouth,Norfolk and Plymouth,58718,165305,2024-11-05,FALSE,82998,20582,1325,1,63059,John F. Keenan,John F. Keenan (D-Quincy),Quincy,61091,1,Democratic,63059,John F. Keenan,John F. Keenan (D-Quincy),Quincy,Democratic,63059,John F. Keenan,John F. Keenan (D-Quincy),Quincy,61091,1,NA,NA,NA,NA,NA,NA,NA,NA,NA,NA,NA,NA,NA,NA,NA,NA,NA,NA,NA,NA,2024-11-05
Legislative,9,State Senate,Plymouth and Barnstable,Plymouth and Barnstable,58719,165436,2024-11-05,FALSE,121991,6412,107,2,78361,Dylan A. Fernandes,Dylan A. Fernandes (D-Falmouth),Falmouth,59137,0.5121328114174865,Democratic,NA,NA,NA,NA,NA,78361,Dylan A. Fernandes,Dylan A. Fernandes (D-Falmouth),Falmouth,59137,0.5121328114174865,78121,Mathew J. Muratore,Mathew J. Muratore (R-Plymouth),Plymouth,56335,0.4878671885825135,NA,NA,NA,NA,NA,NA,NA,NA,NA,NA,NA,NA,NA,NA,2024-11-05
Legislative,9,State Senate,First Suffolk,1st Suffolk,58723,165430,2024-11-05,FALSE,78815,16251,1437,1,82229,Nicholas P. Collins,Nicholas P. Collins (D-Boston),Boston,61127,1,Democratic,82229,Nicholas P. Collins,Nicholas P. Collins (D-Boston),Boston,Democratic,82229,Nicholas P. Collins,Nicholas P. Collins (D-Boston),Boston,61127,1,NA,NA,NA,NA,NA,NA,NA,NA,NA,NA,NA,NA,NA,NA,NA,NA,NA,NA,NA,NA,2024-11-05
Legislative,9,State Senate,Second Suffolk,2nd Suffolk,58724,165433,2024-11-05,FALSE,62255,9286,897,1,78618,Liz Miranda,Liz Miranda (D-Boston),Boston,52072,1,Democratic,78618,Liz Miranda,Liz Miranda (D-Boston),Boston,Democratic,78618,Liz Miranda,Liz Miranda (D-Boston),Boston,52072,1,NA,NA,NA,NA,NA,NA,NA,NA,NA,NA,NA,NA,NA,NA,NA,NA,NA,NA,NA,NA,2024-11-05
Legislative,9,State Senate,First Worcester,1st Worcester,58728,165400,2024-11-05,FALSE,64798,13654,1531,1,88332,Robyn K. Kennedy,Robyn K. Kennedy (D-Worcester),Worcester,49613,1,Democratic,88332,Robyn K. Kennedy,Robyn K. Kennedy (D-Worcester),Worcester,Democratic,88332,Robyn K. Kennedy,Robyn K. Kennedy (D-Worcester),Worcester,49613,1,NA,NA,NA,NA,NA,NA,NA,NA,NA,NA,NA,NA,NA,NA,NA,NA,NA,NA,NA,NA,2024-11-05
Legislative,9,State Senate,Second Worcester,2nd Worcester,58729,165378,2024-11-05,FALSE,77301,16563,1052,1,63084,Michael O. Moore,Michael O. Moore (D-Millbury),Millbury,59686,1,Democratic,63084,Michael O. Moore,Michael O. Moore (D-Millbury),Millbury,Democratic,63084,Michael O. Moore,Michael O. Moore (D-Millbury),Millbury,59686,1,NA,NA,NA,NA,NA,NA,NA,NA,NA,NA,NA,NA,NA,NA,NA,NA,NA,NA,NA,NA,2024-11-05
Legislative,9,State Senate,Worcester and Middlesex,Worcester and Middlesex,58731,165362,2024-11-05,FALSE,89688,4594,100,2,82218,John J. Cronin,John J. Cronin (D-Fitchburg),Fitchburg,50235,0.5910417205920417,Democratic,82218,John J. Cronin,John J. Cronin (D-Fitchburg),Fitchburg,Democratic,82218,John J. Cronin,John J. Cronin (D-Fitchburg),Fitchburg,50235,0.5910417205920417,110210,"Nicholas A. Pirro, III","Nicholas A. Pirro, III (R-Lunenburg)",Lunenburg,34759,0.4089582794079582,NA,NA,NA,NA,NA,NA,NA,NA,NA,NA,NA,NA,NA,NA,2024-11-05
Legislative,9,State Senate,Middlesex and Suffolk,Middlesex and Suffolk,64656,165431,2024-11-05,FALSE,60443,12594,736,1,73704,Sal N. DiDomenico,Sal N. DiDomenico (D-Everett),Everett,47113,1,Democratic,73704,Sal N. DiDomenico,Sal N. DiDomenico (D-Everett),Everett,Democratic,73704,Sal N. DiDomenico,Sal N. DiDomenico (D-Everett),Everett,47113,1,NA,NA,NA,NA,NA,NA,NA,NA,NA,NA,NA,NA,NA,NA,NA,NA,NA,NA,NA,NA,2024-11-05
Legislative,9,State Senate,Fifth Middlesex,5th Middlesex,64661,165519,2024-11-05,FALSE,93352,29088,1043,1,62845,Jason M. Lewis,Jason M. Lewis (D-Winchester),Winchester,63221,1,Democratic,62845,Jason M. Lewis,Jason M. Lewis (D-Winchester),Winchester,Democratic,62845,Jason M. Lewis,Jason M. Lewis (D-Winchester),Winchester,63221,1,NA,NA,NA,NA,NA,NA,NA,NA,NA,NA,NA,NA,NA,NA,NA,NA,NA,NA,NA,NA,2024-11-05
Legislative,9,State Senate,Hampden and Hampshire,Hampden and Hampshire,64692,165330,2024-11-05,FALSE,82240,19074,831,1,77955,John C. Velis,John C. Velis (D-Westfield),Westfield,62335,1,Democratic,77955,John C. Velis,John C. Velis (D-Westfield),Westfield,Democratic,77955,John C. Velis,John C. Velis (D-Westfield),Westfield,62335,1,NA,NA,NA,NA,NA,NA,NA,NA,NA,NA,NA,NA,NA,NA,NA,NA,NA,NA,NA,NA,2024-11-05
Legislative,9,State Senate,Middlesex and Norfolk,Middlesex and Norfolk,64693,165369,2024-11-05,FALSE,89580,19595,1223,1,63051,Karen E. Spilka,Karen E. Spilka (D-Ashland),Ashland,68762,1,Democratic,63051,Karen E. Spilka,Karen E. Spilka (D-Ashland),Ashland,Democratic,63051,Karen E. Spilka,Karen E. Spilka (D-Ashland),Ashland,68762,1,NA,NA,NA,NA,NA,NA,NA,NA,NA,NA,NA,NA,NA,NA,NA,NA,NA,NA,NA,NA,2024-11-05
Legislative,9,State Senate,Third Essex,3rd Essex,64702,165514,2024-11-05,FALSE,80765,23058,1277,1,110265,Brendan Peter Crighton,Brendan Peter Crighton (D-Lynn),Lynn,56430,1,Democratic,NA,NA,NA,NA,NA,110265,Brendan Peter Crighton,Brendan Peter Crighton (D-Lynn),Lynn,56430,1,NA,NA,NA,NA,NA,NA,NA,NA,NA,NA,NA,NA,NA,NA,NA,NA,NA,NA,NA,NA,2024-11-05
Legislative,9,State Senate,Norfolk and Suffolk,Norfolk and Suffolk,64862,165432,2024-11-05,FALSE,101154,27513,1289,1,63079,Michael F. Rush,Michael F. Rush (D-Boston),Boston,72352,1,Democratic,63079,Michael F. Rush,Michael F. Rush (D-Boston),Boston,Democratic,63079,Michael F. Rush,Michael F. Rush (D-Boston),Boston,72352,1,NA,NA,NA,NA,NA,NA,NA,NA,NA,NA,NA,NA,NA,NA,NA,NA,NA,NA,NA,NA,2024-11-05
Legislative,9,State Senate,Suffolk and Middlesex,Suffolk and Middlesex,64878,165396,2024-11-05,FALSE,72009,14509,685,1,62833,William N. Brownsberger,William N. Brownsberger (D-Belmont),Belmont,56815,1,Democratic,62833,William N. Brownsberger,William N. Brownsberger (D-Belmont),Belmont,Democratic,62833,William N. Brownsberger,William N. Brownsberger (D-Belmont),Belmont,56815,1,NA,NA,NA,NA,NA,NA,NA,NA,NA,NA,NA,NA,NA,NA,NA,NA,NA,NA,NA,NA,2024-11-05
Legislative,9,State Senate,Third Suffolk,3rd Suffolk,64948,165434,2024-11-05,FALSE,67517,7865,281,2,78304,Lydia Marie Edwards,Lydia Marie Edwards (D-Boston),Boston,41690,0.7021946741675229,Democratic,78304,Lydia Marie Edwards,Lydia Marie Edwards (D-Boston),Boston,Democratic,78304,Lydia Marie Edwards,Lydia Marie Edwards (D-Boston),Boston,41690,0.7021946741675229,93099,Jeannamarie Tamas,Jeannamarie Tamas (R-Winthrop),Winthrop,17681,0.29780532583247715,NA,NA,NA,NA,NA,NA,NA,NA,NA,NA,NA,NA,NA,NA,2024-11-05
Legislative,9,State Senate,"Hampshire, Franklin and Worcester","Hampshire, Franklin and Worcester",64949,165345,2024-11-05,FALSE,84841,16775,988,1,88299,Jo Comerford,Jo Comerford (D-Northampton),Northampton,67078,1,Democratic,88299,Jo Comerford,Jo Comerford (D-Northampton),Northampton,Democratic,88299,Jo Comerford,Jo Comerford (D-Northampton),Northampton,67078,1,NA,NA,NA,NA,NA,NA,NA,NA,NA,NA,NA,NA,NA,NA,NA,NA,NA,NA,NA,NA,2024-11-05
Legislative,9,State Senate,"Berkshire, Hampden, Franklin & Hampshire","Berkshire, Hampden, Franklin & Hampshire",65020,165325,2024-11-05,FALSE,94981,7170,68,2,62674,Paul W. Mark,Paul W. Mark (D-Becket),Becket,62249,0.7094469074456082,Democratic,62674,Paul W. Mark,Paul W. Mark (D-Becket),Becket,Democratic,62674,Paul W. Mark,Paul W. Mark (D-Becket),Becket,62249,0.7094469074456082,74576,David A. Rosa,David A. Rosa (R-Dighton),Dighton,25494,0.2905530925543918,NA,NA,NA,NA,NA,NA,NA,NA,NA,NA,NA,NA,NA,NA,2024-11-05
Legislative,9,State Senate,Second Plymouth & Norfolk,Second Plymouth & Norfolk,65021,165382,2024-11-05,FALSE,73710,17457,487,1,62910,Michael D. Brady,Michael D. Brady (D-Brockton),Brockton,55766,1,Democratic,62910,Michael D. Brady,Michael D. Brady (D-Brockton),Brockton,Democratic,62910,Michael D. Brady,Michael D. Brady (D-Brockton),Brockton,55766,1,NA,NA,NA,NA,NA,NA,NA,NA,NA,NA,NA,NA,NA,NA,NA,NA,NA,NA,NA,NA,2024-11-05
Legislative,9,State Senate,Worcester & Hampshire,Worcester & Hampshire,65022,165388,2024-11-05,FALSE,94465,4494,160,2,62970,Peter J. Durant,Peter J. Durant (R-Spencer),Spencer,52465,0.5841712039727873,Republican,62970,Peter J. Durant,Peter J. Durant (R-Spencer),Spencer,Republican,93048,Sheila H. Dibb,Sheila H. Dibb (D-Rutland),Rutland,37346,0.4158287960272127,62970,Peter J. Durant,Peter J. Durant (R-Spencer),Spencer,52465,0.5841712039727873,NA,NA,NA,NA,NA,NA,NA,NA,NA,NA,NA,NA,NA,NA,2024-11-05
Legislative,9,State Senate,"Hampden, Hampshire & Worcester","Hampden, Hampshire & Worcester",65023,165393,2024-11-05,FALSE,95655,25855,1380,1,82211,Jacob R. Oliveira,Jacob R. Oliveira (D-Ludlow),Ludlow,68420,1,Democratic,82211,Jacob R. Oliveira,Jacob R. Oliveira (D-Ludlow),Ludlow,Democratic,82211,Jacob R. Oliveira,Jacob R. Oliveira (D-Ludlow),Ludlow,68420,1,NA,NA,NA,NA,NA,NA,NA,NA,NA,NA,NA,NA,NA,NA,NA,NA,NA,NA,NA,NA,2024-11-05
Legislative,9,State Senate,"Norfolk, Worcester & Middlesex","Norfolk, Worcester & Middlesex",65024,165395,2024-11-05,FALSE,105151,7675,184,2,78595,Rebecca L. Rausch,Rebecca L. Rausch (D-Needham),Needham,57309,0.5890412366895531,Democratic,78595,Rebecca L. Rausch,Rebecca L. Rausch (D-Needham),Needham,Democratic,78595,Rebecca L. Rausch,Rebecca L. Rausch (D-Needham),Needham,57309,0.5890412366895531,88316,Dashe M. Videira,Dashe M. Videira (R-Franklin),Franklin,39983,0.4109587633104469,NA,NA,NA,NA,NA,NA,NA,NA,NA,NA,NA,NA,NA,NA,2024-11-05
Legislative,9,State Senate,Third Bristol & Plymouth,Third Bristol & Plymouth,65025,165398,2024-11-05,FALSE,101474,6737,86,3,80808,Kelly A. Dooner,Kelly A. Dooner (R-Taunton),Taunton,45777,0.48363989815215896,Republican,NA,NA,NA,NA,NA,110221,Joseph Richard Pacheco,Joseph Richard Pacheco (D-Raynham),Raynham,44137,0.4663130870249654,80808,Kelly A. Dooner,Kelly A. Dooner (R-Taunton),Taunton,45777,0.48363989815215896,68421,James B. Dupont,James B. Dupont (U-Raynham),Raynham,4737,0.05004701482287561,Unenrolled,NA,NA,NA,NA,NA,NA,NA,2024-11-05
Legislative,9,State Senate,Worcester & Hampden,Worcester & Hampden,65026,165405,2024-11-05,FALSE,104460,4958,153,2,62997,Ryan C. Fattman,Ryan C. Fattman (R-Sutton),Sutton,65438,0.6586679282126644,Republican,62997,Ryan C. Fattman,Ryan C. Fattman (R-Sutton),Sutton,Republican,110226,Anthony Jm Allard,Anthony Jm Allard (D-Monson),Monson,33911,0.34133207178733554,62997,Ryan C. Fattman,Ryan C. Fattman (R-Sutton),Sutton,65438,0.6586679282126644,NA,NA,NA,NA,NA,NA,NA,NA,NA,NA,NA,NA,NA,NA,2024-11-05
Legislative,9,State Senate,"Norfolk, Plymouth & Bristol","Norfolk, Plymouth & Bristol",65027,165439,2024-11-05,FALSE,89990,25835,1010,1,78434,"William J. Driscoll, Jr","William J. Driscoll, Jr (D-Milton)",Milton,63145,1,Democratic,NA,NA,NA,NA,NA,78434,"William J. Driscoll, Jr","William J. Driscoll, Jr (D-Milton)",Milton,63145,1,NA,NA,NA,NA,NA,NA,NA,NA,NA,NA,NA,NA,NA,NA,NA,NA,NA,NA,NA,NA,2024-11-05
Legislative,9,State Senate,Norfolk & Middlesex,Norfolk & Middlesex,65028,165448,2024-11-05,FALSE,91459,22533,924,1,63048,Cynthia Stone Creem,Cynthia Stone Creem (D-Newton),Newton,68002,1,Democratic,63048,Cynthia Stone Creem,Cynthia Stone Creem (D-Newton),Newton,Democratic,63048,Cynthia Stone Creem,Cynthia Stone Creem (D-Newton),Newton,68002,1,NA,NA,NA,NA,NA,NA,NA,NA,NA,NA,NA,NA,NA,NA,NA,NA,NA,NA,NA,NA,2024-11-05
Legislative,9,State Senate,First Plymouth & Norfolk,First Plymouth & Norfolk,65029,165464,2024-11-05,FALSE,109098,25443,935,1,71766,Patrick A. O'Connor,Patrick A. O'Connor (R-Weymouth),Weymouth,82720,1,Republican,NA,NA,NA,NA,NA,NA,NA,NA,NA,NA,NA,71766,Patrick A. O'Connor,Patrick A. O'Connor (R-Weymouth),Weymouth,82720,1,NA,NA,NA,NA,NA,NA,NA,NA,NA,NA,NA,NA,NA,NA,2024-11-05
Executive,529,Governor's Council,First,1st,64603,165314,2024-11-05,FALSE,489479,60540,1119,2,77974,Joseph C. Ferreira,Joseph C. Ferreira (D-Swansea),Swansea,242015,0.565693515964658,Democratic,77974,Joseph C. Ferreira,Joseph C. Ferreira (D-Swansea),Swansea,Democratic,77974,Joseph C. Ferreira,Joseph C. Ferreira (D-Swansea),Swansea,242015,0.565693515964658,NA,NA,NA,NA,NA,NA,110407,Krysten Condon,Krysten Condon (U-Wareham),Wareham,185805,0.43430648403534194,Unenrolled,NA,NA,NA,NA,NA,NA,NA,2024-11-05
Executive,529,Governor's Council,Second,2nd,64604,165367,2024-11-05,FALSE,460124,46507,521,2,82198,Tamisha L. Civil,Tamisha L. Civil (D-Stoughton),Stoughton,236666,0.5729079923310805,Democratic,NA,NA,NA,NA,NA,82198,Tamisha L. Civil,Tamisha L. Civil (D-Stoughton),Stoughton,236666,0.5729079923310805,68387,"Francis T. Crimmins, Jr","Francis T. Crimmins, Jr (R-Stoughton)",Stoughton,176430,0.4270920076689196,NA,NA,NA,NA,NA,NA,NA,NA,NA,NA,NA,NA,NA,NA,2024-11-05
Executive,529,Governor's Council,Third,3rd,64605,165307,2024-11-05,FALSE,453922,119196,4203,1,81003,Mara Dolan,Mara Dolan (D-Concord),Concord,330523,1,Democratic,NA,NA,NA,NA,NA,81003,Mara Dolan,Mara Dolan (D-Concord),Concord,330523,1,NA,NA,NA,NA,NA,NA,NA,NA,NA,NA,NA,NA,NA,NA,NA,NA,NA,NA,NA,NA,2024-11-05
Executive,529,Governor's Council,Fourth,4th,64606,165299,2024-11-05,FALSE,434320,108409,6459,1,71194,"Christopher A. Iannella, Jr.","Christopher A. Iannella, Jr. (D-Boston)",Boston,319452,1,Democratic,71194,"Christopher A. Iannella, Jr.","Christopher A. Iannella, Jr. (D-Boston)",Boston,Democratic,71194,"Christopher A. Iannella, Jr.","Christopher A. Iannella, Jr. (D-Boston)",Boston,319452,1,NA,NA,NA,NA,NA,NA,NA,NA,NA,NA,NA,NA,NA,NA,NA,NA,NA,NA,NA,NA,2024-11-05
Executive,529,Governor's Council,Fifth,5th,64607,165334,2024-11-05,FALSE,438948,48373,705,3,88391,Eunice Delice Zeigler,Eunice Delice Zeigler (D-Methuen),Methuen,184275,0.47265755251750585,Democratic,NA,NA,NA,NA,NA,88391,Eunice Delice Zeigler,Eunice Delice Zeigler (D-Methuen),Methuen,184275,0.47265755251750585,78344,Anne M. Manning-Martin,Anne M. Manning-Martin (R-Peabody),Peabody,158961,0.40772821709800705,110414,Jody A. Elliott,Jody A. Elliott (U-Salem),Salem,46634,0.11961423038448714,Unenrolled,NA,NA,NA,NA,NA,NA,NA,2024-11-05
Executive,529,Governor's Council,Sixth,6th,64608,165410,2024-11-05,FALSE,393406,105121,5449,1,73739,Terrence W. Kennedy,Terrence W. Kennedy (D-Lynnfield),Lynnfield,282836,1,Democratic,73739,Terrence W. Kennedy,Terrence W. Kennedy (D-Lynnfield),Lynnfield,Democratic,73739,Terrence W. Kennedy,Terrence W. Kennedy (D-Lynnfield),Lynnfield,282836,1,NA,NA,NA,NA,NA,NA,NA,NA,NA,NA,NA,NA,NA,NA,NA,NA,NA,NA,NA,NA,2024-11-05
Executive,529,Governor's Council,Seventh,7th,64609,165360,2024-11-05,FALSE,430712,31267,565,2,78580,Paul M. Depalo,Paul M. Depalo (D-Worcester),Worcester,228944,0.5739671079021259,Democratic,78580,Paul M. Depalo,Paul M. Depalo (D-Worcester),Worcester,Democratic,78580,Paul M. Depalo,Paul M. Depalo (D-Worcester),Worcester,228944,0.5739671079021259,110209,Andrew J. Couture,Andrew J. Couture (R-Fitchburg),Fitchburg,169936,0.4260328920978741,NA,NA,NA,NA,NA,NA,NA,NA,NA,NA,NA,NA,NA,NA,2024-11-05
Executive,529,Governor's Council,Eighth,8th,64610,165321,2024-11-05,FALSE,412019,110646,5738,1,88280,Tara J. Jacobs,Tara J. Jacobs (D-North Adams),North Adams,295635,1,Democratic,88280,Tara J. Jacobs,Tara J. Jacobs (D-North Adams),North Adams,Democratic,88280,Tara J. Jacobs,Tara J. Jacobs (D-North Adams),North Adams,295635,1,NA,NA,NA,NA,NA,NA,NA,NA,NA,NA,NA,NA,NA,NA,NA,NA,NA,NA,NA,NA,2024-11-05
