city_town,ward,precinct,Maura Healey,Geoff Diehl,Kevin Reed,All Others,Blanks,Total Votes Cast
Abington,-,1,622,556,21,0,10,1209
Abington,-,2,610,600,11,2,10,1233
Abington,-,3,670,672,20,1,9,1372
Abington,-,4,705,677,12,0,10,1404
Abington,-,5,713,672,19,1,13,1418
Acton,-,1,782,257,21,1,11,1072
Acton,-,2,1177,361,23,3,8,1572
Acton,-,3,1381,355,29,1,17,1783
Acton,-,4,1252,290,24,1,14,1581
Acton,-,5,1221,306,25,1,18,1571
Acton,-,6,841,220,19,1,9,1090
Acton,-,6A,379,72,14,0,2,467
Acton,-,7,903,293,13,0,15,1224
Acushnet,-,1,564,645,31,1,7,1248
Acushnet,-,2,488,760,12,1,8,1269
Acushnet,-,2A,60,76,1,0,0,137
Acushnet,-,3,623,842,30,0,9,1504
Adams,-,1,315,145,12,0,2,474
Adams,-,2,409,211,8,1,5,634
Adams,-,3,355,218,11,0,3,587
Adams,-,4,324,178,13,0,3,518
Adams,-,5,470,213,8,0,4,695
Agawam,-,1,521,617,19,1,8,1166
Agawam,-,2,735,842,29,1,25,1632
Agawam,-,3,560,679,20,0,13,1272
Agawam,-,4,540,552,25,2,6,1125
Agawam,-,5,789,790,28,1,16,1624
Agawam,-,6,629,745,22,0,16,1412
Agawam,-,7,667,927,19,1,13,1627
Agawam,-,8,719,797,17,2,8,1543
Alford,,,217,42,2,0,11,272
Amesbury,-,1,1042,511,15,1,10,1579
Amesbury,-,2,842,348,26,0,11,1227
Amesbury,-,3,972,411,22,4,3,1412
Amesbury,-,4,656,327,22,2,7,1014
Amesbury,-,5,777,530,23,2,12,1344
Amesbury,-,6,718,320,13,2,9,1062
Amherst,-,1A,651,51,10,2,7,721
Amherst,-,1B,365,33,5,0,1,404
Amherst,-,2A,428,44,6,0,3,481
Amherst,-,2B,1201,121,18,2,15,1357
Amherst,-,3A,389,49,5,2,9,454
Amherst,-,3B,1100,101,14,3,11,1229
Amherst,-,4A,585,42,10,0,1,638
Amherst,-,4B,369,15,1,0,3,388
Amherst,-,5A,431,27,6,0,9,473
Amherst,-,5B,1847,137,19,2,10,2015
Andover,-,1,772,301,18,3,9,1103
Andover,-,2,1015,536,13,3,16,1583
Andover,-,3,1197,546,38,3,19,1803
Andover,-,4,600,380,8,0,7,995
Andover,-,4A,283,156,9,3,5,456
Andover,-,5,986,608,20,2,10,1626
Andover,-,6,898,583,26,2,14,1523
Andover,-,7,1051,628,32,1,23,1735
Andover,-,8,1140,539,36,5,13,1733
Andover,-,9,936,557,21,4,9,1527
Andover,-,10,1079,593,21,4,15,1712
Aquinnah,,,221,37,4,0,1,263
Arlington,-,1,625,114,13,2,5,759
Arlington,-,2,940,157,12,1,7,1117
Arlington,-,3,920,108,14,0,8,1050
Arlington,-,4,823,124,14,2,13,976
Arlington,-,5,945,154,16,1,10,1126
Arlington,-,6,865,116,15,0,9,1005
Arlington,-,7,838,148,12,0,6,1004
Arlington,-,8,996,171,16,0,10,1193
Arlington,-,9,731,141,13,1,7,893
Arlington,-,10,1046,126,16,5,8,1201
Arlington,-,11,934,279,12,2,4,1231
Arlington,-,12,1044,195,13,5,13,1270
Arlington,-,13,851,274,14,1,8,1148
Arlington,-,14,830,147,19,0,13,1009
Arlington,-,15,825,162,14,0,9,1010
Arlington,-,16,941,168,15,0,7,1131
Arlington,-,17,715,131,6,0,8,860
Arlington,-,18,826,261,14,1,17,1119
Arlington,-,19,924,186,9,3,9,1131
Arlington,-,20,822,164,13,0,8,1007
Arlington,-,21,951,134,18,1,7,1111
Ashburnham,-,1,721,710,23,0,12,1466
Ashburnham,-,2,732,610,32,4,3,1381
Ashby,,,686,743,19,0,18,1466
Ashfield,,,772,174,19,0,11,976
Ashland,-,1,745,348,7,0,14,1114
Ashland,-,2,1073,439,25,0,13,1550
Ashland,-,3,723,295,21,0,12,1051
Ashland,-,4,753,343,19,0,19,1134
Ashland,-,5,893,345,16,0,9,1263
Ashland,-,6,916,385,22,0,12,1335
Athol,-,1,655,671,26,2,17,1371
Athol,-,2,544,605,27,0,13,1189
Athol,-,3,597,502,23,1,5,1128
Attleboro,1,A,643,541,34,0,14,1232
Attleboro,1,B,690,548,24,0,10,1272
Attleboro,2,A,831,604,19,2,12,1468
Attleboro,2,B,701,554,21,0,15,1291
Attleboro,3,A,802,477,20,1,11,1311
Attleboro,3,B,863,554,39,2,0,1458
Attleboro,4,A,710,413,19,0,16,1158
Attleboro,4,B,942,819,23,3,15,1802
Attleboro,5,A,519,241,12,1,6,779
Attleboro,5,B,777,509,19,3,18,1326
Attleboro,6,A,671,571,23,1,5,1271
Attleboro,6,B,796,603,35,2,9,1445
Auburn,-,1,825,622,33,2,11,1493
Auburn,-,2,746,658,24,2,7,1437
Auburn,-,3,869,686,26,0,10,1591
Auburn,-,4,776,526,30,3,13,1348
Auburn,-,5,709,587,24,2,10,1332
Avon,,,895,733,23,0,14,1665
Ayer,-,1,658,366,26,0,8,1058
Ayer,-,2,764,470,34,0,13,1281
Ayer,-,3,572,310,28,2,6,918
Barnstable,-,1,1281,811,30,2,14,2138
Barnstable,-,2,1062,851,30,3,14,1960
Barnstable,-,3,777,510,12,4,11,1314
Barnstable,-,4,1059,733,16,0,11,1819
Barnstable,-,5,1082,1058,25,1,18,2184
Barnstable,-,6,987,879,31,0,10,1907
Barnstable,-,7,1277,904,29,3,22,2235
Barnstable,-,8,596,419,22,1,3,1041
Barnstable,-,9,331,225,12,0,3,571
Barnstable,-,10,824,783,28,1,11,1647
Barnstable,-,11,1042,943,25,0,18,2028
Barnstable,-,12,1029,894,26,3,16,1968
Barnstable,-,13,642,441,20,3,8,1114
Barre,-,1,565,557,24,0,12,1158
Barre,-,2,444,581,20,2,4,1051
Becket,,,503,288,13,1,10,815
Bedford,-,1,1294,459,31,6,10,1800
Bedford,-,2,699,353,11,1,6,1070
Bedford,-,2A,224,109,5,0,2,340
Bedford,-,3,1270,489,25,1,12,1797
Bedford,-,4,1174,430,25,3,7,1639
Belchertown,-,A,1074,620,36,2,14,1746
Belchertown,-,B,900,776,31,0,13,1720
Belchertown,-,C,980,796,26,0,18,1820
Belchertown,-,D,1152,502,29,1,8,1692
Bellingham,-,1,643,547,19,1,12,1222
Bellingham,-,2,796,673,30,0,6,1505
Bellingham,-,3,813,671,23,2,9,1518
Bellingham,-,4,642,629,27,1,11,1310
Bellingham,-,5,553,594,21,4,9,1181
Belmont,-,1,1165,310,24,7,29,1535
Belmont,-,2,1216,487,41,2,32,1778
Belmont,-,3,1109,292,27,1,28,1457
Belmont,-,4,920,285,34,0,13,1252
Belmont,-,5,1103,290,26,0,18,1437
Belmont,-,6,1438,315,24,5,23,1805
Belmont,-,7,1115,303,24,2,22,1466
Belmont,-,8,977,387,29,1,39,1433
Berkley,-,1,641,870,38,3,4,1556
Berkley,-,2,490,741,17,3,12,1263
Berlin,,,1057,739,42,0,22,1860
Bernardston,,,640,320,19,0,6,985
Beverly,1,1,833,454,20,7,4,1318
Beverly,1,2,1158,562,31,2,10,1763
Beverly,2,1,1015,333,22,0,8,1378
Beverly,2,2,1130,344,34,0,12,1520
Beverly,3,1,651,216,26,0,11,904
Beverly,3,2,879,459,22,1,9,1370
Beverly,4,1,612,237,8,0,8,865
Beverly,4,2,1497,458,28,1,11,1995
Beverly,5,1,1023,545,22,2,11,1603
Beverly,5,2,901,496,16,1,10,1424
Beverly,6,1,1250,524,23,4,15,1816
Beverly,6,2,1161,709,30,2,15,1917
Billerica,-,1,676,443,14,3,5,1141
Billerica,-,2,820,659,34,1,18,1532
Billerica,-,3,738,693,16,2,9,1458
Billerica,-,4,678,603,18,1,13,1313
Billerica,-,5,922,848,25,2,19,1816
Billerica,-,6,727,588,17,0,10,1342
Billerica,-,7,807,540,24,3,12,1386
Billerica,-,8,726,654,26,3,10,1419
Billerica,-,9,755,786,18,0,17,1576
Billerica,-,10,837,822,23,0,9,1691
Billerica,-,11,616,592,33,2,11,1254
Billerica,-,12,755,617,29,1,13,1415
Blackstone,-,1,469,498,11,0,4,982
Blackstone,-,2,534,574,10,1,10,1129
Blackstone,-,3,516,710,23,1,6,1256
Blandford,,,234,358,26,0,0,618
Bolton,,,1893,899,62,4,28,2886
Boston,1,1,578,142,11,1,7,739
Boston,1,2,385,93,9,1,6,494
Boston,1,3,1140,211,27,4,16,1398
Boston,1,4,400,82,16,2,6,506
Boston,1,5,484,120,7,1,5,617
Boston,1,6,386,90,7,1,6,490
Boston,1,7,417,96,10,0,7,530
Boston,1,8,488,115,17,0,17,637
Boston,1,9,375,96,8,1,3,483
Boston,1,10,212,76,4,1,3,296
Boston,1,11,491,198,7,3,10,709
Boston,1,12,407,248,11,4,10,680
Boston,1,13,549,261,12,3,13,838
Boston,1,14,259,133,8,0,10,410
Boston,1,15,0,0,0,0,0,0
Boston,2,1,803,271,18,1,16,1109
Boston,2,2,770,242,9,8,8,1037
Boston,2,3,920,280,20,2,10,1232
Boston,2,4,856,192,15,3,10,1076
Boston,2,5,880,215,22,2,11,1130
Boston,2,6,709,218,10,2,12,951
Boston,2,7,488,121,11,0,7,627
Boston,2,8,339,99,12,2,12,464
Boston,3,1,666,259,10,4,12,951
Boston,3,2,687,274,13,5,13,992
Boston,3,3,439,151,13,3,4,610
Boston,3,4,449,175,12,3,8,647
Boston,3,5,704,163,13,4,8,892
Boston,3,6,412,117,18,3,5,555
Boston,3,7,797,88,10,0,11,906
Boston,3,8,531,107,10,1,7,656
Boston,3,9,480,133,11,1,5,630
Boston,3,10,738,177,20,4,11,950
Boston,3,11,599,198,10,0,10,817
Boston,3,12,786,172,14,0,12,984
Boston,3,13,437,146,11,2,3,599
Boston,3,13A,0,0,0,0,0,0
Boston,3,14,644,109,12,2,16,783
Boston,3,15,548,76,6,2,5,637
Boston,3,16,989,110,11,3,12,1125
Boston,3,17,532,109,9,5,8,663
Boston,4,1,742,99,10,1,9,861
Boston,4,2,569,124,13,1,6,713
Boston,4,3,862,119,13,4,11,1009
Boston,4,4,908,142,12,1,16,1079
Boston,4,5,708,110,14,0,14,846
Boston,4,6,552,108,13,2,11,686
Boston,4,7,454,64,12,3,8,541
Boston,4,8,409,89,7,2,7,514
Boston,4,9,106,15,1,0,4,126
Boston,4,10,124,7,1,0,2,134
Boston,4,10A,0,0,0,0,0,0
Boston,4,11,30,3,1,0,1,35
Boston,4,12,139,16,3,2,2,162
Boston,5,1,409,63,1,1,7,481
Boston,5,2,536,61,3,1,7,608
Boston,5,3,910,213,16,3,5,1147
Boston,5,4,497,66,8,1,4,576
Boston,5,5,663,163,13,2,9,850
Boston,5,6,723,185,12,4,14,938
Boston,5,7,893,201,15,4,20,1133
Boston,5,8,782,204,26,2,9,1023
Boston,5,9,778,190,11,3,8,990
Boston,5,10,349,72,6,4,5,436
Boston,5,11,337,64,7,1,2,411
Boston,5,12,383,44,7,2,2,438
Boston,5,13,683,137,15,0,12,847
Boston,5,14,662,99,11,1,9,782
Boston,5,15,435,99,3,2,5,544
Boston,6,1,816,187,12,1,10,1026
Boston,6,2,404,159,13,0,6,582
Boston,6,3,547,225,11,2,7,792
Boston,6,4,397,159,10,3,12,581
Boston,6,5,567,231,16,1,11,826
Boston,6,6,518,327,15,6,13,879
Boston,6,7,491,317,7,1,6,822
Boston,6,8,592,351,13,1,10,967
Boston,6,9,535,399,20,0,14,968
Boston,6,10,473,181,16,1,6,677
Boston,6,11,629,160,13,1,5,808
Boston,6,12,811,378,18,3,13,1223
Boston,6,12A,0,0,0,0,0,0
Boston,7,1,404,281,8,2,9,704
Boston,7,2,573,309,16,2,7,907
Boston,7,3,627,294,18,3,9,951
Boston,7,4,463,228,16,2,16,725
Boston,7,5,491,167,7,1,8,674
Boston,7,6,408,139,15,0,14,576
Boston,7,7,214,62,5,0,2,283
Boston,7,8,452,157,11,1,8,629
Boston,7,9,325,107,8,2,9,451
Boston,7,10,332,46,4,2,6,390
Boston,8,1,692,105,9,0,13,819
Boston,8,2,641,64,3,1,7,716
Boston,8,3,445,31,9,1,11,497
Boston,8,4,328,34,8,3,4,377
Boston,8,5,484,56,5,3,13,561
Boston,8,6,119,20,5,0,2,146
Boston,8,6A,0,0,0,0,0,0
Boston,9,1,732,87,7,2,11,839
Boston,9,2,710,62,9,1,6,788
Boston,9,3,474,59,9,4,10,556
Boston,9,4,471,41,9,0,7,528
Boston,9,5,552,32,12,3,12,611
Boston,9,6,621,50,9,0,4,684
Boston,9,7,132,17,5,0,2,156
Boston,10,1,342,42,5,2,2,393
Boston,10,2,238,34,4,0,3,279
Boston,10,3,241,35,3,2,5,286
Boston,10,4,511,83,6,0,13,613
Boston,10,5,365,60,8,3,5,441
Boston,10,6,403,46,8,1,12,470
Boston,10,7,484,32,14,2,7,539
Boston,10,8,808,87,19,0,13,927
Boston,10,9,996,73,12,3,11,1095
Boston,10,9A,0,0,0,0,0,0
Boston,11,1,369,19,5,0,3,396
Boston,11,2,540,30,7,1,8,586
Boston,11,3,369,26,4,3,9,411
Boston,11,4,728,60,12,1,18,819
Boston,11,5,593,56,9,6,18,682
Boston,11,6,641,35,9,0,3,688
Boston,11,7,823,52,8,2,11,896
Boston,11,8,1155,56,21,3,6,1241
Boston,11,9,599,36,5,3,6,649
Boston,11,10,729,27,5,3,11,775
Boston,12,1,505,37,7,1,14,564
Boston,12,2,604,30,10,0,11,655
Boston,12,3,282,22,6,0,0,310
Boston,12,4,347,18,5,0,9,379
Boston,12,5,244,16,2,0,5,267
Boston,12,6,310,31,1,0,8,350
Boston,12,7,585,44,8,0,22,659
Boston,12,8,224,18,2,0,1,245
Boston,12,9,309,18,1,0,13,341
Boston,13,1,352,27,6,2,10,397
Boston,13,2,160,17,3,0,4,184
Boston,13,3,354,58,7,0,7,426
Boston,13,4,293,29,9,2,9,342
Boston,13,5,309,37,7,0,12,365
Boston,13,6,451,57,1,0,5,514
Boston,13,7,428,162,6,0,13,609
Boston,13,8,394,111,11,0,2,518
Boston,13,9,499,92,11,1,4,607
Boston,13,10,702,255,18,2,13,990
Boston,14,1,546,50,9,1,10,616
Boston,14,2,610,39,8,2,20,679
Boston,14,3,303,14,4,0,4,325
Boston,14,4,377,29,6,1,12,425
Boston,14,5,268,10,11,1,4,294
Boston,14,6,295,25,2,0,9,331
Boston,14,7,292,17,6,2,2,319
Boston,14,8,433,26,4,0,14,477
Boston,14,9,270,28,5,0,4,307
Boston,14,10,328,39,4,1,7,379
Boston,14,11,326,19,6,2,2,355
Boston,14,12,209,8,2,0,2,221
Boston,14,13,336,17,4,0,8,365
Boston,14,14,348,14,9,0,4,375
Boston,15,1,415,31,4,0,5,455
Boston,15,2,260,14,1,1,9,285
Boston,15,3,156,13,1,2,7,179
Boston,15,4,410,70,9,2,11,502
Boston,15,5,324,28,5,0,5,362
Boston,15,6,240,110,5,0,7,362
Boston,15,7,302,23,3,0,7,335
Boston,15,8,224,85,8,1,6,324
Boston,15,9,244,80,8,0,4,336
Boston,16,1,278,78,10,1,8,375
Boston,16,2,302,125,8,3,5,443
Boston,16,3,433,90,5,1,13,542
Boston,16,4,397,100,10,0,9,516
Boston,16,5,470,145,2,2,3,622
Boston,16,6,609,140,15,1,7,772
Boston,16,7,426,243,8,1,13,691
Boston,16,8,749,306,20,0,17,1092
Boston,16,9,478,392,9,1,15,895
Boston,16,10,395,267,8,2,9,681
Boston,16,11,323,164,4,1,3,495
Boston,16,12,395,419,9,1,13,837
Boston,17,1,335,35,2,1,7,380
Boston,17,2,245,36,3,0,6,290
Boston,17,3,632,51,6,2,9,700
Boston,17,4,769,116,7,1,10,903
Boston,17,5,231,15,6,0,9,261
Boston,17,6,482,43,8,0,9,542
Boston,17,7,257,15,4,0,5,281
Boston,17,8,396,21,6,0,10,433
Boston,17,9,451,28,4,0,7,490
Boston,17,10,487,31,11,3,7,539
Boston,17,11,220,18,0,0,5,243
Boston,17,12,393,22,3,1,5,424
Boston,17,13,548,111,9,1,6,675
Boston,17,14,601,88,9,0,17,715
Boston,18,1,774,46,10,1,14,845
Boston,18,2,518,29,9,1,4,561
Boston,18,3,590,32,4,0,5,631
Boston,18,4,619,29,5,0,10,663
Boston,18,5,666,44,12,2,9,733
Boston,18,6,845,49,10,0,14,918
Boston,18,7,571,105,4,0,9,689
Boston,18,8,959,119,19,1,22,1120
Boston,18,9,681,121,6,2,12,822
Boston,18,10,1092,158,14,0,15,1279
Boston,18,11,485,50,11,1,11,558
Boston,18,12,612,124,13,1,10,760
Boston,18,13,366,49,4,1,5,425
Boston,18,14,362,57,2,0,4,425
Boston,18,15,574,62,3,1,11,651
Boston,18,16,669,240,11,1,16,937
Boston,18,17,529,140,6,4,12,691
Boston,18,18,650,163,10,2,16,841
Boston,18,19,920,212,16,3,12,1163
Boston,18,20,675,370,15,1,16,1077
Boston,18,21,741,40,8,0,14,803
Boston,18,22,716,270,6,0,12,1004
Boston,18,23,364,44,10,1,9,428
Boston,19,1,784,23,13,1,6,827
Boston,19,2,884,181,9,0,21,1095
Boston,19,3,516,40,6,0,8,570
Boston,19,4,1097,32,6,1,13,1149
Boston,19,5,766,44,10,1,8,829
Boston,19,6,1152,49,10,0,14,1225
Boston,19,7,843,46,14,4,5,912
Boston,19,8,714,56,4,3,2,779
Boston,19,9,510,27,5,2,2,546
Boston,19,10,863,101,15,1,11,991
Boston,19,11,519,59,3,0,9,590
Boston,19,12,671,72,11,1,6,761
Boston,19,13,472,55,8,0,5,540
Boston,20,1,764,180,17,1,4,966
Boston,20,2,763,156,8,2,5,934
Boston,20,3,528,232,8,5,7,780
Boston,20,4,786,83,7,0,13,889
Boston,20,5,634,324,10,3,16,987
Boston,20,6,844,281,17,1,13,1156
Boston,20,7,525,133,7,1,4,670
Boston,20,8,627,140,7,2,2,778
Boston,20,9,621,169,7,3,11,811
Boston,20,10,806,389,19,6,13,1233
Boston,20,11,419,145,10,1,9,584
Boston,20,12,520,210,16,3,7,756
Boston,20,13,424,225,6,1,3,659
Boston,20,14,444,208,8,2,6,668
Boston,20,15,689,367,9,2,11,1078
Boston,20,16,688,441,13,1,10,1153
Boston,20,17,839,440,19,4,8,1310
Boston,20,18,498,158,7,2,13,678
Boston,20,19,485,203,6,0,12,706
Boston,20,20,783,242,20,2,7,1054
Boston,20,21,60,22,2,0,0,84
Boston,21,1,604,64,10,2,12,692
Boston,21,2,144,17,3,0,1,165
Boston,21,3,311,28,1,0,2,342
Boston,21,4,310,24,2,3,3,342
Boston,21,5,516,45,4,3,5,573
Boston,21,6,439,50,8,0,4,501
Boston,21,7,444,69,6,2,4,525
Boston,21,8,682,56,13,1,7,759
Boston,21,9,689,79,8,1,4,781
Boston,21,10,520,65,8,4,9,606
Boston,21,11,664,82,13,2,16,777
Boston,21,12,550,114,10,0,16,690
Boston,21,13,694,205,10,1,13,923
Boston,21,14,408,51,10,0,2,471
Boston,21,15,501,58,10,2,7,578
Boston,21,16,659,118,10,2,10,799
Boston,22,1,677,108,11,1,15,812
Boston,22,2,848,121,14,4,12,999
Boston,22,3,683,158,15,2,7,865
Boston,22,4,602,102,15,1,7,727
Boston,22,5,462,79,11,1,11,564
Boston,22,6,455,80,8,1,3,547
Boston,22,7,630,105,20,1,6,762
Boston,22,8,431,135,9,2,5,582
Boston,22,9,485,154,8,1,8,656
Boston,22,10,633,111,16,3,5,768
Boston,22,11,388,97,8,0,4,497
Boston,22,12,372,102,6,1,3,484
Boston,22,13,345,85,4,2,3,439
Bourne,-,1,653,743,21,0,18,1435
Bourne,-,2,719,725,21,3,10,1478
Bourne,-,3,320,341,13,0,1,675
Bourne,-,4,938,687,26,14,4,1669
Bourne,-,5,703,574,10,0,17,1304
Bourne,-,5A,124,118,4,0,2,248
Bourne,-,6,697,480,18,3,10,1208
Bourne,-,7,610,532,19,4,6,1171
Boxborough,,,1736,668,44,2,20,2470
Boxford,-,1,702,581,34,4,10,1331
Boxford,-,2,815,612,25,7,5,1464
Boxford,-,3,737,601,21,5,8,1372
Boylston,,,1458,1111,42,1,21,2633
Braintree,-,1A,700,587,17,2,9,1315
Braintree,-,1B,567,564,17,1,9,1158
Braintree,-,2A,775,532,16,3,13,1339
Braintree,-,2B,705,558,17,0,12,1292
Braintree,-,3A,598,438,21,3,7,1067
Braintree,-,3B,678,446,24,1,6,1155
Braintree,-,4A,635,505,14,1,14,1169
Braintree,-,4B,631,392,20,0,10,1053
Braintree,-,5A,669,546,20,3,11,1249
Braintree,-,5B,751,563,18,1,16,1349
Braintree,-,6A,793,673,11,3,7,1487
Braintree,-,6B,750,640,19,1,16,1426
Brewster,-,1,1362,730,35,0,13,2140
Brewster,-,2,1281,577,26,1,17,1902
Brewster,-,3,1237,680,21,0,16,1954
Bridgewater,-,1,636,752,19,0,17,1424
Bridgewater,-,2,677,706,23,0,17,1423
Bridgewater,-,3,838,869,14,1,12,1734
Bridgewater,-,4,355,408,14,1,8,786
Bridgewater,-,5,96,42,2,0,2,142
Bridgewater,-,6,454,441,13,0,5,913
Bridgewater,-,7,638,597,17,1,17,1270
Bridgewater,-,8,632,433,18,0,7,1090
Bridgewater,-,9,674,685,23,0,11,1393
Brimfield,,,734,967,35,0,6,1742
Brockton,1,A,450,108,12,0,10,580
Brockton,1,B,673,240,13,0,16,942
Brockton,1,C,506,231,12,0,6,755
Brockton,1,D,772,429,14,2,19,1236
Brockton,2,A,312,51,8,0,8,379
Brockton,2,B,385,76,6,1,15,483
Brockton,2,C,254,52,5,0,12,323
Brockton,2,D,461,175,8,2,13,659
Brockton,3,A,503,143,9,0,12,667
Brockton,3,B,406,86,4,0,9,505
Brockton,3,C,695,370,18,0,20,1103
Brockton,3,D,703,379,14,2,13,1111
Brockton,4,A,244,49,3,0,3,299
Brockton,4,B,488,157,15,0,8,668
Brockton,4,C,583,289,19,0,7,898
Brockton,4,D,592,268,11,0,17,888
Brockton,5,A,342,82,11,0,7,442
Brockton,5,B,625,243,13,0,14,895
Brockton,5,C,443,137,8,0,12,600
Brockton,5,D,663,316,24,0,13,1016
Brockton,6,A,453,184,8,1,8,654
Brockton,6,B,627,342,12,0,11,992
Brockton,6,C,565,228,7,0,12,812
Brockton,6,D,727,431,24,0,8,1190
Brockton,7,A,401,85,8,0,9,503
Brockton,7,B,550,165,6,0,28,749
Brockton,7,C,568,131,14,1,13,727
Brockton,7,D,566,229,16,0,10,821
Brookfield,,,684,744,44,0,9,1481
Brookline,-,1,971,135,10,0,14,1130
Brookline,-,2,579,99,19,1,4,702
Brookline,-,3,1121,126,18,5,4,1274
Brookline,-,4,820,150,12,2,8,992
Brookline,-,5,557,80,7,3,3,650
Brookline,-,5A,598,69,7,2,12,688
Brookline,-,6,1300,112,12,1,17,1442
Brookline,-,7,1047,130,15,2,8,1202
Brookline,-,8,1165,86,12,0,10,1273
Brookline,-,9,1183,133,13,0,15,1344
Brookline,-,10,1179,113,17,5,11,1325
Brookline,-,11,1237,119,14,5,12,1387
Brookline,-,12,1271,180,12,5,20,1488
Brookline,-,13,1019,147,8,3,17,1194
Brookline,-,13A,172,34,2,1,4,213
Brookline,-,14,957,210,30,4,22,1223
Brookline,-,14A,268,49,2,3,4,326
Brookline,-,15,1164,323,15,4,25,1531
Brookline,-,16,1096,249,8,0,16,1369
Brookline,-,17,995,134,8,1,12,1150
Buckland,,,676,222,13,0,7,918
Burlington,-,1,1036,752,19,2,16,1825
Burlington,-,2,644,380,12,4,7,1047
Burlington,-,3,912,610,29,3,15,1569
Burlington,-,4,728,501,15,1,13,1258
Burlington,-,5,1072,756,35,2,28,1893
Burlington,-,6,989,727,24,3,26,1769
Burlington,-,7,952,490,24,1,17,1484
Cambridge,1,1,549,55,14,1,9,628
Cambridge,1,2,257,39,4,1,1,302
Cambridge,1,2A,22,4,0,0,1,27
Cambridge,1,3,932,132,17,1,8,1090
Cambridge,2,1,1000,133,11,3,11,1158
Cambridge,2,2,904,144,20,2,17,1087
Cambridge,2,3,821,95,14,2,12,944
Cambridge,2,3A,78,17,1,0,1,97
Cambridge,3,1,740,79,10,1,12,842
Cambridge,3,2,1021,85,14,1,5,1126
Cambridge,3,3,670,39,12,1,5,727
Cambridge,3,3A,381,29,4,0,3,417
Cambridge,4,1,1313,97,11,1,14,1436
Cambridge,4,2,1051,59,18,1,7,1136
Cambridge,4,2A,172,12,0,0,3,187
Cambridge,4,3,1191,65,12,1,15,1284
Cambridge,5,1,1082,79,10,2,17,1190
Cambridge,5,2,153,8,1,0,2,164
Cambridge,5,3,1073,70,16,1,11,1171
Cambridge,6,1,1028,51,8,1,6,1094
Cambridge,6,1A,323,19,3,0,3,348
Cambridge,6,2,693,41,13,1,10,758
Cambridge,6,3,1368,110,15,3,14,1510
Cambridge,7,1,1222,69,11,2,12,1316
Cambridge,7,2,802,72,13,0,8,895
Cambridge,7,2A,32,1,1,0,0,34
Cambridge,7,3,303,27,5,0,3,338
Cambridge,8,1,1104,49,16,4,9,1182
Cambridge,8,2,1128,64,11,2,4,1209
Cambridge,8,3,275,23,2,0,3,303
Cambridge,9,1,1828,130,15,3,18,1994
Cambridge,9,2,1316,142,12,5,12,1487
Cambridge,9,3,1305,135,22,6,11,1479
Cambridge,10,1,958,69,11,4,9,1051
Cambridge,10,1A,613,48,5,1,2,669
Cambridge,10,2,1627,83,6,0,17,1733
Cambridge,10,3,1098,97,18,2,10,1225
Cambridge,11,1,390,34,6,0,6,436
Cambridge,11,1A,448,59,9,0,5,521
Cambridge,11,2,713,83,13,2,10,821
Cambridge,11,3,1188,118,18,2,11,1337
Cambridge,11,3A,140,3,1,0,0,144
Canton,-,1,810,467,20,4,16,1317
Canton,-,2,1133,621,23,0,21,1798
Canton,-,3,671,396,11,0,13,1091
Canton,-,4,910,652,14,2,14,1592
Canton,-,5,996,632,21,6,11,1666
Canton,-,6,879,480,20,0,11,1390
Canton,-,7,946,549,22,2,17,1536
Carlisle,,,2132,669,38,5,35,2879
Carver,-,1,723,901,25,2,12,1663
Carver,-,2,679,868,23,2,15,1587
Carver,-,3,880,898,27,1,12,1818
Charlemont,,,357,163,10,0,2,532
Charlton,-,1,657,720,20,0,13,1410
Charlton,-,2,592,880,25,2,10,1509
Charlton,-,3,607,752,24,2,8,1393
Charlton,-,4,611,756,30,0,9,1406
Charlton,-,4A,11,27,0,0,0,38
Chatham,-,1,1212,781,24,1,11,2029
Chatham,-,2,1167,821,35,3,19,2045
Chelmsford,-,1,725,522,17,2,8,1274
Chelmsford,-,2,885,510,24,1,10,1430
Chelmsford,-,3A,394,218,11,1,11,635
Chelmsford,-,3B,441,237,12,0,7,697
Chelmsford,-,4,1058,608,26,2,18,1712
Chelmsford,-,5A,824,512,23,4,16,1379
Chelmsford,-,5B,249,146,9,0,2,406
Chelmsford,-,6,918,524,30,4,17,1493
Chelmsford,-,7,810,491,21,0,14,1336
Chelmsford,-,8,955,475,35,1,8,1474
Chelmsford,-,9,1002,602,26,2,17,1649
Chelmsford,-,10,739,487,16,2,8,1252
Chelmsford,-,11,1055,588,29,4,13,1689
Chelsea,1,1,186,71,10,0,18,285
Chelsea,1,2,121,28,4,0,12,165
Chelsea,1,3,173,46,2,0,9,230
Chelsea,1,4,157,25,4,0,7,193
Chelsea,2,1,553,201,18,0,20,792
Chelsea,2,2,233,38,4,0,13,288
Chelsea,2,3,115,37,1,0,18,171
Chelsea,2,4,256,41,8,0,11,316
Chelsea,3,1,235,63,7,0,5,310
Chelsea,3,2,290,73,5,0,9,377
Chelsea,3,3,208,74,9,0,5,296
Chelsea,3,4,208,61,7,0,11,287
Chelsea,4,1,281,68,15,0,13,377
Chelsea,4,2,260,127,9,0,12,408
Chelsea,4,3,271,143,14,0,13,441
Chelsea,4,4,240,110,7,0,8,365
Cheshire,,,736,601,22,0,12,1371
Chester,,,202,328,20,0,1,551
Chesterfield,,,417,229,10,0,3,659
Chicopee,1,A,541,435,23,0,9,1008
Chicopee,1,B,672,537,23,2,4,1238
Chicopee,2,A,321,183,8,0,2,514
Chicopee,2,B,525,451,21,0,13,1010
Chicopee,3,A,352,356,14,1,2,725
Chicopee,3,A1,88,28,0,0,2,118
Chicopee,3,B,350,257,12,0,3,622
Chicopee,4,A,451,314,11,1,8,785
Chicopee,4,B,423,272,14,2,6,717
Chicopee,5,A,522,380,16,0,5,923
Chicopee,5,B,457,363,21,0,6,847
Chicopee,6,AN,249,155,5,1,4,414
Chicopee,6,AS,393,313,8,0,0,714
Chicopee,6,BE,500,594,14,0,6,1114
Chicopee,6,BW,102,94,3,0,1,200
Chicopee,7,A,333,233,15,0,2,583
Chicopee,7,B,386,259,14,1,7,667
Chicopee,8,A,511,445,26,1,9,992
Chicopee,8,B,410,415,22,0,10,857
Chicopee,9,A,545,400,21,2,10,978
Chicopee,9,B,597,502,19,1,8,1127
Chilmark,,,634,107,13,1,3,758
Clarksburg,,,415,272,8,1,2,698
Clinton,-,1,851,571,29,3,11,1465
Clinton,-,2,623,410,20,1,7,1061
Clinton,-,3,808,563,29,2,20,1422
Clinton,-,4,670,526,22,2,4,1224
Cohasset,-,1,888,481,21,0,22,1412
Cohasset,-,2,882,529,25,0,16,1452
Cohasset,-,3,955,455,16,1,17,1444
Colrain,,,475,244,9,0,5,733
Concord,-,1,1285,340,20,2,16,1663
Concord,-,2,1553,354,32,0,20,1959
Concord,-,3,1599,401,24,0,24,2048
Concord,-,4,1672,408,28,1,23,2132
Concord,-,5,1530,339,31,0,30,1930
Conway,,,822,236,13,0,8,1079
Cummington,,,340,117,8,0,4,469
Dalton,-,1,890,404,19,0,14,1327
Dalton,-,2,891,349,20,0,23,1283
Danvers,-,1,901,556,18,2,13,1490
Danvers,-,2,926,587,22,0,11,1546
Danvers,-,3,739,583,13,1,11,1347
Danvers,-,4,896,641,14,2,13,1566
Danvers,-,5,837,712,21,0,11,1581
Danvers,-,6,878,821,32,2,18,1751
Danvers,-,7,881,674,28,0,16,1599
Danvers,-,8,685,546,16,2,8,1257
Dartmouth,-,1,668,849,26,3,12,1558
Dartmouth,-,2,555,503,19,0,7,1084
Dartmouth,-,3,91,89,3,0,1,184
Dartmouth,-,4,717,640,19,1,15,1392
Dartmouth,-,5,832,662,28,2,16,1540
Dartmouth,-,6,617,600,20,0,15,1252
Dartmouth,-,7,817,756,25,1,20,1619
Dartmouth,-,8,1268,751,27,2,27,2075
Dartmouth,-,9,1236,819,32,2,13,2102
Dedham,-,1,1235,386,11,2,25,1659
Dedham,-,2,1121,567,22,0,23,1733
Dedham,-,3,810,350,18,0,12,1190
Dedham,-,4,974,480,24,1,15,1494
Dedham,-,5,1075,608,28,3,16,1730
Dedham,-,6,1066,497,27,1,14,1605
Dedham,-,7,1064,734,12,4,22,1836
Deerfield,,,1825,695,45,2,21,2588
Dennis,-,1,1140,842,22,2,20,2026
Dennis,-,2,1231,820,28,4,16,2099
Dennis,-,3,720,451,19,2,11,1203
Dennis,-,4,998,751,21,1,16,1787
Dennis,-,5,868,601,19,1,10,1499
Dighton,-,1,490,593,18,1,9,1111
Dighton,-,2,482,609,19,0,10,1120
Dighton,-,3,456,522,11,2,12,1003
Douglas,-,1,523,758,30,0,5,1316
Douglas,-,2,613,772,33,0,13,1431
Douglas,-,3,518,661,23,0,11,1213
Dover,,,1863,1076,58,8,41,3046
Dracut,-,1,566,565,10,0,0,1141
Dracut,-,2,545,522,12,0,7,1086
Dracut,-,3,610,661,20,0,11,1302
Dracut,-,4,688,822,26,0,34,1570
Dracut,-,5,571,682,18,0,13,1284
Dracut,-,6,589,577,23,0,9,1198
Dracut,-,6A,42,20,0,0,6,68
Dracut,-,7,565,537,26,0,9,1137
Dracut,-,8,705,946,8,0,15,1674
Dracut,-,9,635,658,14,0,7,1314
Dudley,-,1,589,653,29,1,9,1281
Dudley,-,2,375,471,22,1,11,880
Dudley,-,3,381,478,17,0,12,888
Dudley,-,4,491,636,25,1,7,1160
Dunstable,,,943,740,28,0,16,1727
Duxbury,-,1,934,664,19,5,19,1641
Duxbury,-,2,852,585,13,3,9,1462
Duxbury,-,3,831,572,14,1,10,1428
Duxbury,-,4,754,503,16,1,6,1280
Duxbury,-,5,763,553,15,4,11,1346
Duxbury,-,6,703,531,12,1,15,1262
E. Bridgewater,-,1,684,808,22,0,10,1524
E. Bridgewater,-,2,673,824,20,3,13,1533
E. Bridgewater,-,3,777,887,16,0,12,1692
E. Bridgewater,-,4,680,782,19,0,7,1488
E. Brookfield,,,424,517,25,0,9,975
E. Longmeadow,-,1,800,584,22,0,10,1416
E. Longmeadow,-,2,623,581,24,0,7,1235
E. Longmeadow,-,2A,18,21,0,0,1,40
E. Longmeadow,-,3,718,622,18,0,10,1368
E. Longmeadow,-,3A,38,31,3,0,0,72
E. Longmeadow,-,4,565,635,14,0,5,1219
E. Longmeadow,-,4A,122,138,4,0,2,266
E. Longmeadow,-,5,673,727,23,0,11,1434
Eastham,,,2315,1018,41,0,12,3386
Easthampton,-,1,1160,417,16,0,14,1607
Easthampton,-,2,1141,273,24,2,11,1451
Easthampton,-,3,1308,314,16,1,7,1646
Easthampton,-,4,1284,286,27,0,10,1607
Easthampton,-,5,1010,661,27,1,13,1712
Easton,-,1,1039,694,31,1,17,1782
Easton,-,2,961,613,17,4,16,1611
Easton,-,3,382,281,9,1,6,679
Easton,-,4A,454,322,14,2,8,800
Easton,-,4B,498,394,13,1,4,910
Easton,-,5,899,542,16,3,11,1471
Easton,-,6,812,708,34,2,7,1563
Easton,-,7,821,599,26,0,8,1454
Edgartown,,,1518,624,37,1,17,2197
Egremont,,,609,135,7,1,8,760
Erving,,,373,269,12,0,8,662
Essex,,,1179,623,34,0,8,1844
Everett,1,1,310,146,12,0,15,483
Everett,1,2,178,111,10,2,5,306
Everett,1,3,139,56,1,0,5,201
Everett,1,3A,103,32,3,0,3,141
Everett,2,1,317,163,11,1,9,501
Everett,2,2,151,72,9,0,3,235
Everett,2,2A,117,57,7,1,6,188
Everett,2,3,272,112,12,1,12,409
Everett,3,1,437,177,15,1,21,651
Everett,3,2,347,151,16,2,11,527
Everett,3,3,199,114,10,0,11,334
Everett,4,1,386,183,10,0,13,592
Everett,4,2,338,151,19,1,11,520
Everett,4,3,310,155,16,2,5,488
Everett,5,1,310,141,7,0,7,465
Everett,5,2,277,118,11,0,9,415
Everett,5,3,283,122,4,2,14,425
Everett,6,1,356,141,14,3,7,521
Everett,6,2,261,139,21,2,7,430
Everett,6,3,368,131,21,0,9,529
Fairhaven,-,1,741,428,20,0,14,1203
Fairhaven,-,2,645,460,27,1,13,1146
Fairhaven,-,3,436,406,9,1,8,860
Fairhaven,-,4,630,511,19,0,10,1170
Fairhaven,-,5,634,606,27,0,14,1281
Fairhaven,-,6,554,589,17,3,9,1172
Fall River,1,A,523,467,18,1,15,1024
Fall River,1,B,374,296,9,1,11,691
Fall River,1,C,356,342,16,0,13,727
Fall River,2,A,255,178,11,0,3,447
Fall River,2,B,226,176,9,0,6,417
Fall River,2,C,275,208,18,1,28,530
Fall River,3,A,382,265,23,0,20,690
Fall River,3,B,357,269,15,1,12,654
Fall River,3,C,416,340,18,0,19,793
Fall River,4,A,304,164,14,0,7,489
Fall River,4,B,221,128,9,2,6,366
Fall River,4,C,350,127,10,0,11,498
Fall River,5,A,187,125,8,0,4,324
Fall River,5,B,187,101,7,0,5,300
Fall River,5,C,225,145,12,0,9,391
Fall River,6,A,432,390,13,2,12,849
Fall River,6,B,321,182,9,0,14,526
Fall River,6,C,336,254,15,2,19,626
Fall River,7,A,477,338,14,2,9,840
Fall River,7,B,289,181,18,0,5,493
Fall River,7,C,391,225,13,0,10,639
Fall River,8,A,337,263,13,1,12,626
Fall River,8,B,631,395,18,0,13,1057
Fall River,8,C,559,430,17,0,11,1017
Fall River,9,A,758,599,17,0,18,1392
Fall River,9,B,578,402,21,1,10,1012
Fall River,9,C,484,333,30,0,9,856
Falmouth,-,1,1637,471,19,1,18,2146
Falmouth,-,2,1269,579,13,0,23,1884
Falmouth,-,3,1131,696,17,3,22,1869
Falmouth,-,4,1132,799,29,1,14,1975
Falmouth,-,5,1400,756,27,5,15,2203
Falmouth,-,6,1292,707,32,2,19,2052
Falmouth,-,7,1064,768,28,1,15,1876
Falmouth,-,8,1072,758,27,1,14,1872
Falmouth,-,9,976,667,12,0,13,1668
Fitchburg,1,A,378,234,14,2,13,641
Fitchburg,1,B,479,285,11,1,9,785
Fitchburg,2,A,347,239,11,1,9,607
Fitchburg,2,B,477,359,21,1,6,864
Fitchburg,3,A,785,602,18,1,48,1454
Fitchburg,3,B,502,442,14,0,20,978
Fitchburg,4,A,332,229,14,2,10,587
Fitchburg,4,B,339,170,14,0,50,573
Fitchburg,5,A,740,695,19,0,17,1471
Fitchburg,5,B,293,150,11,0,5,459
Fitchburg,6,A,607,486,21,0,17,1131
Fitchburg,6,B,374,221,16,1,24,636
Florida,,,132,145,7,0,3,287
Foxborough,-,1,740,573,19,0,11,1343
Foxborough,-,2,1096,776,22,0,15,1909
Foxborough,-,3,810,714,29,1,7,1561
Foxborough,-,4,961,692,26,5,18,1702
Foxborough,-,5,865,638,40,0,17,1560
Framingham,-,1,217,64,8,0,7,296
Framingham,-,2,145,36,4,1,3,189
Framingham,-,3,228,55,4,0,4,291
Framingham,-,4,282,110,3,0,6,401
Framingham,-,5,418,154,8,2,12,594
Framingham,-,6,697,228,11,1,9,946
Framingham,-,7,837,240,20,1,2,1100
Framingham,-,8,440,153,9,0,6,608
Framingham,-,9A,568,162,12,2,9,753
Framingham,-,9B,30,13,0,0,0,43
Framingham,-,10,407,125,10,3,5,550
Framingham,-,11,509,157,6,1,13,686
Framingham,-,12,445,118,15,2,4,584
Framingham,-,13,270,67,2,0,6,345
Framingham,-,14,344,114,9,3,11,481
Framingham,-,15,368,134,5,0,8,515
Framingham,-,16,647,265,14,3,7,936
Framingham,-,17,778,249,8,2,7,1044
Framingham,-,18,861,332,13,4,12,1222
Framingham,-,19,831,344,19,2,13,1209
Framingham,-,20,896,310,19,1,7,1233
Framingham,-,21A,656,237,7,1,8,909
Framingham,-,21B,403,130,9,0,5,547
Framingham,-,21C,22,10,2,0,0,34
Framingham,-,22,956,308,15,2,14,1295
Framingham,-,23,767,327,10,3,9,1116
Framingham,-,24,841,293,27,2,10,1173
Framingham,-,25,832,321,19,0,11,1183
Framingham,-,26,739,260,21,0,11,1031
Framingham,-,27,774,227,16,1,7,1025
Franklin,-,1,959,605,26,1,12,1603
Franklin,-,2,824,533,22,3,13,1395
Franklin,-,3,948,623,20,4,12,1607
Franklin,-,4,980,764,22,0,12,1778
Franklin,-,5,1013,641,31,2,14,1701
Franklin,-,6,1023,579,22,1,17,1642
Franklin,-,7,1152,704,22,7,22,1907
Franklin,-,8,980,768,37,5,17,1807
Franklin,-,9,732,445,23,5,12,1217
Freetown,-,1,549,702,16,2,8,1277
Freetown,-,2,558,707,26,1,10,1302
Freetown,-,3,534,700,24,0,8,1266
Gardner,1,A,483,298,15,0,9,805
Gardner,1,B,204,200,5,0,5,414
Gardner,2,A,376,277,20,0,7,680
Gardner,2,B,359,367,9,0,5,740
Gardner,3,A,263,246,19,0,2,530
Gardner,3,B,413,268,10,0,4,695
Gardner,4,A,341,208,21,0,4,574
Gardner,4,B,238,168,13,0,4,423
Gardner,5,A,271,218,7,0,5,501
Gardner,5,B,428,360,16,0,3,807
Georgetown,-,1,765,643,19,1,9,1437
Georgetown,-,2,686,580,24,2,5,1297
Georgetown,-,3,694,580,20,2,14,1310
Gill,,,527,232,14,1,4,778
Gloucester,1,1,1193,468,23,1,17,1702
Gloucester,1,2,854,397,20,0,10,1281
Gloucester,2,1,673,281,23,2,17,996
Gloucester,2,2,630,233,17,3,11,894
Gloucester,3,1,621,325,10,1,12,969
Gloucester,3,2,699,385,14,1,10,1109
Gloucester,4,1,796,499,18,1,14,1328
Gloucester,4,2,1331,403,31,4,14,1783
Gloucester,5,1,1050,531,25,3,19,1628
Gloucester,5,2,1035,626,33,1,13,1708
Goshen,,,319,189,6,0,5,519
Gosnold,,,39,13,1,0,2,55
Grafton,-,1,915,615,33,0,11,1574
Grafton,-,2,1037,611,27,2,18,1695
Grafton,-,3,957,625,28,3,12,1625
Grafton,-,4,822,514,17,0,17,1370
Grafton,-,5,1109,695,27,2,19,1852
Granby,-,1,770,670,22,0,20,1482
Granby,-,2,633,736,22,0,6,1397
Granby,-,2A,13,13,2,0,0,28
Granville,,,279,453,17,0,1,750
Great Barrington,-,A,618,130,17,1,9,775
Great Barrington,-,B,617,152,16,1,7,793
Great Barrington,-,C,475,75,7,1,6,564
Great Barrington,-,D,707,158,8,0,6,879
Greenfield,-,1,533,310,8,0,8,859
Greenfield,-,2,724,286,13,0,9,1032
Greenfield,-,3,635,233,5,0,6,879
Greenfield,-,4,668,201,6,2,14,891
Greenfield,-,5,673,154,10,2,11,850
Greenfield,-,6,654,137,8,3,9,811
Greenfield,-,7,434,182,8,1,4,629
Greenfield,-,8,476,130,7,2,4,619
Greenfield,-,9,330,145,3,0,9,487
Groton,-,1,1244,555,39,4,12,1854
Groton,-,2,1123,634,28,5,10,1800
Groton,-,3,1171,532,40,9,19,1771
Groton,-,3A,80,40,4,0,2,126
Groveland,-,1,885,790,25,0,12,1712
Groveland,-,2,848,773,27,1,14,1663
Hadley,,,1788,720,35,2,23,2568
Halifax,-,1,786,983,30,0,9,1808
Halifax,-,2,769,879,22,2,9,1681
Halifax,-,2A,24,48,2,0,1,75
Hamilton,-,1,1183,645,29,3,17,1877
Hamilton,-,2,1194,612,34,3,11,1854
Hampden,,,1026,1266,38,0,22,2352
Hancock,,,182,152,14,0,6,354
Hanover,-,1,896,1025,19,2,13,1955
Hanover,-,2,865,905,10,1,25,1806
Hanover,-,3,829,837,22,2,19,1709
Hanover,-,4,934,960,19,1,21,1935
Hanson,-,1,738,932,25,1,20,1716
Hanson,-,2,817,1002,31,1,11,1862
Hanson,-,3,650,773,32,0,14,1469
Hardwick,,,506,573,27,0,12,1118
Harvard,,,2298,819,61,4,17,3199
Harwich,-,1,1313,796,33,1,24,2167
Harwich,-,2,1120,718,25,0,11,1874
Harwich,-,3,1083,710,24,0,8,1825
Harwich,-,4,931,648,24,3,5,1611
Hatfield,,,1184,545,30,0,12,1771
Haverhill,1,1,215,111,2,0,4,332
Haverhill,1,2,276,105,5,0,5,391
Haverhill,1,2A,125,66,2,1,1,195
Haverhill,1,3,240,123,9,1,6,379
Haverhill,1,3A,169,103,7,0,4,283
Haverhill,2,1,621,379,16,1,13,1030
Haverhill,2,2,618,381,22,2,10,1033
Haverhill,2,3,321,158,3,1,1,484
Haverhill,3,1,415,158,15,0,4,592
Haverhill,3,2,360,187,12,0,5,564
Haverhill,3,3,369,195,11,0,4,579
Haverhill,4,1,724,543,27,1,8,1303
Haverhill,4,2,823,758,25,2,10,1618
Haverhill,4,3,672,544,15,0,15,1246
Haverhill,5,1,382,259,10,0,5,656
Haverhill,5,1A,256,155,13,0,4,428
Haverhill,5,2,759,609,16,0,8,1392
Haverhill,5,3,703,729,12,2,17,1463
Haverhill,5,3A,45,51,1,0,1,98
Haverhill,6,1,546,463,19,0,11,1039
Haverhill,6,2,442,336,13,1,9,801
Haverhill,6,2A,186,102,4,0,5,297
Haverhill,6,3,737,489,23,1,15,1265
Haverhill,7,1,614,430,18,1,9,1072
Haverhill,7,2,426,342,10,0,4,782
Haverhill,7,2A,126,78,2,0,5,211
Haverhill,7,3,768,662,27,0,7,1464
Haverhill,7,3A,16,11,0,0,0,27
Hawley,,,108,48,2,0,0,158
Heath,,,238,121,4,0,0,363
Hingham,-,1,1112,594,25,0,21,1752
Hingham,-,2,1123,592,36,2,20,1773
Hingham,-,3,1027,612,29,3,17,1688
Hingham,-,4,1141,630,21,4,25,1821
Hingham,-,5,977,744,29,4,29,1783
Hingham,-,6,1011,586,23,2,24,1646
Hingham,-,7,606,411,14,3,13,1047
Hingham,-,7A,801,228,5,2,7,1043
Hinsdale,,,522,315,15,1,5,858
Holbrook,-,1,572,352,13,3,4,944
Holbrook,-,2,559,490,29,0,10,1088
Holbrook,-,3,558,394,10,0,7,969
Holbrook,-,4,505,374,17,0,9,905
Holden,-,1,835,695,24,2,15,1571
Holden,-,2,840,610,28,0,26,1504
Holden,-,3,901,655,21,0,13,1590
Holden,-,4,889,636,21,3,18,1567
Holden,-,5,900,651,27,0,15,1593
Holden,-,6,888,650,27,0,24,1589
Holland,,,470,561,29,1,7,1068
Holliston,-,1,1261,623,39,5,24,1952
Holliston,-,2,1237,493,34,1,11,1776
Holliston,-,3,1045,502,32,1,13,1593
Holliston,-,4,1282,554,34,4,15,1889
Holyoke,1,A,177,65,1,0,4,247
Holyoke,1,B,283,74,6,2,4,369
Holyoke,2,A,291,115,4,0,4,414
Holyoke,2,B,109,54,3,0,4,170
Holyoke,3,A,467,192,11,1,7,678
Holyoke,3,B,649,335,21,1,7,1013
Holyoke,4,A,212,67,9,2,4,294
Holyoke,4,B,420,121,10,1,3,555
Holyoke,5,A,776,604,17,1,20,1418
Holyoke,5,B,421,327,13,0,2,763
Holyoke,6,A,482,145,11,0,7,645
Holyoke,6,B,545,210,12,0,9,776
Holyoke,7,A,905,424,14,4,14,1361
Holyoke,7,B,783,258,13,2,12,1068
Hopedale,,,1472,964,52,11,17,2516
Hopkinton,-,1,881,357,9,0,6,1253
Hopkinton,-,2,1036,529,21,2,22,1610
Hopkinton,-,3,982,562,24,0,12,1580
Hopkinton,-,4,1140,557,22,2,13,1734
Hopkinton,-,5,1125,569,24,6,12,1736
Hubbardston,,,966,1176,53,0,15,2210
Hudson,-,1,840,453,20,1,19,1333
Hudson,-,2,682,406,24,3,10,1125
Hudson,-,3,876,528,22,0,17,1443
Hudson,-,4,1032,603,34,4,22,1695
Hudson,-,5,1107,522,34,2,11,1676
Hudson,-,6,672,375,20,1,13,1081
Hull,-,1,1203,577,28,0,14,1822
Hull,-,2,940,613,23,2,12,1590
Hull,-,3,1219,681,29,2,19,1950
Huntington,,,411,461,14,1,9,896
Ipswich,-,1,1242,481,29,3,15,1770
Ipswich,-,2,1258,618,26,2,14,1918
Ipswich,-,3,1070,768,27,2,19,1886
Ipswich,-,4,1174,668,27,3,11,1883
Kingston,-,1,783,660,24,1,14,1482
Kingston,-,2,833,843,27,0,15,1718
Kingston,-,3,786,824,23,3,2,1638
Kingston,-,4,765,671,28,0,12,1476
Lakeville,-,1,724,1033,39,4,19,1819
Lakeville,-,2,827,1054,36,1,29,1947
Lakeville,-,3,778,963,30,0,13,1784
Lancaster,-,1,682,627,25,1,13,1348
Lancaster,-,2,985,738,30,3,29,1785
Lanesborough,,,812,427,36,1,9,1285
Lawrence,A,1,333,125,9,0,8,475
Lawrence,A,2,201,49,8,0,8,266
Lawrence,A,2A,2,0,0,0,1,3
Lawrence,A,3,243,107,4,3,11,368
Lawrence,A,4,339,111,15,2,7,474
Lawrence,B,1,369,75,5,0,6,455
Lawrence,B,2,231,58,6,1,11,307
Lawrence,B,3,214,75,4,0,16,309
Lawrence,B,4,290,72,5,0,23,390
Lawrence,C,1,227,82,11,0,5,325
Lawrence,C,2,338,119,8,2,3,470
Lawrence,C,3,209,74,2,1,9,295
Lawrence,C,4,204,72,7,1,12,296
Lawrence,D,1,315,136,9,1,5,466
Lawrence,D,2,217,78,10,0,10,315
Lawrence,D,3,170,43,5,0,7,225
Lawrence,D,4,241,70,5,0,14,330
Lawrence,E,1,516,324,19,1,5,865
Lawrence,E,1A,11,8,1,0,1,21
Lawrence,E,2,501,275,14,4,9,803
Lawrence,E,3,307,141,10,0,13,471
Lawrence,E,4,280,84,4,1,6,375
Lawrence,F,1,543,228,10,0,9,790
Lawrence,F,2,264,60,5,0,8,337
Lawrence,F,3,329,92,8,0,5,434
Lawrence,F,4,309,133,4,2,8,456
Lee,,,1603,733,40,4,36,2416
Leicester,-,1,496,603,33,0,11,1143
Leicester,-,2,530,525,26,0,12,1093
Leicester,-,3,509,609,16,0,4,1138
Leicester,-,4,511,555,18,0,11,1095
Lenox,,,1976,490,38,5,38,2547
Leominster,1,A,663,576,22,0,16,1277
Leominster,1,B,690,448,24,2,28,1192
Leominster,1,C,473,352,15,0,14,854
Leominster,2,A,320,210,19,0,4,553
Leominster,2,B,471,382,16,0,6,875
Leominster,2,C,256,222,9,0,4,491
Leominster,3,A,541,372,21,0,9,943
Leominster,3,B,720,540,21,0,28,1309
Leominster,3,C,560,465,24,1,15,1065
Leominster,4,A,634,621,19,0,13,1287
Leominster,4,B,604,561,28,0,8,1201
Leominster,4,C,458,327,14,1,13,813
Leominster,5,A,494,319,13,0,7,833
Leominster,5,B,589,440,22,0,9,1060
Leominster,5,C,391,282,22,0,3,698
Leverett,,,930,136,14,1,2,1083
Lexington,-,1,1162,329,19,2,16,1528
Lexington,-,2,1430,283,22,4,27,1766
Lexington,-,3,1125,221,11,0,11,1368
Lexington,-,4,1396,302,16,5,22,1741
Lexington,-,5,1196,371,32,3,13,1615
Lexington,-,6,1326,356,22,8,22,1734
Lexington,-,7,1257,402,24,1,13,1697
Lexington,-,8,1216,336,18,2,18,1590
Lexington,-,9,1311,360,27,2,22,1722
Leyden,,,256,123,13,0,3,395
Lincoln,-,1,1737,320,28,4,19,2108
Lincoln,-,2,956,247,25,6,13,1247
Littleton,-,1,1086,530,29,0,10,1655
Littleton,-,2,1069,565,27,0,9,1670
Littleton,-,3,1120,564,35,0,23,1742
Longmeadow,-,A,992,490,27,6,11,1526
Longmeadow,-,B,883,489,18,3,9,1402
Longmeadow,-,C,887,609,24,1,11,1532
Longmeadow,-,D,853,588,24,0,10,1475
Longmeadow,-,E,854,501,23,3,18,1399
Lowell,1,1,357,220,23,0,14,614
Lowell,1,1A,0,0,0,0,0,0
Lowell,1,2,481,339,18,1,14,853
Lowell,1,3,651,389,29,0,23,1092
Lowell,1,4,608,318,18,1,43,988
Lowell,2,1,280,134,11,1,49,475
Lowell,2,2,381,200,8,1,11,601
Lowell,2,3,511,277,15,2,9,814
Lowell,2,4,414,234,16,0,5,669
Lowell,3,1,390,148,8,0,18,564
Lowell,3,2,1075,631,25,4,30,1765
Lowell,3,3,801,462,23,1,27,1314
Lowell,3,4,479,252,16,0,35,782
Lowell,4,1,327,69,6,0,16,418
Lowell,4,2,614,126,15,0,5,760
Lowell,4,3,183,34,8,2,20,247
Lowell,4,3A,120,20,3,0,1,144
Lowell,4,4,289,186,10,0,10,495
Lowell,4,4A,2,0,0,0,0,2
Lowell,5,1,421,188,17,2,8,636
Lowell,5,1A,87,24,4,0,1,116
Lowell,5,2,385,174,17,3,11,590
Lowell,5,3,244,100,10,0,5,359
Lowell,5,4,484,263,20,0,10,777
Lowell,6,1,361,153,14,1,23,552
Lowell,6,2,236,85,8,0,15,344
Lowell,6,3,173,62,4,0,13,252
Lowell,6,3A,40,23,2,0,3,68
Lowell,6,4,245,130,7,1,11,394
Lowell,6,4A,90,37,5,0,6,138
Lowell,7,1,281,112,14,1,10,418
Lowell,7,2,238,89,20,3,11,361
Lowell,7,3,337,86,10,1,9,443
Lowell,7,4,176,77,6,0,9,268
Lowell,8,1,359,182,13,1,10,565
Lowell,8,2,360,139,8,0,6,513
Lowell,8,3,683,369,21,2,12,1087
Lowell,8,4,552,273,9,0,12,846
Lowell,8,4A,25,3,0,0,2,30
Ludlow,-,1,625,692,21,1,12,1351
Ludlow,-,2,444,437,12,2,24,919
Ludlow,-,3,683,941,24,0,14,1662
Ludlow,-,4,647,660,17,1,16,1341
Ludlow,-,5,543,577,17,2,14,1153
Ludlow,-,6,740,833,27,0,23,1623
Lunenburg,-,A,684,583,30,1,9,1307
Lunenburg,-,B,678,483,19,1,13,1194
Lunenburg,-,B1,35,28,1,0,0,64
Lunenburg,-,C,647,592,29,0,9,1277
Lunenburg,-,C1,4,6,0,0,0,10
Lunenburg,-,D,783,623,37,2,11,1456
Lynn,1,1,935,744,25,2,16,1722
Lynn,1,2,699,478,18,0,18,1213
Lynn,1,2A,151,102,2,0,7,262
Lynn,1,3,781,440,19,0,16,1256
Lynn,1,4,593,290,17,3,7,910
Lynn,2,1,812,484,13,3,11,1323
Lynn,2,2,447,191,13,0,5,656
Lynn,2,3,294,90,5,1,5,395
Lynn,2,4,267,92,13,0,4,376
Lynn,3,1,519,280,16,2,5,822
Lynn,3,2,349,113,11,1,3,477
Lynn,3,3,545,221,11,0,7,784
Lynn,3,4,598,175,16,0,10,799
Lynn,4,1,204,82,6,0,6,298
Lynn,4,2,236,50,4,0,2,292
Lynn,4,3,347,113,7,0,7,474
Lynn,4,3A,71,15,3,0,1,90
Lynn,4,4,510,182,10,0,7,709
Lynn,5,1,572,264,14,0,10,860
Lynn,5,2,249,86,9,0,8,352
Lynn,5,3,193,70,7,1,7,278
Lynn,5,4,521,157,11,0,16,705
Lynn,6,1,328,121,11,0,5,465
Lynn,6,2,194,66,3,0,3,266
Lynn,6,3,273,72,6,0,4,355
Lynn,6,4,428,202,10,0,7,647
Lynn,7,1,691,333,21,1,7,1053
Lynn,7,2,651,305,17,3,6,982
Lynn,7,3,346,189,6,0,8,549
Lynn,7,4,428,208,10,3,3,652
Lynnfield,-,1,718,741,24,1,11,1495
Lynnfield,-,2,765,677,20,5,14,1481
Lynnfield,-,3,698,713,23,1,12,1447
Lynnfield,-,4,705,859,12,1,16,1593
Malden,1,1,365,79,6,0,8,458
Malden,1,2,436,139,17,1,6,599
Malden,1,3,456,149,19,1,10,635
Malden,2,1,361,108,5,4,4,482
Malden,2,2,360,172,12,1,9,554
Malden,2,3,491,197,4,0,11,703
Malden,3,1,336,110,13,0,4,463
Malden,3,1A,408,147,5,0,4,564
Malden,3,2,499,138,9,2,14,662
Malden,3,3,687,180,17,0,8,892
Malden,4,1,418,120,9,1,6,554
Malden,4,2,298,71,9,0,4,382
Malden,4,3,441,89,7,1,4,542
Malden,5,1,454,164,13,1,11,643
Malden,5,2,733,253,12,3,7,1008
Malden,5,3,273,88,9,0,3,373
Malden,5,3A,146,13,1,0,3,163
Malden,6,1,691,225,11,1,11,939
Malden,6,2,408,164,10,0,6,588
Malden,6,3,420,205,8,2,4,639
Malden,7,1,365,100,4,1,9,479
Malden,7,2,346,119,11,0,4,480
Malden,7,3,206,102,6,1,5,320
Malden,7,3A,172,44,3,0,1,220
Malden,8,1,500,214,17,0,5,736
Malden,8,2,392,159,4,2,5,562
Malden,8,3,320,105,6,0,7,438
Manchester-by-the-Sea,,,1981,859,44,21,2,2907
Mansfield,-,1,839,692,27,3,10,1571
Mansfield,-,2,579,427,17,2,11,1036
Mansfield,-,2A,258,177,3,0,4,442
Mansfield,-,3,1041,710,28,1,26,1806
Mansfield,-,4,824,566,23,0,7,1420
Mansfield,-,5,829,444,29,0,11,1313
Mansfield,-,6,605,327,21,0,7,960
Mansfield,-,6A,140,88,0,1,1,230
Mansfield,-,7,896,528,17,0,13,1454
Marblehead,-,1,1298,557,23,1,21,1900
Marblehead,-,2,1282,456,21,2,19,1780
Marblehead,-,3,1110,475,16,3,20,1624
Marblehead,-,4,1199,586,19,5,23,1832
Marblehead,-,5,1109,540,9,1,22,1681
Marblehead,-,6,1232,544,26,1,16,1819
Marion,,,1689,1047,53,2,22,2813
Marlborough,1,1,564,275,9,2,11,861
Marlborough,1,1A,20,6,0,0,0,26
Marlborough,1,2,892,473,16,1,15,1397
Marlborough,2,1,675,436,18,1,11,1141
Marlborough,2,2,524,290,16,0,7,837
Marlborough,2,2A,4,5,0,0,0,9
Marlborough,3,1,349,218,27,1,12,607
Marlborough,3,2,809,348,22,1,16,1196
Marlborough,4,1,315,190,6,0,5,516
Marlborough,4,2,789,440,27,1,26,1283
Marlborough,5,1,381,198,12,1,8,600
Marlborough,5,2,682,317,22,1,10,1032
Marlborough,6,1,413,227,10,0,11,661
Marlborough,6,2,784,487,29,2,12,1314
Marlborough,7,1,533,314,18,0,5,870
Marlborough,7,2,540,343,19,2,8,912
Marlborough,7,2A,19,14,3,0,0,36
Marshfield,-,1,989,925,15,0,11,1940
Marshfield,-,2,857,759,20,0,8,1644
Marshfield,-,2A,146,66,4,0,3,219
Marshfield,-,3,1000,855,30,0,17,1902
Marshfield,-,4,835,736,19,0,13,1603
Marshfield,-,5,853,743,32,0,18,1646
Marshfield,-,6,1148,1049,35,0,16,2248
Marshfield,-,7,1004,925,21,0,13,1963
Mashpee,-,1,1054,632,13,1,7,1707
Mashpee,-,2,733,637,16,0,12,1398
Mashpee,-,3,684,615,27,0,18,1344
Mashpee,-,4,822,521,21,2,10,1376
Mashpee,-,5,1200,974,21,5,15,2215
Mattapoisett,-,1,1050,803,25,1,16,1895
Mattapoisett,-,2,1064,788,17,2,19,1890
Maynard,-,1,985,337,21,1,3,1347
Maynard,-,2,834,274,15,4,5,1132
Maynard,-,3,1130,410,21,2,10,1573
Maynard,-,4,789,313,23,1,4,1130
Medfield,-,1,1065,539,21,8,24,1657
Medfield,-,2,987,502,19,1,14,1523
Medfield,-,3,1011,579,23,1,13,1627
Medfield,-,4,970,528,27,2,19,1546
Medford,1,1,874,360,15,0,19,1268
Medford,1,2,1010,383,16,0,18,1427
Medford,2,1,840,391,21,0,15,1267
Medford,2,2,1228,574,24,0,20,1846
Medford,3,1,1187,516,21,0,20,1744
Medford,3,2,1357,555,27,0,16,1955
Medford,4,1,541,112,10,0,3,666
Medford,4,2,1164,297,13,0,24,1498
Medford,5,1,1014,231,17,0,21,1283
Medford,5,2,991,179,21,0,8,1199
Medford,6,1,1442,240,23,0,15,1720
Medford,6,2,1191,354,17,0,17,1579
Medford,6,2A,49,31,0,0,1,81
Medford,7,1,527,165,15,0,9,716
Medford,7,2,653,160,13,0,10,836
Medford,7,2A,69,32,0,0,1,102
Medford,8,1,1133,336,29,0,17,1515
Medford,8,2,909,291,20,0,20,1240
Medway,-,1,828,579,28,1,16,1452
Medway,-,2,951,558,27,5,14,1555
Medway,-,3,989,608,34,3,21,1655
Medway,-,4,894,603,32,3,15,1547
Melrose,1,1,850,246,16,5,12,1129
Melrose,1,2,674,220,9,2,5,910
Melrose,2,1,753,331,10,3,10,1107
Melrose,2,2,707,252,9,0,7,975
Melrose,3,1,674,208,18,0,8,908
Melrose,3,2,710,258,10,3,6,987
Melrose,4,1,651,214,8,4,4,881
Melrose,4,2,694,393,14,1,14,1116
Melrose,5,1,501,146,4,0,4,655
Melrose,5,2,516,128,5,2,3,654
Melrose,6,1,643,226,16,2,5,892
Melrose,6,2,770,337,24,1,9,1141
Melrose,7,1,723,251,21,0,3,998
Melrose,7,2,745,316,16,1,6,1084
Mendon,-,1,673,667,24,0,17,1381
Mendon,-,2,695,705,23,0,19,1442
Merrimac,-,1,886,637,28,2,9,1562
Merrimac,-,2,959,738,21,2,8,1728
Methuen,-,1,341,199,14,1,2,557
Methuen,-,2,414,219,7,0,11,651
Methuen,-,3,588,467,10,0,8,1073
Methuen,-,4,516,358,9,1,13,897
Methuen,-,5,599,450,18,3,9,1079
Methuen,-,6,478,469,23,0,12,982
Methuen,-,6A,62,48,2,2,0,114
Methuen,-,7,723,617,14,1,20,1375
Methuen,-,8,694,662,22,1,9,1388
Methuen,-,9,639,704,13,0,8,1364
Methuen,-,10,598,554,15,0,9,1176
Methuen,-,11,780,850,17,2,14,1663
Methuen,-,12,613,550,13,2,7,1185
Methuen,-,13,393,353,11,1,8,766
Methuen,-,13A,233,175,3,1,3,415
Methuen,-,14,585,356,16,2,11,970
Methuen,-,15,442,260,13,1,4,720
Middleborough,-,1,968,1061,15,0,21,2065
Middleborough,-,2,549,546,25,1,10,1131
Middleborough,-,3,616,806,20,0,9,1451
Middleborough,-,4,457,467,14,1,8,947
Middleborough,-,5,516,734,21,0,9,1280
Middleborough,-,5A,96,161,2,0,3,262
Middleborough,-,6,586,754,28,3,8,1379
Middleborough,-,7,426,516,13,0,11,966
Middleborough,-,7A,118,231,12,1,2,364
Middlefield,,,164,87,2,1,3,257
Middleton,-,1,817,902,15,1,11,1746
Middleton,-,2,568,576,17,0,9,1170
Middleton,-,3,600,849,16,9,10,1484
Milford,-,1,407,269,13,0,5,694
Milford,-,2,720,512,11,0,10,1253
Milford,-,3,569,461,27,0,11,1068
Milford,-,4,444,308,9,0,12,773
Milford,-,5,866,701,27,4,20,1618
Milford,-,6,753,484,21,0,16,1274
Milford,-,7,974,643,33,1,17,1668
Milford,-,8,855,518,27,2,19,1421
Millbury,-,1,688,658,21,2,16,1385
Millbury,-,2,797,799,24,1,12,1633
Millbury,-,3,660,603,34,2,20,1319
Millbury,-,4,717,581,24,0,14,1336
Millis,-,1,804,493,27,0,9,1333
Millis,-,2,789,559,27,0,18,1393
Millis,-,3,1123,621,23,0,6,1773
Millville,,,489,682,30,0,9,1210
Milton,-,1,954,164,18,2,10,1148
Milton,-,2,1144,225,20,0,11,1400
Milton,-,3,1025,346,16,2,23,1412
Milton,-,4,565,214,11,0,5,795
Milton,-,4A,365,86,7,1,5,464
Milton,-,5,798,289,22,1,18,1128
Milton,-,6,839,512,17,3,17,1388
Milton,-,7,809,428,15,1,11,1264
Milton,-,8,917,483,25,4,16,1445
Milton,-,9,874,550,18,4,13,1459
Milton,-,10,755,164,11,0,4,934
Monroe,,,24,14,0,0,0,38
Monson,-,A,558,644,26,0,5,1233
Monson,-,B,561,631,20,0,9,1221
Monson,-,C,589,675,17,0,6,1287
Montague,-,1,686,137,14,1,2,840
Montague,-,2,349,174,15,0,5,543
Montague,-,3,384,204,8,1,4,601
Montague,-,4,397,149,4,0,3,553
Montague,-,5,306,70,10,1,5,392
Montague,-,6,352,133,11,0,4,500
Monterey,,,397,96,3,0,4,500
Montgomery,,,190,256,2,0,0,448
Mount Washington,,,79,20,4,0,3,106
Nahant,,,1260,675,23,2,15,1975
Nantucket,,,3262,1553,86,2,52,4955
Natick,-,1,683,200,16,0,10,909
Natick,-,2,1151,408,25,2,18,1604
Natick,-,3,1110,434,30,0,17,1591
Natick,-,4,1118,357,28,2,5,1510
Natick,-,5,1140,484,23,0,18,1665
Natick,-,6,1101,425,22,1,18,1567
Natick,-,7,1457,417,23,5,12,1914
Natick,-,8,1286,430,24,1,14,1755
Natick,-,9,1343,384,20,1,21,1769
Natick,-,10,1535,522,27,0,25,2109
Needham,-,A,916,354,15,2,8,1295
Needham,-,B,1122,398,19,2,18,1559
Needham,-,C,1146,354,30,4,19,1553
Needham,-,D,1067,374,12,2,17,1472
Needham,-,E,1191,401,25,4,20,1641
Needham,-,F,1131,325,17,2,26,1501
Needham,-,G,1236,383,24,3,13,1659
Needham,-,H,1173,412,16,1,14,1616
Needham,-,I,1324,341,22,5,18,1710
Needham,-,J,1130,329,16,0,17,1492
New Ashford,,,68,47,3,0,0,118
New Bedford,1,A,396,315,9,1,22,743
New Bedford,1,A1,50,43,1,0,2,96
New Bedford,1,B,431,416,10,0,17,874
New Bedford,1,B1,50,32,4,0,3,89
New Bedford,1,C,326,291,12,0,12,641
New Bedford,1,C1,66,37,4,0,4,111
New Bedford,1,D,504,520,19,0,15,1058
New Bedford,1,E,482,349,18,1,18,868
New Bedford,1,F,491,429,14,0,15,949
New Bedford,2,A,70,39,5,1,1,116
New Bedford,2,B,120,97,6,0,4,227
New Bedford,2,C,162,112,5,0,10,289
New Bedford,2,D,380,220,6,0,14,620
New Bedford,2,E,388,365,14,0,14,781
New Bedford,2,F,269,199,11,0,7,486
New Bedford,3,A,192,85,6,2,10,295
New Bedford,3,B,176,78,8,0,5,267
New Bedford,3,C,136,97,9,0,2,244
New Bedford,3,D,279,150,8,1,10,448
New Bedford,3,E,404,261,16,0,11,692
New Bedford,3,F,371,234,6,0,26,637
New Bedford,3,F1,170,81,4,0,3,258
New Bedford,4,A,108,28,5,0,10,151
New Bedford,4,A1,132,29,7,0,4,172
New Bedford,4,B,397,130,7,0,15,549
New Bedford,4,C,427,113,12,1,6,559
New Bedford,4,D,336,154,18,1,6,515
New Bedford,4,E,289,153,15,0,13,470
New Bedford,4,F,375,143,12,2,21,553
New Bedford,5,A,254,131,10,0,11,406
New Bedford,5,B,555,204,10,2,16,787
New Bedford,5,C,396,246,11,0,15,668
New Bedford,5,D,629,254,13,2,11,909
New Bedford,5,E,632,394,12,1,19,1058
New Bedford,5,F,590,311,17,1,26,945
New Bedford,6,A,438,338,17,0,11,804
New Bedford,6,B,356,212,10,0,10,588
New Bedford,6,C,168,89,4,0,11,272
New Bedford,6,D,138,71,14,0,1,224
New Bedford,6,E,160,95,10,2,7,274
New Bedford,6,F,287,153,15,0,6,461
New Braintree,,,232,246,6,0,4,488
New Marlborough,,,509,224,18,0,15,766
New Salem,,,338,200,20,0,4,562
Newbury,-,1,1236,708,29,3,15,1991
Newbury,-,2,1151,774,38,3,9,1975
Newburyport,1,1,1058,303,16,0,12,1389
Newburyport,2,1,1248,356,25,2,15,1646
Newburyport,3,1,1332,379,18,5,10,1744
Newburyport,4,1,1256,426,20,3,9,1714
Newburyport,5,1,921,494,16,1,15,1447
Newburyport,6,1,1040,513,20,1,13,1587
Newburyport,1,P,227,156,4,1,5,393
Newton,1,1,661,279,19,1,7,967
Newton,1,2,955,164,17,0,8,1144
Newton,1,2A,47,7,1,0,1,56
Newton,1,3,974,146,20,5,11,1156
Newton,1,4,771,301,13,1,25,1111
Newton,2,1,874,188,14,3,15,1094
Newton,2,2,704,135,16,1,9,865
Newton,2,3,1130,182,27,1,14,1354
Newton,2,4,1220,216,24,3,14,1477
Newton,3,1,1002,241,11,5,7,1266
Newton,3,1A,0,0,0,0,0,0
Newton,3,2,1100,189,10,4,17,1320
Newton,3,3,936,303,14,2,14,1269
Newton,3,4,922,308,19,0,11,1260
Newton,4,1,886,221,18,1,9,1135
Newton,4,2,916,154,12,3,11,1096
Newton,4,3,649,143,6,2,7,807
Newton,4,4,792,244,17,2,13,1068
Newton,5,1,871,221,9,2,15,1118
Newton,5,2,1059,153,11,0,6,1229
Newton,5,3,1212,195,12,1,15,1435
Newton,5,4,1185,198,15,2,16,1416
Newton,6,1,916,216,13,1,9,1155
Newton,6,2,978,167,18,1,11,1175
Newton,6,3,1185,144,11,1,18,1359
Newton,6,4,1250,182,20,5,20,1477
Newton,7,1,776,192,18,5,15,1006
Newton,7,2,1140,217,12,2,22,1393
Newton,7,3,305,71,5,2,4,387
Newton,7,4,508,127,5,0,9,649
Newton,8,1,857,328,15,3,18,1221
Newton,8,2,794,291,10,0,19,1114
Newton,8,3,936,238,26,2,17,1219
Newton,8,4,789,280,16,2,14,1101
Norfolk,-,1,499,378,16,0,13,906
Norfolk,-,2,900,682,36,3,11,1632
Norfolk,-,3,754,603,22,2,6,1387
Norfolk,-,4,842,578,16,2,14,1452
N. Adams,1,1,583,253,15,0,16,867
N. Adams,2,2,573,204,17,0,9,803
N. Adams,3,3,412,121,15,0,8,556
N. Adams,4,4,640,276,8,0,12,936
N. Adams,5,5,511,198,24,0,7,740
N. Andover,-,1,792,471,17,0,13,1293
N. Andover,-,2,930,588,24,0,19,1561
N. Andover,-,3,856,563,18,2,15,1454
N. Andover,-,4,1243,750,29,3,14,2039
N. Andover,-,5,513,335,11,0,8,867
N. Andover,-,6,1062,830,40,2,10,1944
N. Andover,-,7,1038,639,20,1,10,1708
N. Andover,-,8,930,798,22,3,7,1760
N. Attleborough,-,1,513,327,19,1,16,876
N. Attleborough,-,2,726,533,23,3,13,1298
N. Attleborough,-,3,657,656,30,0,12,1355
N. Attleborough,-,4,620,387,24,1,14,1046
N. Attleborough,-,5,633,495,23,1,9,1161
N. Attleborough,-,6,800,596,19,1,16,1432
N. Attleborough,-,7,863,726,26,1,16,1632
N. Attleborough,-,8,730,605,32,1,13,1381
N. Attleborough,-,9,648,568,14,0,9,1239
N. Brookfield,,,827,1110,48,2,17,2004
N. Reading,-,1,979,821,24,3,14,1841
N. Reading,-,2,1051,760,29,1,18,1859
N. Reading,-,3,936,798,22,4,25,1785
N. Reading,-,4,1015,794,24,2,18,1853
Northampton,1,A,803,107,13,1,5,929
Northampton,1,B,1002,89,11,0,6,1108
Northampton,2,A,782,25,7,3,11,828
Northampton,2,B,608,36,4,0,3,651
Northampton,3,A,775,80,13,2,13,883
Northampton,3,B,920,66,10,5,8,1009
Northampton,4,A,679,37,7,2,9,734
Northampton,4,B,1010,97,8,7,0,1122
Northampton,5,A,788,98,10,2,6,904
Northampton,5,B,984,109,9,1,9,1112
Northampton,6,A,945,266,11,2,8,1232
Northampton,6,B,1005,189,18,1,8,1221
Northampton,7,A,926,134,8,3,11,1082
Northampton,7,B,936,141,19,2,7,1105
Northborough,-,1,1094,569,30,2,15,1710
Northborough,-,2,1109,531,37,3,14,1694
Northborough,-,3,1147,613,22,1,17,1800
Northborough,-,4,1149,670,39,4,22,1884
Northbridge,-,1,714,583,26,1,11,1335
Northbridge,-,2,549,523,16,1,10,1099
Northbridge,-,3,522,524,22,2,11,1081
Northbridge,-,4,678,772,27,2,11,1490
Northbridge,-,5,652,665,27,1,13,1358
Northfield,,,937,491,31,0,4,1463
Norton,-,1,826,766,38,1,28,1659
Norton,-,2,846,714,26,3,12,1601
Norton,-,3,807,694,23,1,14,1539
Norton,-,4,865,726,27,1,18,1637
Norton,-,5,496,468,13,0,9,986
Norwell,-,1,944,758,24,4,21,1751
Norwell,-,2,1046,908,31,2,13,2000
Norwell,-,3,1040,776,32,7,20,1875
Norwood,-,1,895,487,15,1,13,1411
Norwood,-,2,802,457,14,1,10,1284
Norwood,-,3,903,490,25,0,13,1431
Norwood,-,4,985,603,28,2,18,1636
Norwood,-,5,582,243,13,0,4,842
Norwood,-,6,578,385,16,1,14,994
Norwood,-,7,791,511,16,2,9,1329
Norwood,-,8,932,530,17,0,11,1490
Norwood,-,9,818,617,16,4,11,1466
Oak Bluffs,,,1726,539,38,2,15,2320
Oakham,,,398,519,13,0,4,934
Orange,-,1,665,644,20,1,18,1348
Orange,-,2,720,585,37,13,0,1355
Orleans,-,1,1389,554,29,3,22,1997
Orleans,-,2,1250,740,29,3,17,2039
Otis,,,424,323,17,0,5,769
Oxford,-,1,607,705,36,0,10,1358
Oxford,-,2,603,661,25,0,4,1293
Oxford,-,3,579,697,25,0,8,1309
Oxford,-,4,532,650,23,0,17,1222
Oxford,-,4A,4,15,1,0,0,20
Palmer,-,1,564,631,24,0,12,1231
Palmer,-,2,519,688,22,1,6,1236
Palmer,-,3,495,411,16,0,7,929
Palmer,-,4,426,588,22,2,6,1044
Paxton,,,1144,1013,38,0,19,2214
Peabody,1,1,701,527,18,2,11,1259
Peabody,1,2,714,637,17,1,12,1381
Peabody,1,3,698,674,24,1,5,1402
Peabody,2,1,495,219,8,0,4,726
Peabody,2,2,428,250,7,0,6,691
Peabody,2,3,522,391,19,1,9,942
Peabody,3,1,334,188,9,0,6,537
Peabody,3,2,531,329,10,1,9,880
Peabody,3,3,584,420,20,2,11,1037
Peabody,4,1,631,469,16,3,5,1124
Peabody,4,2,384,326,11,0,4,725
Peabody,4,3,273,200,6,2,2,483
Peabody,4,3A,958,322,12,2,10,1304
Peabody,5,1,814,656,14,1,13,1498
Peabody,5,2,503,501,12,0,10,1026
Peabody,5,3,553,498,14,0,5,1070
Peabody,6,1,816,816,8,0,7,1647
Peabody,6,2,646,739,17,2,18,1422
Peabody,6,3,756,809,18,2,6,1591
Pelham,,,637,70,17,0,14,738
Pembroke,-,1,931,885,30,3,13,1862
Pembroke,-,2,737,818,24,3,15,1597
Pembroke,-,3,831,864,34,1,9,1739
Pembroke,-,3A,7,5,0,0,0,12
Pembroke,-,4,798,866,30,4,11,1709
Pembroke,-,5,784,788,15,3,17,1607
Pepperell,-,1,618,610,36,1,11,1276
Pepperell,-,2,826,737,30,1,15,1609
Pepperell,-,3,726,670,29,1,3,1429
Pepperell,-,4,658,438,20,1,8,1125
Peru,,,186,166,9,0,3,364
Petersham,,,418,294,25,0,7,744
Phillipston,,,307,475,14,0,13,809
Pittsfield,1,A,494,166,17,0,5,682
Pittsfield,1,B,762,316,21,0,16,1115
Pittsfield,2,A,321,106,14,0,7,448
Pittsfield,2,B,757,285,26,0,12,1080
Pittsfield,3,A,902,265,23,0,14,1204
Pittsfield,3,B,937,341,17,0,16,1311
Pittsfield,4,A,905,302,31,1,16,1255
Pittsfield,4,B,1094,418,24,0,19,1555
Pittsfield,5,A,761,214,18,1,15,1009
Pittsfield,5,B,790,294,22,0,13,1119
Pittsfield,6,A,794,228,14,2,16,1054
Pittsfield,6,B,552,174,16,2,8,752
Pittsfield,7,A,396,191,15,0,7,609
Pittsfield,7,B,716,274,24,0,27,1041
Plainfield,,,256,106,3,0,3,368
Plainville,-,1,647,573,27,0,7,1254
Plainville,-,2,749,628,16,2,15,1410
Plainville,-,3,771,703,32,2,10,1518
Plymouth,-,1,643,408,16,2,8,1077
Plymouth,-,2,790,552,18,1,14,1375
Plymouth,-,3,905,513,22,0,11,1451
Plymouth,-,4,820,603,21,0,14,1458
Plymouth,-,5,830,613,29,2,6,1480
Plymouth,-,6,1027,723,32,1,13,1796
Plymouth,-,7,886,646,19,1,5,1557
Plymouth,-,8,953,836,25,3,16,1833
Plymouth,-,9,682,674,30,3,9,1398
Plymouth,-,10,820,776,28,1,6,1631
Plymouth,-,11,923,804,22,1,16,1766
Plymouth,-,12,652,646,12,2,3,1315
Plymouth,-,13,895,756,21,2,11,1685
Plymouth,-,14,804,898,21,1,8,1732
Plymouth,-,15,1638,947,19,4,26,2634
Plymouth,-,16,1264,819,25,5,14,2127
Plymouth,-,17,979,785,33,0,9,1806
Plymouth,-,18,554,566,19,0,6,1145
Plympton,,,685,771,31,0,6,1493
Princeton,,,1156,747,34,4,19,1960
Provincetown,,,2016,191,23,0,7,2237
Quincy,1,1,575,274,14,1,10,874
Quincy,1,2,494,258,7,2,15,776
Quincy,1,3,716,227,18,0,9,970
Quincy,1,4,918,650,17,4,17,1606
Quincy,1,5,870,657,27,1,21,1576
Quincy,2,1,469,240,10,3,12,734
Quincy,2,2,543,230,14,0,7,794
Quincy,2,3,385,191,10,0,10,596
Quincy,2,4,483,254,4,1,5,747
Quincy,2,5,659,340,16,1,17,1033
Quincy,3,1,859,349,19,1,19,1247
Quincy,3,2,724,307,14,0,14,1059
Quincy,3,3,554,297,10,2,16,879
Quincy,3,4,805,471,18,1,15,1310
Quincy,3,5,498,216,18,0,11,743
Quincy,4,1,591,261,10,0,11,873
Quincy,4,2,722,436,16,4,18,1196
Quincy,4,3,754,517,18,1,15,1305
Quincy,4,4,528,186,12,1,6,733
Quincy,4,5,520,246,17,0,7,790
Quincy,5,1,329,112,13,0,6,460
Quincy,5,1A,206,100,6,0,8,320
Quincy,5,2,668,227,11,2,17,925
Quincy,5,3,812,313,17,3,10,1155
Quincy,5,4,585,270,14,2,11,882
Quincy,5,5,791,403,24,2,13,1233
Quincy,6,1,612,300,28,2,12,954
Quincy,6,2,544,206,5,1,7,763
Quincy,6,3,728,429,17,1,11,1186
Quincy,6,4,578,251,18,2,4,853
Quincy,6,5,1006,713,22,1,19,1761
Randolph,-,1,777,234,11,0,11,1033
Randolph,-,2,609,169,13,0,7,798
Randolph,-,3,532,122,5,3,9,671
Randolph,-,4,646,218,12,0,9,885
Randolph,-,5,689,199,11,3,8,910
Randolph,-,6,382,83,3,0,2,470
Randolph,-,7,561,196,11,0,9,777
Randolph,-,8,554,193,13,1,9,770
Randolph,-,9,664,168,7,0,6,845
Randolph,-,10,641,202,18,1,8,870
Randolph,-,11,572,251,11,4,10,848
Randolph,-,12,553,197,12,1,6,769
Raynham,-,1,732,745,16,1,17,1511
Raynham,-,2,431,482,13,0,3,929
Raynham,-,2A,258,335,9,0,6,608
Raynham,-,3,829,819,15,0,19,1682
Raynham,-,4,653,726,29,0,12,1420
Raynham,-,4A,16,30,1,0,0,47
Reading,-,1,1069,644,23,0,19,1755
Reading,-,2,911,515,17,0,12,1455
Reading,-,3,1023,598,20,0,19,1660
Reading,-,4,1020,506,25,0,21,1572
Reading,-,5,1028,465,21,0,18,1532
Reading,-,6,1055,553,14,0,14,1636
Reading,-,7,1080,534,16,0,14,1644
Reading,-,8,905,564,20,0,18,1507
Rehoboth,-,1,596,738,30,0,12,1376
Rehoboth,-,2,609,672,25,0,11,1317
Rehoboth,-,3,606,756,30,0,5,1397
Rehoboth,-,4,587,725,18,0,9,1339
Revere,1,1,505,233,14,1,8,761
Revere,1,2,462,235,6,0,13,716
Revere,1,3,347,175,14,0,12,548
Revere,2,1,301,133,10,0,7,451
Revere,2,2,391,131,14,2,5,543
Revere,2,3,102,35,8,0,2,147
Revere,2,3A,26,8,0,0,0,34
Revere,3,1,290,226,5,0,6,527
Revere,3,2,297,220,10,0,7,534
Revere,3,3,334,209,12,0,14,569
Revere,4,1,381,303,13,1,10,708
Revere,4,2,288,223,12,0,11,534
Revere,4,3,417,270,4,0,11,702
Revere,5,1,655,408,15,0,17,1095
Revere,5,2,436,223,15,1,12,687
Revere,5,3,301,180,13,0,6,500
Revere,6,1,406,437,9,2,13,867
Revere,6,2,393,400,7,5,13,818
Revere,6,3,358,209,6,0,8,581
Richmond,,,630,175,9,1,9,824
Rochester,,,1194,1644,36,0,15,2889
Rockland,-,1,687,575,21,0,5,1288
Rockland,-,2,668,621,11,0,11,1311
Rockland,-,3,509,403,14,1,7,934
Rockland,-,4,514,488,15,2,7,1026
Rockland,-,5,541,572,19,2,10,1144
Rockland,-,6,641,594,12,3,7,1257
Rockport,-,1,780,275,16,3,7,1081
Rockport,-,2,1056,343,13,0,12,1424
Rockport,-,3,1271,472,27,2,18,1790
Rowe,,,123,87,0,1,2,213
Rowley,,,1592,1547,40,3,21,3203
Royalston,,,329,286,11,0,7,633
Russell,,,251,368,14,2,4,639
Rutland,-,1,632,766,31,0,13,1442
Rutland,-,2,566,644,32,0,11,1253
Rutland,-,3,759,685,31,0,19,1494
Salem,1,1,1223,318,26,0,20,1587
Salem,1,2,369,92,10,0,4,475
Salem,2,1,1179,217,28,0,8,1432
Salem,2,2,1259,220,28,0,20,1527
Salem,3,1,781,234,19,0,11,1045
Salem,3,2,822,323,14,0,11,1170
Salem,4,1,736,340,29,0,12,1117
Salem,4,2,785,430,19,2,12,1248
Salem,5,1,995,240,25,0,11,1271
Salem,5,2,856,164,11,2,6,1039
Salem,6,1,919,261,24,0,19,1223
Salem,6,2,1044,280,31,1,11,1367
Salem,7,1,632,206,25,0,6,869
Salem,7,2,964,342,13,1,12,1332
Salisbury,-,1,756,586,15,1,16,1374
Salisbury,-,2,715,639,13,0,5,1372
Salisbury,-,3,606,679,16,0,9,1310
Sandisfield,,,208,135,11,0,4,358
Sandwich,-,1,1186,823,26,1,23,2059
Sandwich,-,2,1080,812,25,1,15,1933
Sandwich,-,3,902,774,12,2,22,1712
Sandwich,-,4,926,842,30,1,11,1810
Sandwich,-,5,809,738,26,0,13,1586
Sandwich,-,6,727,806,29,1,15,1578
Saugus,-,1,526,497,16,0,6,1045
Saugus,-,2,506,425,18,0,11,960
Saugus,-,3,499,469,21,0,9,998
Saugus,-,4,534,448,9,0,14,1005
Saugus,-,5,504,656,13,0,16,1189
Saugus,-,6,522,456,16,0,7,1001
Saugus,-,7,486,645,11,0,10,1152
Saugus,-,8,501,510,17,0,12,1040
Saugus,-,9,543,593,12,0,12,1160
Saugus,-,10,432,433,12,0,9,886
Savoy,,,139,132,7,0,27,305
Scituate,-,1,1040,688,19,2,16,1765
Scituate,-,2,1039,668,25,1,17,1750
Scituate,-,3,1063,628,23,0,11,1725
Scituate,-,4,1025,725,24,0,17,1791
Scituate,-,5,1035,584,29,3,8,1659
Scituate,-,6,1086,702,20,1,22,1831
Seekonk,-,1,757,730,16,0,12,1515
Seekonk,-,2,992,803,26,3,16,1840
Seekonk,-,3,747,635,18,1,4,1405
Seekonk,-,4,784,653,26,2,11,1476
Sharon,-,1,1319,356,30,3,20,1728
Sharon,-,2,1110,375,14,8,22,1529
Sharon,-,3,1246,408,21,1,15,1691
Sharon,-,4,1224,335,27,2,13,1601
Sharon,-,5,1131,422,20,0,18,1591
Sheffield,,,1068,414,29,0,23,1534
Shelburne,,,668,201,22,0,130,1021
Sherborn,,,1618,531,41,1,29,2220
Shirley,,,1514,1104,64,2,12,2696
Shrewsbury,-,1,1057,696,20,4,12,1789
Shrewsbury,-,2,852,550,22,0,14,1438
Shrewsbury,-,3,689,454,14,8,7,1172
Shrewsbury,-,4,928,619,21,2,19,1589
Shrewsbury,-,5,918,456,26,3,17,1420
Shrewsbury,-,6,907,540,29,1,11,1488
Shrewsbury,-,7,1058,671,33,3,30,1795
Shrewsbury,-,8,1170,685,25,1,25,1906
Shrewsbury,-,9,678,363,17,0,3,1061
Shrewsbury,-,10,898,507,22,3,27,1457
Shutesbury,,,911,139,11,0,2,1063
Somerset,-,1,917,703,20,0,13,1653
Somerset,-,2,850,702,23,0,22,1597
Somerset,-,3,876,667,28,0,19,1590
Somerset,-,4,786,660,15,0,16,1477
Somerset,-,5,697,690,21,0,16,1424
Somerville,1,1,643,134,22,2,3,804
Somerville,1,2,558,112,11,2,8,691
Somerville,1,3,567,115,17,1,8,708
Somerville,1,4,375,78,2,0,8,463
Somerville,1,4A,220,41,4,0,3,268
Somerville,2,1,569,46,8,0,4,627
Somerville,2,1A,275,15,4,1,4,299
Somerville,2,2,932,75,16,5,9,1037
Somerville,2,3,891,73,13,2,13,992
Somerville,2,4,1011,76,12,3,8,1110
Somerville,3,1,1047,107,3,1,5,1163
Somerville,3,2,921,110,19,4,13,1067
Somerville,3,3,1123,95,11,0,10,1239
Somerville,3,4,992,87,12,1,11,1103
Somerville,4,1,644,154,12,0,5,815
Somerville,4,2,545,58,8,2,9,622
Somerville,4,2A,205,28,4,1,2,240
Somerville,4,3,941,105,24,2,10,1082
Somerville,4,4,520,100,7,0,21,648
Somerville,5,1,1019,136,14,2,18,1189
Somerville,5,2,1099,95,21,3,9,1227
Somerville,5,3,1111,106,11,3,4,1235
Somerville,5,4,1191,83,15,3,8,1300
Somerville,6,1,1141,89,19,1,6,1256
Somerville,6,2,1286,95,18,0,13,1412
Somerville,6,3,332,17,2,0,1,352
Somerville,6,3A,168,25,4,0,1,198
Somerville,6,4,1238,103,16,4,9,1370
Somerville,7,1,1288,79,16,3,9,1395
Somerville,7,2,835,79,15,0,8,937
Somerville,7,3,751,158,10,0,8,927
Somerville,7,4,906,114,10,2,12,1044
S. Hadley,-,A,893,440,18,2,9,1362
S. Hadley,-,B,1120,524,26,0,7,1677
S. Hadley,-,C,1016,635,31,0,10,1692
S. Hadley,-,D,687,268,14,2,7,978
S. Hadley,-,E,1031,632,30,1,13,1707
Southampton,-,1,835,715,15,3,11,1579
Southampton,-,2,769,739,22,33,7,1570
Southborough,-,1,1079,520,26,4,10,1639
Southborough,-,2,1033,557,29,1,17,1637
Southborough,-,3,1026,519,25,0,25,1595
Southbridge,-,1,447,319,26,2,9,803
Southbridge,-,2,325,241,14,3,7,590
Southbridge,-,3,452,453,25,2,10,942
Southbridge,-,4,731,587,38,3,16,1375
Southbridge,-,5,347,188,22,0,13,570
Southwick,-,1,558,997,31,2,10,1598
Southwick,-,2,466,684,27,0,7,1184
Southwick,-,3,563,825,27,0,16,1431
Spencer,-,1,488,564,16,5,9,1082
Spencer,-,2,440,476,24,2,8,950
Spencer,-,3,474,689,30,1,7,1201
Spencer,-,4,586,610,25,3,11,1235
Springfield,1,A,205,41,10,0,9,265
Springfield,1,B,211,74,4,1,4,294
Springfield,1,C,140,23,3,0,6,172
Springfield,1,C1,16,4,0,0,1,21
Springfield,1,D,163,25,1,0,3,192
Springfield,1,D1,39,12,0,0,3,54
Springfield,1,E,152,44,4,0,5,205
Springfield,1,F,221,44,5,1,5,276
Springfield,1,G,166,46,5,0,4,221
Springfield,1,H,326,60,13,0,5,404
Springfield,2,A,200,90,1,0,8,299
Springfield,2,B,394,176,16,1,21,608
Springfield,2,C,209,90,4,0,5,308
Springfield,2,D,347,132,10,0,12,501
Springfield,2,E,318,173,11,0,8,510
Springfield,2,F,335,131,9,0,5,480
Springfield,2,G,376,199,11,1,14,601
Springfield,2,H,392,190,11,0,8,601
Springfield,3,A,193,42,2,0,1,238
Springfield,3,B,174,36,6,1,8,225
Springfield,3,C,157,44,3,0,1,205
Springfield,3,D,184,38,6,0,3,231
Springfield,3,E,104,32,0,1,4,141
Springfield,3,F,146,52,8,0,6,212
Springfield,3,G,120,36,6,0,3,165
Springfield,3,H,151,64,5,1,4,225
Springfield,4,A,433,73,8,1,7,522
Springfield,4,B,231,31,5,0,8,275
Springfield,4,C,191,27,2,0,4,224
Springfield,4,D,200,35,2,0,3,240
Springfield,4,E,212,21,4,0,4,241
Springfield,4,F,84,11,0,0,4,99
Springfield,4,G,286,56,11,0,9,362
Springfield,4,H,297,35,3,1,4,340
Springfield,5,A,361,64,5,0,5,435
Springfield,5,B,414,125,8,1,5,553
Springfield,5,C,289,160,4,0,6,459
Springfield,5,C1,7,4,0,0,0,11
Springfield,5,D,499,319,23,1,10,852
Springfield,5,E,482,110,12,2,8,614
Springfield,5,F,508,167,9,2,22,708
Springfield,5,G,520,330,17,2,5,874
Springfield,5,H,410,208,8,1,11,638
Springfield,6,A,271,80,6,0,5,362
Springfield,6,B,457,149,15,2,11,634
Springfield,6,C,324,159,7,0,3,493
Springfield,6,D,512,285,10,0,17,824
Springfield,6,D1,23,11,0,0,0,34
Springfield,6,E,202,59,5,0,7,273
Springfield,6,F,252,62,6,0,5,325
Springfield,6,G,335,132,18,1,8,494
Springfield,6,H,413,206,14,0,6,639
Springfield,7,A,439,252,12,0,13,716
Springfield,7,A1,19,4,2,0,0,25
Springfield,7,B,601,328,14,2,15,960
Springfield,7,B1,4,2,0,0,0,6
Springfield,7,C,555,318,14,1,9,897
Springfield,7,D,410,272,10,0,11,703
Springfield,7,E,261,119,8,1,9,398
Springfield,7,F,603,312,14,0,20,949
Springfield,7,G,566,382,12,1,16,977
Springfield,7,H,240,126,5,0,8,379
Springfield,7,H1,41,29,1,1,1,73
Springfield,8,A,317,206,9,1,6,539
Springfield,8,B,339,134,9,0,1,483
Springfield,8,B1,24,21,0,0,1,46
Springfield,8,C,346,120,12,0,11,489
Springfield,8,D,184,72,8,0,1,265
Springfield,8,E,190,80,8,0,2,280
Springfield,8,F,293,146,7,1,5,452
Springfield,8,G,303,177,8,0,8,496
Springfield,8,G1,6,8,0,0,0,14
Springfield,8,H,334,116,7,0,12,469
Sterling,-,1,1020,989,28,1,13,2051
Sterling,-,2,1060,1024,32,1,13,2130
Stockbridge,,,853,191,13,1,11,1069
Stoneham,-,1,841,464,16,0,9,1330
Stoneham,-,2,915,490,19,0,12,1436
Stoneham,-,3,936,648,24,2,21,1631
Stoneham,-,4,799,578,20,3,17,1417
Stoneham,-,5,898,656,18,1,11,1584
Stoneham,-,6,1063,601,22,2,22,1710
Stoneham,-,7,811,529,16,1,8,1365
Stoughton,-,1,775,448,21,0,11,1255
Stoughton,-,2,710,419,17,0,15,1161
Stoughton,-,2A,113,46,0,0,3,162
Stoughton,-,3,873,473,12,1,17,1376
Stoughton,-,4,925,636,24,0,13,1598
Stoughton,-,4A,66,34,3,0,0,103
Stoughton,-,5,680,455,10,0,6,1151
Stoughton,-,5A,48,47,1,0,0,96
Stoughton,-,6,909,476,24,0,15,1424
Stoughton,-,7,795,410,22,3,7,1237
Stoughton,-,7A,48,12,0,0,0,60
Stoughton,-,8,538,277,12,1,9,837
Stoughton,-,8A,30,28,1,0,0,59
Stow,-,1,1346,575,40,6,17,1984
Stow,-,2,1377,479,28,1,25,1910
Sturbridge,-,1,776,617,33,1,4,1431
Sturbridge,-,2,791,677,35,1,13,1517
Sturbridge,-,3,746,605,38,0,8,1397
Sudbury,-,1,1162,390,25,0,17,1594
Sudbury,-,2,1188,347,24,0,19,1578
Sudbury,-,3,995,389,11,0,13,1408
Sudbury,-,4,1126,378,19,0,8,1531
Sudbury,-,5,1063,383,23,0,21,1490
Sudbury,-,6,1145,374,22,0,8,1549
Sunderland,,,1048,301,25,1,9,1384
Sutton,-,1,731,823,29,3,7,1593
Sutton,-,2,653,817,25,1,11,1507
Sutton,-,3,723,737,28,0,11,1499
Swampscott,-,1,725,320,15,0,6,1066
Swampscott,-,2,703,364,19,1,13,1100
Swampscott,-,3,913,233,13,7,9,1175
Swampscott,-,4,954,309,14,6,11,1294
Swampscott,-,5,854,360,18,2,14,1248
Swampscott,-,6,858,316,15,7,14,1210
Swansea,-,1,580,751,19,2,11,1363
Swansea,-,2,726,604,18,3,10,1361
Swansea,-,3,720,623,24,1,12,1380
Swansea,-,4,660,729,22,2,6,1419
Swansea,-,5,640,761,20,2,6,1429
Taunton,1,A,494,315,22,0,18,849
Taunton,1,A1,32,7,1,0,1,41
Taunton,1,B,629,652,32,0,14,1327
Taunton,2,A,292,165,9,0,8,474
Taunton,2,B,425,286,22,0,14,747
Taunton,3,A,537,374,20,0,19,950
Taunton,3,B,644,545,18,0,12,1219
Taunton,4,A,582,609,21,0,15,1227
Taunton,4,B,610,499,19,0,16,1144
Taunton,4,B1,11,16,0,0,1,28
Taunton,5,A,450,310,20,1,17,798
Taunton,5,B,418,283,16,0,13,730
Taunton,6,A,423,281,14,0,14,732
Taunton,6,B,550,408,13,0,12,983
Taunton,7,A,714,571,23,0,11,1319
Taunton,7,B,711,777,20,1,18,1527
Taunton,8,A,743,602,16,0,26,1387
Taunton,8,B,785,666,27,2,16,1496
Templeton,-,A,499,678,19,1,6,1203
Templeton,-,B,445,541,16,0,14,1016
Templeton,-,C,459,464,16,0,5,944
Tewksbury,-,1,761,679,23,2,11,1476
Tewksbury,-,2,899,821,32,3,7,1762
Tewksbury,-,3,744,781,32,3,11,1571
Tewksbury,-,4,840,698,24,4,11,1577
Tewksbury,-,5,767,714,26,1,17,1525
Tewksbury,-,5A,163,77,4,0,1,245
Tewksbury,-,6,760,838,21,2,10,1631
Tewksbury,-,7,962,944,21,2,8,1937
Tewksbury,-,8,877,798,24,3,5,1707
Tisbury,,,1575,419,33,0,14,2041
Tolland,,,96,144,5,0,4,249
Topsfield,-,1,960,744,27,1,22,1754
Topsfield,-,2,932,639,26,3,8,1608
Townsend,-,1,572,709,28,0,15,1324
Townsend,-,2,639,654,21,0,16,1330
Townsend,-,3,661,646,20,3,12,1342
Truro,,,1164,300,19,0,7,1490
Tyngsborough,-,1,672,633,19,0,11,1335
Tyngsborough,-,2,616,589,19,0,11,1235
Tyngsborough,-,3,626,500,24,0,8,1158
Tyngsborough,-,4,849,726,21,0,14,1610
Tyringham,,,178,58,7,0,2,245
Upton,-,1,794,493,25,1,10,1323
Upton,-,2,794,580,23,1,13,1411
Upton,-,3,659,513,20,0,21,1213
Uxbridge,-,1,680,791,28,1,14,1514
Uxbridge,-,1A,57,81,4,0,2,144
Uxbridge,-,2,680,668,24,0,8,1380
Uxbridge,-,3,713,778,31,1,13,1536
Uxbridge,-,4,780,774,35,1,11,1601
Wakefield,-,1,836,777,17,1,14,1645
Wakefield,-,2,952,579,22,0,17,1570
Wakefield,-,3,1051,742,33,6,12,1844
Wakefield,-,4,966,535,20,3,15,1539
Wakefield,-,5,1160,640,16,1,15,1832
Wakefield,-,6,1286,657,22,2,27,1994
Wakefield,-,7,1085,725,21,6,18,1855
Wales,,,284,458,12,1,4,759
Walpole,-,1,853,524,22,0,10,1409
Walpole,-,2,849,735,23,0,15,1622
Walpole,-,2A,12,16,0,0,0,28
Walpole,-,3,1036,733,38,0,20,1827
Walpole,-,4,716,484,16,0,15,1231
Walpole,-,5,659,527,21,0,19,1226
Walpole,-,5A,29,42,3,0,0,74
Walpole,-,6,894,628,25,0,12,1559
Walpole,-,7,842,679,34,0,17,1572
Walpole,-,8,812,726,21,0,19,1578
Waltham,1,1,1019,464,29,0,20,1532
Waltham,1,2,954,571,27,2,14,1568
Waltham,1,2A,5,10,0,0,0,15
Waltham,2,1,972,448,19,1,12,1452
Waltham,2,2,726,222,19,1,9,977
Waltham,3,1,935,619,26,3,10,1593
Waltham,3,2,998,449,17,1,21,1486
Waltham,3,2A,16,14,0,0,0,30
Waltham,4,1,987,502,26,3,20,1538
Waltham,4,1A,19,6,0,0,1,26
Waltham,4,2,168,89,3,0,4,264
Waltham,5,1,753,342,18,0,12,1125
Waltham,5,2,540,140,14,1,6,701
Waltham,5,2A,102,18,2,0,2,124
Waltham,6,1,818,230,21,2,13,1084
Waltham,6,2,466,165,7,0,10,648
Waltham,6,2A,107,34,3,0,2,146
Waltham,7,1,997,403,20,0,19,1439
Waltham,7,2,342,79,6,2,5,434
Waltham,8,1,821,195,20,0,7,1043
Waltham,8,2,837,238,18,0,7,1100
Waltham,8,2A,11,0,0,0,0,11
Waltham,9,1,649,138,9,1,5,802
Waltham,9,2,586,161,18,1,5,771
Ware,-,A,481,369,21,0,6,877
Ware,-,B,455,581,27,0,9,1072
Ware,-,C,668,761,25,0,10,1464
Wareham,-,1,786,641,27,1,11,1466
Wareham,-,2,894,706,27,0,4,1631
Wareham,-,3,842,677,34,2,4,1559
Wareham,-,4,766,652,28,1,12,1459
Wareham,-,5,772,767,27,2,6,1574
Wareham,-,6,664,629,19,1,9,1322
Warren,-,A,564,743,34,0,13,1354
Warren,-,B,199,232,13,0,5,449
Warwick,,,273,121,7,0,2,403
Washington,,,182,91,5,1,6,285
Watertown,-,1,718,219,11,0,10,958
Watertown,-,2,882,214,13,2,5,1116
Watertown,-,3,1051,193,17,0,14,1275
Watertown,-,4,1226,217,15,3,17,1478
Watertown,-,5,758,146,9,0,8,921
Watertown,-,6,864,164,20,0,14,1062
Watertown,-,7,986,291,17,1,11,1306
Watertown,-,8,1001,230,12,0,13,1256
Watertown,-,9,771,199,14,1,12,997
Watertown,-,10,931,299,23,0,13,1266
Watertown,-,11,875,347,20,1,9,1252
Watertown,-,12,835,300,18,4,8,1165
Wayland,-,1,1418,382,24,3,17,1844
Wayland,-,2,1208,372,26,1,13,1620
Wayland,-,3,1166,335,19,2,23,1545
Wayland,-,4,1374,433,25,1,22,1855
Webster,-,1,296,274,15,1,0,586
Webster,-,1A,122,114,10,3,0,249
Webster,-,2,316,246,18,2,3,585
Webster,-,3,483,490,20,1,6,1000
Webster,-,4,736,934,27,0,15,1712
Webster,-,5,604,572,17,2,9,1204
Wellesley,-,A,1172,418,33,3,25,1651
Wellesley,-,B,1294,435,33,0,19,1781
Wellesley,-,C,1091,665,34,0,35,1825
Wellesley,-,D,1269,367,28,0,19,1683
Wellesley,-,E,1115,419,21,0,17,1572
Wellesley,-,F,760,266,9,0,26,1061
Wellesley,-,G,662,166,8,0,3,839
Wellesley,-,H,1204,480,25,0,25,1734
Wellfleet,,,1568,416,36,1,11,2032
Wendell,,,390,81,9,0,4,484
Wenham,-,1,460,268,5,0,7,740
Wenham,-,1A,803,397,24,2,9,1235
W. Boylston,-,1,903,682,26,3,8,1622
W. Boylston,-,2,1055,808,47,4,12,1926
W. Bridgewater,-,1,705,862,30,0,14,1611
W. Bridgewater,-,2,746,884,23,0,15,1668
W. Brookfield,,,840,863,34,1,11,1749
W. Newbury,,,1626,894,54,2,10,2586
W. Springfield,-,1,204,161,6,0,4,375
W. Springfield,-,2,323,216,11,0,6,556
W. Springfield,-,3,535,398,21,2,10,966
W. Springfield,-,4,598,432,19,0,14,1063
W. Springfield,-,5,817,757,26,1,25,1626
W. Springfield,-,6,703,735,16,1,16,1471
W. Springfield,-,7,677,730,21,1,15,1444
W. Springfield,-,8,567,457,19,0,14,1057
W. Stockbridge,,,590,129,16,0,15,750
W. Tisbury,,,1472,272,16,1,12,1773
Westborough,-,1,696,205,13,0,12,926
Westborough,-,2,647,288,13,0,8,956
Westborough,-,3,775,321,12,0,10,1118
Westborough,-,4,697,318,19,0,12,1046
Westborough,-,5,1166,575,27,0,17,1785
Westborough,-,6,1263,549,36,3,18,1869
Westfield,1,A,755,760,21,0,17,1553
Westfield,1,B,622,722,18,0,10,1372
Westfield,2,A,320,198,14,0,6,538
Westfield,2,A1,24,16,0,0,0,40
Westfield,2,B,505,401,17,0,12,935
Westfield,3,A,388,283,22,0,4,697
Westfield,3,B,673,522,33,0,14,1242
Westfield,4,A,258,357,11,0,5,631
Westfield,4,B,803,772,30,0,20,1625
Westfield,5,A,746,843,24,2,17,1632
Westfield,5,B,671,837,29,0,22,1559
Westfield,6,A,603,708,18,0,10,1339
Westfield,6,B,465,555,26,0,3,1049
Westfield,6,B1,27,46,1,0,3,77
Westford,-,1,920,533,17,1,19,1490
Westford,-,2,927,509,26,1,13,1476
Westford,-,3,1102,596,28,1,13,1740
Westford,-,4,1040,511,29,3,10,1593
Westford,-,5,1017,575,24,0,19,1635
Westford,-,6,987,611,20,1,18,1637
Westford,-,7,1179,543,24,2,11,1759
Westhampton,,,626,321,16,0,11,974
Westminster,-,1,640,652,20,0,2,1314
Westminster,-,2,498,504,15,0,12,1029
Westminster,-,2A,172,197,5,0,1,375
Westminster,-,3,645,554,24,0,4,1227
Weston,-,1,1016,397,23,2,14,1452
Weston,-,2,847,391,18,1,15,1272
Weston,-,3,755,365,28,4,14,1166
Weston,-,4,802,430,26,2,26,1286
Westport,-,A,642,691,22,0,15,1370
Westport,-,B,994,820,27,0,26,1867
Westport,-,C,590,702,25,0,14,1331
Westport,-,D,632,663,21,0,15,1331
Westport,-,E,973,788,44,0,19,1824
Westwood,-,1,1092,495,26,11,12,1636
Westwood,-,2,983,583,28,4,21,1619
Westwood,-,3,955,527,19,1,18,1520
Westwood,-,4,759,582,35,1,11,1388
Westwood,-,5,1027,607,20,2,32,1688
Weymouth,-,1,753,491,16,1,11,1272
Weymouth,-,2,907,669,16,1,18,1611
Weymouth,-,3,813,680,23,2,8,1526
Weymouth,-,4,732,543,15,1,19,1310
Weymouth,-,5,742,415,24,5,7,1193
Weymouth,-,6,910,597,16,0,20,1543
Weymouth,-,7,602,432,19,0,8,1061
Weymouth,-,8,728,535,18,1,12,1294
Weymouth,-,9,534,397,12,1,10,954
Weymouth,-,9A,165,166,4,0,3,338
Weymouth,-,10,625,419,12,0,10,1066
Weymouth,-,11,568,388,16,0,4,976
Weymouth,-,12,834,630,15,1,8,1488
Weymouth,-,13,485,336,12,0,7,840
Weymouth,-,14,864,558,28,1,18,1469
Weymouth,-,15,817,714,17,0,17,1565
Weymouth,-,16,905,706,21,6,12,1650
Weymouth,-,17,605,433,14,1,9,1062
Weymouth,-,18,716,352,18,3,10,1099
Whately,,,590,296,7,1,6,900
Whitman,-,1,866,856,26,1,11,1760
Whitman,-,2,654,784,25,2,9,1474
Whitman,-,3,721,792,22,2,12,1549
Whitman,-,4,743,729,24,5,18,1519
Wilbraham,-,A,893,773,18,0,14,1698
Wilbraham,-,B,771,743,17,3,17,1551
Wilbraham,-,C,789,859,27,3,18,1696
Wilbraham,-,D,878,866,19,3,22,1788
Williamsburg,,,1162,255,29,1,6,1453
Williamstown,-,1,1022,176,15,1,8,1222
Williamstown,-,2,299,33,7,0,2,341
Williamstown,-,3,1129,207,16,1,8,1361
Wilmington,-,1,963,825,22,1,8,1819
Wilmington,-,2,898,820,22,0,24,1764
Wilmington,-,3,864,776,25,2,14,1681
Wilmington,-,4,928,822,20,0,9,1779
Wilmington,-,5,859,733,29,3,16,1640
Wilmington,-,6,929,897,24,0,14,1864
Winchendon,-,1,424,541,30,2,2,999
Winchendon,-,2,544,652,25,1,8,1230
Winchendon,-,3,550,632,26,1,5,1214
Winchester,-,1,946,364,21,0,8,1339
Winchester,-,2,778,323,21,4,10,1136
Winchester,-,3,1092,318,34,1,23,1468
Winchester,-,4,921,454,27,3,22,1427
Winchester,-,5,821,472,20,1,12,1326
Winchester,-,6,817,491,22,3,17,1350
Winchester,-,7,935,418,25,4,26,1408
Winchester,-,8,586,338,14,1,12,951
Windsor,,,259,129,7,0,2,397
Winthrop,-,1,660,479,13,0,14,1166
Winthrop,-,2,693,491,18,0,19,1221
Winthrop,-,3,693,349,17,1,7,1067
Winthrop,-,4,574,326,10,0,7,917
Winthrop,-,5,750,474,18,0,18,1260
Winthrop,-,6,732,357,12,0,2,1103
Woburn,1,1,554,349,6,1,9,919
Woburn,1,2,637,346,15,1,10,1009
Woburn,1,2A,54,21,1,0,0,76
Woburn,2,1,681,463,19,3,14,1180
Woburn,2,2,608,270,15,0,14,907
Woburn,3,1,728,363,25,2,11,1129
Woburn,3,2,757,669,21,1,18,1466
Woburn,4,1,687,529,14,1,25,1256
Woburn,4,2,622,396,20,1,9,1048
Woburn,5,1,686,291,20,1,15,1013
Woburn,5,2,610,414,22,1,10,1057
Woburn,6,1,434,256,9,0,14,713
Woburn,6,2,641,482,16,2,8,1149
Woburn,7,1,756,649,16,2,21,1444
Woburn,7,2,818,614,15,1,17,1465
Worcester,1,1,511,167,9,2,10,699
Worcester,1,2,1020,540,28,0,16,1604
Worcester,1,3,577,266,15,1,11,870
Worcester,1,4,1062,337,28,5,18,1450
Worcester,1,5,587,351,15,2,6,961
Worcester,1,6,925,502,21,1,17,1466
Worcester,2,1,855,411,24,1,15,1306
Worcester,2,2,669,361,20,2,11,1063
Worcester,2,3,734,375,20,1,9,1139
Worcester,2,4,558,154,9,1,8,730
Worcester,2,5,351,115,10,0,10,486
Worcester,2,6,581,270,15,2,10,878
Worcester,3,1,246,94,2,0,4,346
Worcester,3,2,221,45,2,0,5,273
Worcester,3,3,538,307,14,0,8,867
Worcester,3,4,265,73,10,0,6,354
Worcester,3,5,511,197,14,1,12,735
Worcester,3,6,522,220,14,2,10,768
Worcester,4,1,204,57,6,2,4,273
Worcester,4,2,177,60,8,1,6,252
Worcester,4,2A,128,72,5,0,2,207
Worcester,4,3,270,68,7,3,3,351
Worcester,4,4,357,189,14,2,12,574
Worcester,4,5,585,252,13,0,13,863
Worcester,4,6,479,281,12,1,7,780
Worcester,5,1,298,91,15,1,4,409
Worcester,5,2,507,295,17,0,6,825
Worcester,5,3,703,458,21,0,16,1198
Worcester,5,4,631,353,18,2,10,1014
Worcester,5,5,567,355,22,1,12,957
Worcester,5,6,452,259,10,1,13,735
Worcester,6,1,184,55,3,1,2,245
Worcester,6,2,301,119,8,0,10,438
Worcester,6,3,253,106,7,0,3,369
Worcester,6,4,56,27,2,0,1,86
Worcester,6,5,353,178,16,0,6,553
Worcester,6,6,514,293,18,0,2,827
Worcester,7,1,625,237,19,0,13,894
Worcester,7,2,488,265,16,2,13,784
Worcester,7,3,345,152,10,0,8,515
Worcester,7,4,554,254,14,0,10,832
Worcester,7,5,362,266,19,1,9,657
Worcester,7,5A,138,61,6,0,4,209
Worcester,7,6,564,278,18,0,20,880
Worcester,8,1,248,76,9,0,6,339
Worcester,8,2,171,79,4,1,5,260
Worcester,8,3,122,25,1,0,2,150
Worcester,8,4,340,110,16,1,10,477
Worcester,8,5,250,120,8,0,4,382
Worcester,8,6,192,88,6,0,3,289
Worcester,9,1,539,153,13,1,7,713
Worcester,9,2,888,279,16,4,14,1201
Worcester,9,3,464,179,12,0,5,660
Worcester,9,4,921,404,21,0,17,1363
Worcester,9,5,1010,461,26,3,28,1528
Worcester,9,6,828,381,21,2,9,1241
Worcester,10,1,259,86,11,1,5,362
Worcester,10,2,371,93,8,2,7,481
Worcester,10,3,298,67,12,2,11,390
Worcester,10,4,238,92,8,1,3,342
Worcester,10,5,207,69,5,1,7,289
Worcester,10,6,210,49,3,0,2,264
Worthington,,,466,216,7,0,2,691
Wrentham,-,1,708,710,27,5,12,1462
Wrentham,-,2,792,730,31,9,17,1579
Wrentham,-,3,757,677,25,1,12,1472
Wrentham,-,4,714,742,34,2,6,1498
Yarmouth,-,1,1081,723,16,1,16,1837
Yarmouth,-,2,993,671,13,3,7,1687
Yarmouth,-,3,646,478,13,1,7,1145
Yarmouth,-,4,850,572,25,2,10,1459
Yarmouth,-,5,673,601,24,1,11,1310
Yarmouth,-,6,833,502,11,3,7,1356
Yarmouth,-,7,1147,767,15,0,12,1941
Yarmouth,-,8,619,441,18,0,7,1085
Yarmouth,-,8A,107,85,0,2,0,194
