city_town,ward,precinct,Biden/ Harris,Trump/ Pence,Jorgensen/ Cohen,Hawkins/ Walker,All Others,No Preference,Blanks,Total Votes Cast
Abington,-,1,1037,764,29,6,8,0,16,1860
Abington,-,2,960,838,23,16,4,0,9,1850
Abington,-,3,954,848,31,8,3,0,9,1853
Abington,-,4,1117,904,28,7,6,0,26,2088
Abington,-,5,1141,882,35,8,3,0,15,2084
Acton,-,1,1761,447,24,11,8,0,16,2267
Acton,-,2,1912,441,30,13,12,0,21,2429
Acton,-,3,1834,388,34,15,12,0,18,2301
Acton,-,4,2051,416,40,9,16,0,12,2544
Acton,-,5,1897,396,44,15,22,0,14,2388
Acton,-,6,1650,383,21,11,14,0,10,2089
Acushnet,-,1,815,924,23,12,3,0,14,1791
Acushnet,-,2,932,1176,28,8,3,0,18,2165
Acushnet,-,3,917,1190,22,10,5,0,26,2170
Adams,-,1,527,253,13,9,2,0,1,805
Adams,-,2,574,291,18,5,2,0,9,899
Adams,-,3,601,324,17,7,2,0,6,957
Adams,-,4,512,269,13,6,1,0,4,805
Adams,-,5,680,291,16,8,0,0,7,1002
Agawam,-,1,825,922,19,5,6,0,7,1784
Agawam,-,2,1036,1121,26,8,3,0,21,2215
Agawam,-,3,1022,1041,24,11,10,0,4,2112
Agawam,-,4,848,836,26,5,7,0,6,1728
Agawam,-,5,1131,1074,18,17,5,0,5,2250
Agawam,-,6,930,954,25,12,8,0,14,1943
Agawam,-,7,910,1074,29,9,11,0,9,2042
Agawam,-,8,1092,1051,19,7,8,0,11,2188
Alford,-,1,271,50,1,1,2,0,5,330
Amesbury,-,1,1209,646,25,7,8,0,13,1908
Amesbury,-,2,1165,502,30,11,3,0,15,1726
Amesbury,-,3,1189,510,36,11,7,0,6,1759
Amesbury,-,4,977,487,25,4,8,0,4,1505
Amesbury,-,5,1167,732,39,15,12,0,15,1980
Amesbury,-,6,1079,449,19,6,17,0,14,1584
Amherst,-,1,944,62,11,14,5,0,3,1039
Amherst,-,2,1267,121,10,14,11,0,3,1426
Amherst,-,3,476,46,3,6,2,0,1,534
Amherst,-,4,449,29,2,2,9,0,4,495
Amherst,-,5,1019,98,8,16,2,0,6,1149
Amherst,-,6,1580,133,14,18,11,0,10,1766
Amherst,-,7,1547,150,14,16,5,0,8,1740
Amherst,-,8,1765,127,14,17,7,0,3,1933
Amherst,-,9,1143,75,8,20,9,0,3,1258
Amherst,-,10,528,32,5,6,1,0,1,573
Andover,-,1,1362,477,24,10,12,0,13,1898
Andover,-,2,1717,843,27,16,21,0,5,2629
Andover,-,3,1658,663,37,11,16,0,9,2394
Andover,-,4,1583,812,33,12,23,0,16,2479
Andover,-,5,1756,927,39,5,18,0,21,2766
Andover,-,6,1628,813,34,11,15,0,17,2518
Andover,-,7,1253,594,19,16,10,0,27,1919
Andover,-,7A,352,154,15,7,2,0,6,536
Andover,-,8,1602,678,30,9,23,0,20,2362
Andover,-,9,1592,732,33,8,11,0,24,2400
Aquinnah,-,1,311,34,8,1,1,0,0,355
Arlington,-,1,885,154,11,4,5,0,10,1069
Arlington,-,2,1196,216,12,5,5,0,10,1444
Arlington,-,3,1223,137,11,10,6,0,11,1398
Arlington,-,4,1112,169,12,5,10,0,10,1318
Arlington,-,5,1095,207,9,9,5,0,7,1332
Arlington,-,6,1084,173,14,7,6,0,5,1289
Arlington,-,7,1080,168,9,13,3,0,4,1277
Arlington,-,8,1281,173,11,4,6,0,6,1481
Arlington,-,9,1025,219,9,5,8,0,14,1280
Arlington,-,10,1246,179,13,4,2,0,13,1457
Arlington,-,11,1187,255,6,7,5,0,15,1475
Arlington,-,12,1300,223,13,6,5,0,15,1562
Arlington,-,13,992,368,15,8,8,0,9,1400
Arlington,-,14,1116,189,14,5,1,0,7,1332
Arlington,-,15,1192,274,6,10,9,0,12,1503
Arlington,-,16,1083,203,9,9,6,0,11,1321
Arlington,-,17,1059,182,9,7,6,0,9,1272
Arlington,-,18,1120,307,14,9,6,0,4,1460
Arlington,-,19,1145,233,13,6,2,0,10,1409
Arlington,-,20,1100,196,11,6,10,0,9,1332
Arlington,-,21,1150,156,11,10,4,0,17,1348
Ashburnham,-,1,2030,1667,87,21,22,0,10,3837
Ashby,-,1,956,1008,41,16,2,0,9,2032
Ashfield,-,1,993,180,30,12,3,0,12,1230
Ashland,-,1,1371,566,31,11,0,0,22,2001
Ashland,-,2,1528,594,36,5,0,0,22,2185
Ashland,-,3,1373,593,23,10,0,0,30,2029
Ashland,-,4,1368,576,19,13,0,0,21,1997
Ashland,-,5,1668,607,44,8,0,0,25,2352
Athol,-,1,952,906,36,18,16,0,14,1942
Athol,-,2,811,895,50,27,7,0,8,1798
Athol,-,3,942,778,42,12,10,0,7,1791
Attleboro,1,A,1006,800,31,12,4,0,8,1861
Attleboro,1,B,1071,806,27,6,8,0,7,1925
Attleboro,2,A,1157,813,36,13,11,0,7,2037
Attleboro,2,B,1268,942,42,19,8,0,16,2295
Attleboro,3,A,1276,753,23,15,6,0,16,2089
Attleboro,3,B,1242,758,30,10,10,0,6,2056
Attleboro,4,A,1038,530,23,13,10,0,14,1628
Attleboro,4,B,1452,1113,29,9,7,0,10,2620
Attleboro,5,A,801,382,26,13,5,0,15,1242
Attleboro,5,B,1144,749,27,14,10,0,7,1951
Attleboro,6,A,1036,795,34,19,5,0,11,1900
Attleboro,6,B,1170,831,45,6,16,0,19,2087
Auburn,-,1,1172,916,43,15,13,0,12,2171
Auburn,-,2,1160,910,35,6,1,0,11,2123
Auburn,-,3,1171,910,27,12,5,0,12,2137
Auburn,-,4,1101,720,32,20,6,0,12,1891
Auburn,-,5,1016,850,36,13,11,0,13,1939
Avon,-,1,1601,1030,36,21,9,0,26,2723
Ayer,-,1,1387,718,44,12,12,0,15,2188
Ayer,-,2,1545,819,67,14,7,0,13,2465
Barnstable,-,1,1693,1025,37,9,1,0,37,2802
Barnstable,-,2,1338,1000,35,10,0,0,24,2407
Barnstable,-,3,1111,670,20,9,3,0,11,1824
Barnstable,-,4,1300,814,31,6,0,0,37,2188
Barnstable,-,5,1356,1117,18,3,11,0,17,2522
Barnstable,-,6,1318,1040,20,7,4,0,16,2405
Barnstable,-,7,1595,1003,35,19,1,0,26,2679
Barnstable,-,8,1027,605,23,10,0,0,10,1675
Barnstable,-,9,733,384,14,11,0,0,9,1151
Barnstable,-,10,1197,985,45,3,1,0,15,2246
Barnstable,-,11,1387,1124,37,7,3,0,24,2582
Barnstable,-,12,1402,1082,35,11,0,0,20,2550
Barnstable,-,13,1034,587,15,5,1,0,11,1653
Barre,-,1,853,723,35,13,5,0,5,1634
Barre,-,2,682,800,33,6,7,0,5,1533
Becket,-,1,757,413,17,6,2,0,3,1198
Bedford,-,1,1782,535,36,8,20,0,7,2388
Bedford,-,2,1457,649,29,17,13,0,13,2178
Bedford,-,3,1717,501,31,9,11,0,17,2286
Bedford,-,4,1496,495,30,10,13,0,6,2050
Belchertown,-,A,1519,771,38,16,8,0,17,2369
Belchertown,-,B,1351,996,35,23,3,0,39,2447
Belchertown,-,C,1405,1028,44,12,4,0,13,2506
Belchertown,-,D,1618,686,30,17,5,0,13,2369
Bellingham,-,1,1039,800,31,11,7,0,3,1891
Bellingham,-,2,1118,967,31,17,14,0,12,2159
Bellingham,-,3,1213,898,31,16,7,0,8,2173
Bellingham,-,4,795,737,24,10,8,0,9,1583
Bellingham,-,4A,146,132,5,2,2,0,1,288
Bellingham,-,5,900,868,39,12,9,0,11,1839
Belmont,-,1,1552,332,20,25,14,0,16,1959
Belmont,-,2,1583,447,33,8,19,0,31,2121
Belmont,-,3,1436,366,25,10,18,0,20,1875
Belmont,-,4,1266,330,22,18,9,0,13,1658
Belmont,-,5,1444,349,20,11,10,0,13,1847
Belmont,-,6,1540,314,22,12,11,0,15,1914
Belmont,-,7,1588,316,20,13,8,0,14,1959
Belmont,-,8,1590,502,21,14,18,0,14,2159
Berkley,-,1,977,1178,40,13,9,0,4,2221
Berkley,-,2,787,1073,22,7,7,0,26,1922
Berlin,-,1,1375,816,48,18,8,0,10,2275
Bernardston,-,1,916,423,28,8,0,0,10,1385
Beverly,1,1,1220,615,24,10,2,0,24,1895
Beverly,1,2,1402,662,38,11,7,0,26,2146
Beverly,2,1,1557,468,40,9,3,0,18,2095
Beverly,2,2,1615,457,31,12,6,0,17,2138
Beverly,3,1,1293,469,34,16,3,0,14,1829
Beverly,3,2,1209,605,28,9,7,0,17,1875
Beverly,4,1,897,386,16,3,7,0,13,1322
Beverly,4,2,1830,581,31,7,5,0,26,2480
Beverly,5,1,1380,729,32,6,6,0,17,2170
Beverly,5,2,1334,732,36,10,1,0,23,2136
Beverly,6,1,1584,643,29,12,7,0,31,2306
Beverly,6,2,1382,858,36,4,4,0,28,2312
Billerica,-,1,1350,880,47,7,11,0,16,2311
Billerica,-,2,1271,930,32,12,8,0,11,2264
Billerica,-,3,1199,993,28,11,23,0,16,2270
Billerica,-,4,1020,860,20,7,10,0,10,1927
Billerica,-,5,1226,1110,32,9,6,0,9,2392
Billerica,-,6,1263,958,26,27,10,0,15,2299
Billerica,-,7,1255,805,29,9,8,0,12,2118
Billerica,-,8,1303,1035,38,4,9,0,14,2403
Billerica,-,9,1137,1048,28,4,9,0,12,2238
Billerica,-,10,1169,1103,43,7,8,0,9,2339
Billerica,-,11,1135,1009,37,16,10,0,10,2217
Blackstone,-,1,777,767,24,9,8,0,3,1588
Blackstone,-,2,893,898,34,10,3,0,6,1844
Blackstone,-,3,780,895,24,8,5,0,9,1721
Blandford,-,1,307,454,13,1,0,0,6,781
Bolton,-,1,2529,1140,75,18,0,0,51,3813
Boston,1,1,939,206,12,8,9,0,8,1182
Boston,1,2,668,156,8,5,8,0,5,850
Boston,1,3,1734,383,24,8,9,0,7,2165
Boston,1,4,740,135,9,3,4,0,4,895
Boston,1,5,812,199,19,4,6,0,0,1040
Boston,1,6,707,154,12,3,3,0,5,884
Boston,1,7,730,182,11,4,8,0,4,939
Boston,1,8,926,257,8,9,8,0,8,1216
Boston,1,9,670,154,7,5,1,0,5,842
Boston,1,10,455,126,8,2,2,0,4,597
Boston,1,11,717,329,12,4,3,0,7,1072
Boston,1,12,704,376,9,4,1,0,3,1097
Boston,1,13,995,404,12,5,9,0,5,1430
Boston,1,14,446,239,3,1,1,0,11,701
Boston,1,15,1,0,0,0,0,0,0,1
Boston,2,1,1314,396,25,2,10,0,8,1755
Boston,2,2,1722,434,17,8,15,0,13,2209
Boston,2,3,1054,212,18,0,13,0,9,1306
Boston,2,4,949,234,14,5,8,0,10,1220
Boston,2,5,1054,286,14,8,10,0,9,1381
Boston,2,6,1224,398,17,5,11,0,20,1675
Boston,2,7,1190,314,27,3,14,0,8,1556
Boston,3,1,1784,587,25,9,19,0,13,2437
Boston,3,2,931,290,18,3,7,0,6,1255
Boston,3,3,1055,279,14,6,5,0,5,1364
Boston,3,4,1208,356,20,9,8,0,8,1609
Boston,3,5,2267,454,28,13,24,0,16,2802
Boston,3,6,2718,634,47,11,29,0,28,3467
Boston,3,7,2545,225,26,6,16,0,9,2827
Boston,3,8,3506,614,34,16,20,0,44,4234
Boston,4,1,1327,148,22,3,5,0,10,1515
Boston,4,2,1954,319,21,9,12,0,13,2328
Boston,4,3,952,85,11,1,6,0,3,1058
Boston,4,4,1273,110,24,4,6,0,8,1425
Boston,4,5,866,110,6,2,6,0,6,996
Boston,4,6,746,124,9,3,3,0,2,887
Boston,4,7,779,79,4,3,8,0,4,877
Boston,4,8,601,117,6,12,6,0,4,746
Boston,4,9,394,38,2,1,0,0,1,436
Boston,4,10,205,15,0,1,0,0,1,222
Boston,5,1,2633,372,36,10,20,0,28,3099
Boston,5,2,972,92,5,7,2,0,2,1080
Boston,5,2A,653,83,10,7,3,0,3,759
Boston,5,3,1165,164,19,7,17,0,11,1383
Boston,5,4,1447,175,21,6,11,0,7,1667
Boston,5,5,455,77,1,0,7,0,3,543
Boston,5,6,1121,207,27,8,12,0,6,1381
Boston,5,7,1401,246,20,9,15,0,14,1705
Boston,5,8,1266,241,22,6,14,0,8,1557
Boston,5,9,1722,282,21,9,13,0,11,2058
Boston,5,10,956,161,15,9,14,0,5,1160
Boston,5,11,778,114,11,1,11,0,5,920
Boston,6,1,4057,1016,72,19,29,0,30,5223
Boston,6,2,795,239,21,4,9,0,4,1072
Boston,6,3,1177,378,20,3,8,0,9,1595
Boston,6,4,1078,399,20,7,11,0,6,1521
Boston,6,5,1121,388,22,7,8,0,10,1556
Boston,6,6,820,411,21,3,7,0,4,1266
Boston,6,7,948,430,21,0,17,0,7,1423
Boston,6,8,823,419,19,4,7,0,5,1277
Boston,6,9,751,471,18,3,15,0,3,1261
Boston,7,1,731,383,12,1,8,0,9,1144
Boston,7,2,981,460,19,0,10,0,8,1478
Boston,7,3,1015,471,21,0,8,0,4,1519
Boston,7,4,933,359,18,4,4,0,2,1320
Boston,7,5,841,229,16,5,7,0,3,1101
Boston,7,6,763,259,21,0,7,0,3,1053
Boston,7,7,613,149,3,2,0,0,0,767
Boston,7,8,815,228,11,9,8,0,4,1075
Boston,7,9,659,184,12,6,2,0,3,866
Boston,7,10,700,72,3,2,1,0,4,782
Boston,8,1,841,95,5,1,3,0,4,949
Boston,8,2,1436,148,16,3,4,0,18,1625
Boston,8,3,676,64,4,5,3,0,4,756
Boston,8,4,416,36,5,1,2,0,4,464
Boston,8,5,784,79,7,2,4,0,2,878
Boston,8,6,300,35,3,3,1,0,1,343
Boston,8,7,603,38,3,6,0,0,4,654
Boston,9,1,1129,140,9,5,8,0,8,1299
Boston,9,2,1516,120,17,11,7,0,4,1675
Boston,9,3,1797,142,7,7,4,0,7,1964
Boston,9,4,1133,107,5,6,1,0,4,1256
Boston,9,5,1337,73,6,6,6,0,13,1441
Boston,10,1,608,58,1,4,1,0,1,673
Boston,10,2,548,66,3,3,4,0,2,626
Boston,10,3,522,60,6,3,2,0,5,598
Boston,10,4,995,207,7,8,4,0,5,1226
Boston,10,5,682,72,11,7,8,0,5,785
Boston,10,6,775,74,10,9,11,0,1,880
Boston,10,7,991,72,3,3,6,0,11,1086
Boston,10,8,1303,106,8,15,11,0,12,1455
Boston,10,9,1509,79,17,11,9,0,2,1627
Boston,11,1,634,34,6,8,3,0,3,688
Boston,11,2,1021,59,0,3,5,0,6,1094
Boston,11,3,787,58,3,8,0,0,4,860
Boston,11,4,1252,73,7,18,10,0,9,1369
Boston,11,5,1078,95,4,10,4,0,3,1194
Boston,11,6,907,45,9,12,2,0,3,978
Boston,11,7,1101,80,6,9,5,0,1,1202
Boston,11,8,1536,78,14,11,8,0,10,1657
Boston,11,9,797,48,4,14,2,0,0,865
Boston,11,10,1024,40,8,8,2,0,7,1089
Boston,12,1,1037,61,8,6,3,0,7,1122
Boston,12,2,1285,77,6,5,6,0,10,1389
Boston,12,3,529,33,2,3,1,0,0,568
Boston,12,4,718,54,2,5,1,0,7,787
Boston,12,5,481,24,0,0,2,0,5,512
Boston,12,6,597,43,3,5,0,0,9,657
Boston,12,7,1300,97,8,5,11,0,9,1430
Boston,12,8,503,32,2,1,0,0,2,540
Boston,12,9,655,37,3,2,2,0,7,706
Boston,13,1,839,67,3,4,5,0,10,928
Boston,13,2,346,33,3,1,3,0,0,386
Boston,13,3,761,126,12,6,9,0,1,915
Boston,13,4,616,56,3,2,1,0,4,682
Boston,13,5,595,51,10,2,2,0,1,661
Boston,13,6,807,108,6,8,5,0,3,937
Boston,13,7,820,268,9,8,3,0,4,1112
Boston,13,8,732,219,5,9,9,0,5,979
Boston,13,9,843,206,6,5,3,0,2,1065
Boston,13,10,1027,360,18,10,9,0,7,1431
Boston,14,1,1361,109,8,5,4,0,11,1498
Boston,14,2,1479,104,3,5,4,0,10,1605
Boston,14,3,715,44,5,3,1,0,7,775
Boston,14,4,829,59,5,5,5,0,0,903
Boston,14,5,702,23,2,1,2,0,2,732
Boston,14,6,649,50,3,5,3,0,0,710
Boston,14,7,657,47,5,2,1,0,1,713
Boston,14,8,797,33,7,5,3,0,2,847
Boston,14,9,739,48,1,5,4,0,6,803
Boston,14,10,816,71,2,2,2,0,1,894
Boston,14,11,772,43,4,3,3,0,8,833
Boston,14,12,450,19,2,6,2,0,2,481
Boston,14,13,640,31,4,5,0,0,5,685
Boston,14,14,773,28,4,1,2,0,2,810
Boston,15,1,908,78,4,1,3,0,4,998
Boston,15,2,618,47,1,3,0,0,7,676
Boston,15,3,363,45,4,1,0,0,1,414
Boston,15,4,1029,205,7,5,8,0,10,1264
Boston,15,5,754,76,7,2,2,0,3,844
Boston,15,6,315,221,2,5,2,0,3,548
Boston,15,7,615,57,4,3,1,0,3,683
Boston,15,8,482,171,5,1,2,0,4,665
Boston,15,9,499,153,5,5,2,0,2,666
Boston,16,1,556,218,6,1,4,0,6,791
Boston,16,2,479,213,12,4,7,0,2,717
Boston,16,3,800,211,7,7,3,0,3,1031
Boston,16,4,752,200,8,0,3,0,5,968
Boston,16,5,788,255,5,3,3,0,5,1059
Boston,16,6,1021,297,9,11,9,0,11,1358
Boston,16,7,647,329,12,7,11,0,4,1010
Boston,16,8,828,290,14,7,9,0,8,1156
Boston,16,9,698,512,16,3,6,0,8,1243
Boston,16,10,657,397,14,7,7,0,7,1089
Boston,16,11,761,364,9,6,5,0,6,1151
Boston,16,12,524,497,8,4,8,0,4,1045
Boston,17,1,679,56,3,2,1,0,0,741
Boston,17,2,530,65,2,6,0,0,3,606
Boston,17,3,1172,91,7,4,11,0,7,1292
Boston,17,4,1317,183,11,5,8,0,10,1534
Boston,17,5,552,31,1,4,0,0,2,590
Boston,17,6,864,74,6,2,3,0,1,950
Boston,17,7,467,27,0,0,4,0,1,499
Boston,17,8,773,53,5,5,1,0,3,840
Boston,17,9,657,49,6,4,4,0,4,724
Boston,17,10,1002,63,2,5,2,0,5,1079
Boston,17,11,416,22,4,5,1,0,3,451
Boston,17,12,676,54,2,2,1,0,4,739
Boston,17,13,826,187,13,3,5,0,7,1041
Boston,17,14,853,127,10,4,4,0,2,1000
Boston,18,1,1305,81,2,6,3,0,2,1399
Boston,18,2,984,37,1,7,2,0,4,1035
Boston,18,3,1119,35,0,2,2,0,7,1165
Boston,18,4,1161,67,5,2,1,0,3,1239
Boston,18,5,1203,57,5,5,2,0,5,1277
Boston,18,6,1437,54,5,5,3,0,7,1511
Boston,18,7,1029,136,7,2,3,0,3,1180
Boston,18,8,1746,197,8,4,2,0,8,1965
Boston,18,9,963,191,6,7,7,0,4,1178
Boston,18,10,1517,244,5,9,14,0,14,1803
Boston,18,11,865,108,8,0,10,0,12,1003
Boston,18,12,987,194,6,6,3,0,1,1197
Boston,18,13,621,86,1,2,2,0,3,715
Boston,18,14,671,83,9,5,3,0,2,773
Boston,18,15,1068,84,4,2,2,0,4,1164
Boston,18,16,982,334,10,8,6,0,9,1349
Boston,18,17,983,200,10,5,5,0,8,1211
Boston,18,18,1233,242,8,5,8,0,6,1502
Boston,18,19,1671,301,8,8,10,0,15,2013
Boston,18,20,1158,437,19,8,6,0,8,1636
Boston,18,21,1311,59,4,6,5,0,5,1390
Boston,18,22,1031,330,12,9,8,0,9,1399
Boston,18,23,885,112,4,3,4,0,7,1015
Boston,19,1,1036,40,12,10,4,0,0,1102
Boston,19,2,1095,216,10,4,17,0,13,1355
Boston,19,3,895,56,7,3,6,0,1,968
Boston,19,4,1262,29,6,12,6,0,5,1320
Boston,19,5,1007,76,6,8,3,0,4,1104
Boston,19,6,1446,54,4,9,5,0,5,1523
Boston,19,7,1375,94,11,13,6,0,6,1505
Boston,19,8,692,36,6,2,7,0,2,745
Boston,19,9,674,43,5,6,5,0,1,734
Boston,19,10,1214,161,5,3,4,0,8,1395
Boston,19,11,1033,112,9,5,2,0,7,1168
Boston,19,12,864,110,2,4,1,0,4,985
Boston,19,13,732,105,4,6,5,0,2,854
Boston,20,1,1011,235,12,4,9,0,9,1280
Boston,20,2,1113,208,8,9,5,0,4,1347
Boston,20,3,926,382,13,13,5,0,2,1341
Boston,20,4,991,116,4,9,3,0,2,1125
Boston,20,5,927,401,8,3,5,0,11,1355
Boston,20,6,1056,342,20,10,9,0,12,1449
Boston,20,7,678,185,14,7,6,0,4,894
Boston,20,8,801,187,9,6,3,0,0,1006
Boston,20,9,865,227,3,9,5,0,6,1115
Boston,20,10,1118,487,18,5,11,0,12,1651
Boston,20,11,560,173,5,7,4,0,1,750
Boston,20,12,668,250,12,3,11,0,3,947
Boston,20,13,581,260,8,1,4,0,3,857
Boston,20,14,593,233,15,5,7,0,8,861
Boston,20,15,975,495,11,5,4,0,9,1499
Boston,20,16,962,551,27,7,12,0,14,1573
Boston,20,17,1167,536,19,5,5,0,11,1743
Boston,20,18,640,198,7,4,6,0,2,857
Boston,20,19,642,257,13,4,4,0,5,925
Boston,20,20,1079,381,8,7,7,0,7,1489
Boston,21,1,1248,93,12,7,8,0,3,1371
Boston,21,2,297,24,0,3,3,0,3,330
Boston,21,3,720,67,15,14,2,0,2,820
Boston,21,4,636,50,9,12,8,0,4,719
Boston,21,5,946,78,8,16,4,0,6,1058
Boston,21,6,715,73,6,13,6,0,0,813
Boston,21,7,930,109,11,10,7,0,4,1071
Boston,21,8,1180,94,11,11,16,0,10,1322
Boston,21,9,1158,148,11,13,7,0,8,1345
Boston,21,10,839,135,5,8,5,0,6,998
Boston,21,11,1153,123,13,6,14,0,4,1313
Boston,21,12,923,203,11,13,15,0,4,1169
Boston,21,13,1108,399,15,10,13,0,8,1553
Boston,21,14,681,73,7,10,5,0,4,780
Boston,21,15,828,73,9,14,7,0,3,934
Boston,21,16,1013,198,16,12,13,0,4,1256
Boston,22,1,1277,165,27,15,8,0,6,1498
Boston,22,2,1469,205,14,13,15,0,9,1725
Boston,22,3,1172,258,18,13,14,0,5,1480
Boston,22,4,913,159,20,9,5,0,6,1112
Boston,22,5,775,136,15,4,2,0,3,935
Boston,22,6,747,130,8,15,4,0,3,907
Boston,22,7,1051,151,17,12,8,0,4,1243
Boston,22,8,713,192,19,3,4,0,9,940
Boston,22,9,797,219,14,14,8,0,5,1057
Boston,22,10,991,169,14,8,10,0,8,1200
Boston,22,11,703,158,8,8,7,0,6,890
Boston,22,12,676,150,4,5,6,0,6,847
Boston,22,13,612,111,8,6,7,0,3,747
Bourne,-,1,879,825,37,8,5,0,12,1766
Bourne,-,2,1051,954,27,18,15,0,23,2088
Bourne,-,3,600,592,11,5,2,0,9,1219
Bourne,-,4,1137,878,19,7,10,0,11,2062
Bourne,-,5,1069,753,23,7,9,0,42,1903
Bourne,-,6,804,497,8,6,4,0,22,1341
Bourne,-,7,987,832,23,8,9,0,8,1867
Boxborough,-,1,2526,786,63,22,5,0,38,3440
Boxford,-,1,1010,755,31,10,11,0,10,1827
Boxford,-,2,1092,781,38,9,15,0,10,1945
Boxford,-,3,1015,735,24,4,13,0,19,1810
Boylston,-,1,1877,1318,70,15,24,0,17,3321
Braintree,-,1A,1022,818,21,7,6,0,5,1879
Braintree,-,1B,973,748,19,3,7,0,17,1767
Braintree,-,2A,1133,724,16,8,17,0,12,1910
Braintree,-,2B,1057,767,20,10,12,0,15,1881
Braintree,-,3A,926,610,20,8,10,0,7,1581
Braintree,-,3B,1000,663,17,10,4,0,11,1705
Braintree,-,4A,948,625,11,9,8,0,13,1614
Braintree,-,4B,1085,570,20,8,12,0,14,1709
Braintree,-,5A,1001,690,16,9,13,0,17,1746
Braintree,-,5B,1181,817,25,11,8,0,27,2069
Braintree,-,6A,1177,881,23,5,8,0,8,2102
Braintree,-,6B,1109,831,24,6,8,0,12,1990
Brewster,-,1,1673,796,41,8,6,0,22,2546
Brewster,-,2,1684,735,31,15,8,0,18,2491
Brewster,-,3,1583,807,30,15,4,0,18,2457
Bridgewater,-,1,1465,1377,37,16,18,0,19,2932
Bridgewater,-,2,1256,1088,39,12,11,0,12,2418
Bridgewater,-,3,1513,1550,34,7,10,0,17,3131
Bridgewater,-,4,681,571,18,3,3,0,11,1287
Bridgewater,-,5,412,279,17,6,3,0,6,723
Bridgewater,-,6,1102,749,36,14,12,0,9,1922
Bridgewater,-,7,1259,958,39,14,7,0,13,2290
Brimfield,-,1,1063,1193,44,11,3,0,35,2349
Brockton,1,A,1004,189,13,6,1,0,6,1219
Brockton,1,B,1209,345,19,5,6,0,8,1592
Brockton,1,C,1038,331,9,5,0,0,7,1390
Brockton,1,D,1325,624,12,13,0,0,24,1998
Brockton,2,A,832,103,15,3,2,0,6,961
Brockton,2,B,748,93,1,4,3,0,3,852
Brockton,2,C,728,119,6,5,2,0,4,864
Brockton,2,D,1023,259,12,3,1,0,7,1305
Brockton,3,A,1032,249,6,3,0,0,5,1295
Brockton,3,B,961,167,9,6,1,0,12,1156
Brockton,3,C,1235,516,10,6,3,0,7,1777
Brockton,3,D,1188,590,15,6,4,0,7,1810
Brockton,4,A,759,118,6,1,0,0,8,892
Brockton,4,B,1139,297,15,3,0,0,11,1465
Brockton,4,C,1057,404,17,3,5,0,7,1493
Brockton,4,D,1034,379,9,3,7,0,10,1442
Brockton,5,A,1047,195,10,3,4,0,6,1265
Brockton,5,B,1129,411,24,6,1,0,11,1582
Brockton,5,C,1093,245,12,6,0,0,10,1366
Brockton,5,D,1093,435,16,3,0,0,12,1559
Brockton,6,A,962,234,21,2,3,0,12,1234
Brockton,6,B,1220,532,17,5,1,0,13,1788
Brockton,6,C,1147,355,12,8,5,0,7,1534
Brockton,6,D,1060,553,15,10,4,0,9,1651
Brockton,7,A,984,159,10,3,0,0,4,1160
Brockton,7,B,1231,240,9,11,1,0,4,1496
Brockton,7,C,1089,205,12,8,3,0,9,1326
Brockton,7,D,1108,342,16,3,0,0,13,1482
Brookfield,-,1,946,1054,34,16,4,0,8,2062
Brookline,-,1,1669,153,16,2,7,0,10,1857
Brookline,-,2,1100,152,7,7,7,0,4,1277
Brookline,-,3,1722,185,11,5,9,0,13,1945
Brookline,-,4,1507,218,19,11,7,0,14,1776
Brookline,-,5,1869,192,15,13,6,0,21,2116
Brookline,-,6,1848,157,10,13,8,0,6,2042
Brookline,-,7,1608,173,18,6,3,0,12,1820
Brookline,-,8,1734,116,5,16,0,0,12,1883
Brookline,-,9,1724,199,16,9,2,0,16,1966
Brookline,-,10,1738,207,14,7,2,0,23,1991
Brookline,-,11,1851,203,14,10,7,0,13,2098
Brookline,-,12,2077,239,28,7,10,0,18,2379
Brookline,-,13,1789,216,21,9,18,0,17,2070
Brookline,-,14,1754,317,27,10,16,0,16,2140
Brookline,-,15,1694,412,13,10,12,0,17,2158
Brookline,-,16,1466,279,9,13,11,0,9,1787
Buckland,-,1,889,268,18,14,2,0,12,1203
Burlington,-,1,1448,941,23,11,11,0,20,2454
Burlington,-,2,1048,539,21,13,7,0,7,1635
Burlington,-,3,1390,804,34,7,12,0,14,2261
Burlington,-,4,1257,710,19,8,10,0,12,2016
Burlington,-,5,1413,856,36,11,9,0,15,2340
Burlington,-,6,1320,915,31,12,6,0,12,2296
Burlington,-,7,1571,801,32,14,6,0,5,2429
Cambridge,1,1,1898,227,26,5,7,0,11,2174
Cambridge,1,2,1447,190,19,16,12,0,6,1690
Cambridge,1,3,1600,201,16,11,8,0,19,1855
Cambridge,2,1,1504,102,7,5,7,0,15,1640
Cambridge,2,2,295,11,5,5,6,0,1,323
Cambridge,2,3,808,76,14,7,7,0,5,917
Cambridge,3,1,1553,191,14,8,15,0,10,1791
Cambridge,3,2,938,62,1,6,5,0,2,1014
Cambridge,3,2A,712,56,10,4,3,0,3,788
Cambridge,3,3,1463,83,5,17,8,0,2,1578
Cambridge,4,1,1873,75,15,16,6,0,4,1989
Cambridge,4,2,1887,99,13,15,7,0,6,2027
Cambridge,4,3,629,37,4,3,2,0,2,677
Cambridge,5,1,1670,88,12,16,9,0,10,1805
Cambridge,5,2,1757,114,12,15,9,0,7,1914
Cambridge,5,3,1309,60,8,14,4,0,9,1404
Cambridge,6,1,1846,74,17,17,7,0,10,1971
Cambridge,6,2,1674,70,17,14,8,0,11,1794
Cambridge,6,3,1805,136,8,10,9,0,5,1973
Cambridge,7,1,1730,70,11,18,8,0,8,1845
Cambridge,7,2,828,58,10,15,10,0,5,926
Cambridge,7,3,505,33,2,5,7,0,1,553
Cambridge,8,1,1213,55,4,10,10,0,7,1299
Cambridge,8,2,1213,53,9,10,1,0,3,1289
Cambridge,8,3,277,14,2,0,1,0,1,295
Cambridge,9,1,2111,105,9,11,10,0,6,2252
Cambridge,9,2,2211,208,17,17,8,0,14,2475
Cambridge,9,3,1697,197,17,12,12,0,12,1947
Cambridge,10,1,2090,108,11,13,12,0,9,2243
Cambridge,10,2,1998,79,11,15,13,0,9,2125
Cambridge,10,3,1732,101,14,11,5,0,8,1871
Cambridge,11,1,2130,164,25,11,5,0,10,2345
Cambridge,11,2,2125,170,18,23,9,0,6,2351
Cambridge,11,3,1705,152,12,12,11,0,7,1899
Canton,-,1,1421,742,36,10,10,0,12,2231
Canton,-,2,1617,825,18,8,9,0,10,2487
Canton,-,3,1527,781,31,8,2,0,15,2364
Canton,-,4,1653,1040,33,10,13,0,20,2769
Canton,-,5,1546,825,38,6,12,0,18,2445
Canton,-,6,1458,752,31,14,9,0,11,2275
Carlisle,-,1,2772,767,58,17,24,0,32,3670
Carver,-,1,1017,1161,33,19,17,0,11,2258
Carver,-,2,1025,1120,27,10,12,0,8,2202
Carver,-,3,1235,1223,36,9,17,0,21,2541
Charlemont,-,1,492,235,12,4,0,0,6,749
Charlton,-,1,952,907,45,11,6,0,17,1938
Charlton,-,2,887,1145,46,13,12,0,7,2110
Charlton,-,3,975,1122,28,13,8,0,12,2158
Charlton,-,4,945,953,39,8,7,0,11,1963
Chatham,-,1,3107,1834,70,23,41,0,47,5122
Chelmsford,-,1,1615,811,37,9,18,0,13,2503
Chelmsford,-,2,1463,770,37,11,15,0,9,2305
Chelmsford,-,3,1403,949,36,14,17,0,14,2433
Chelmsford,-,4,1405,945,46,8,10,0,16,2430
Chelmsford,-,5,1563,866,56,11,11,0,16,2523
Chelmsford,-,6,1576,882,47,16,10,0,19,2550
Chelmsford,-,7,1660,861,59,9,16,0,15,2620
Chelmsford,-,8,1552,837,43,11,10,0,10,2463
Chelmsford,-,9,1664,902,37,17,14,0,25,2659
Chelsea,1,1,423,150,3,5,0,0,9,590
Chelsea,1,2,284,86,3,0,0,0,5,378
Chelsea,1,3,388,81,5,0,0,0,4,478
Chelsea,1,4,386,58,4,4,0,0,4,456
Chelsea,2,1,1052,292,19,4,0,0,23,1390
Chelsea,2,2,665,118,10,4,0,0,11,808
Chelsea,2,3,285,57,1,5,0,0,8,356
Chelsea,2,4,429,90,3,2,0,0,9,533
Chelsea,3,1,498,88,6,3,0,0,8,603
Chelsea,3,2,636,131,8,2,0,0,6,783
Chelsea,3,3,454,147,6,2,0,0,7,616
Chelsea,3,4,510,124,0,4,0,0,4,642
Chelsea,4,1,564,160,5,9,0,0,5,743
Chelsea,4,2,566,254,13,9,0,0,8,850
Chelsea,4,3,564,207,6,1,0,0,7,785
Chelsea,4,4,451,172,4,4,0,0,5,636
Cheshire,-,1,1124,775,36,0,11,0,20,1966
Chester,-,1,313,415,14,2,0,0,5,749
Chesterfield,-,1,510,287,14,9,2,0,11,833
Chicopee,1,A,818,654,20,17,9,0,5,1523
Chicopee,1,B,1020,775,25,13,4,0,12,1849
Chicopee,2,A,646,339,10,5,0,0,2,1002
Chicopee,2,B,910,757,24,8,7,0,5,1711
Chicopee,3,A,755,610,15,7,5,0,9,1401
Chicopee,3,B,650,465,22,7,3,0,5,1152
Chicopee,4,A,788,499,18,8,3,0,10,1326
Chicopee,4,B,797,447,23,8,3,0,3,1281
Chicopee,5,A,886,554,24,9,4,0,6,1483
Chicopee,5,B,767,539,21,7,6,0,7,1347
Chicopee,6,AN,243,140,6,1,3,0,3,396
Chicopee,6,AS,485,389,7,5,6,0,5,897
Chicopee,6,BE,690,803,22,13,7,0,7,1542
Chicopee,6,BW,175,161,5,3,1,0,1,346
Chicopee,7,A,649,402,16,8,2,0,9,1086
Chicopee,7,B,802,439,21,12,2,0,6,1282
Chicopee,8,A,855,628,42,12,6,0,8,1551
Chicopee,8,B,738,602,20,8,6,0,6,1380
Chicopee,9,A,846,631,28,12,3,0,9,1529
Chicopee,9,B,982,802,28,11,6,0,13,1842
Chilmark,-,1,796,111,5,3,6,0,3,924
Clarksburg,-,1,583,390,13,2,2,0,12,1002
Clinton,-,1,1287,717,40,13,13,0,7,2077
Clinton,-,2,1145,666,44,20,5,0,8,1888
Clinton,-,3,1197,757,40,14,10,0,11,2029
Clinton,-,4,1059,746,34,7,12,0,8,1866
Cohasset,-,1,1849,786,41,5,32,0,18,2731
Cohasset,-,2,2000,879,55,6,16,0,40,2996
Colrain,-,1,667,306,20,10,4,0,5,1012
Concord,-,1,1930,354,34,10,18,0,19,2365
Concord,-,2,2261,444,33,11,23,0,13,2785
Concord,-,3,2058,435,31,13,19,0,19,2575
Concord,-,4,2338,476,41,14,23,0,17,2909
Concord,-,5,1437,268,21,4,15,0,12,1757
Conway,-,1,989,278,24,11,1,0,5,1308
Cummington,-,1,413,162,7,4,5,0,5,596
Dalton,-,1,1305,560,33,13,5,0,5,1921
Dalton,-,2,1377,479,30,14,5,0,6,1911
Danvers,-,1,1339,759,26,13,0,0,15,2152
Danvers,-,2,1256,796,28,11,12,0,12,2115
Danvers,-,3,1060,736,18,12,4,0,18,1848
Danvers,-,4,1328,766,27,9,5,0,30,2165
Danvers,-,5,1266,948,21,13,10,0,17,2275
Danvers,-,6,1169,964,25,11,7,0,21,2197
Danvers,-,7,1277,860,38,11,6,0,23,2215
Danvers,-,8,1138,896,28,11,3,0,19,2095
Dartmouth,-,1,1056,1314,41,4,7,0,11,2433
Dartmouth,-,2,790,668,10,7,7,0,7,1489
Dartmouth,-,3,44,3,0,0,0,0,0,47
Dartmouth,-,4,1191,938,21,14,5,0,8,2177
Dartmouth,-,5,1292,1021,18,11,11,0,14,2367
Dartmouth,-,6,953,844,15,8,3,0,11,1834
Dartmouth,-,7,1197,1020,22,8,5,0,15,2267
Dartmouth,-,8,1635,937,25,5,13,0,17,2632
Dartmouth,-,9,1634,1033,29,13,12,0,12,2733
Dedham,-,1,1762,489,14,5,27,0,23,2320
Dedham,-,2,1522,698,21,12,9,0,22,2284
Dedham,-,3,1423,608,28,17,8,0,8,2092
Dedham,-,4,1502,639,30,5,8,0,17,2201
Dedham,-,5,1525,795,33,11,10,0,11,2385
Dedham,-,6,1652,719,38,5,11,0,18,2443
Dedham,-,7,1374,823,27,5,12,0,15,2256
Deerfield,-,1,2425,839,55,21,10,0,20,3370
Dennis,-,1,1280,868,20,2,8,0,13,2191
Dennis,-,2,1316,862,21,4,12,0,16,2231
Dennis,-,3,1109,674,25,8,5,0,6,1827
Dennis,-,4,1266,792,23,14,11,0,6,2112
Dennis,-,5,1210,742,30,8,11,0,12,2013
Dighton,-,1,1000,1147,36,12,10,0,8,2213
Dighton,-,2,1139,1326,26,13,15,0,11,2530
Douglas,-,1,816,1051,31,11,0,0,15,1924
Douglas,-,2,839,982,37,9,0,0,17,1884
Douglas,-,3,803,923,23,9,0,0,21,1779
Dover,-,1,2761,1142,67,14,39,0,41,4064
Dracut,-,1,893,820,26,11,0,0,15,1765
Dracut,-,2,799,743,23,7,0,0,19,1591
Dracut,-,3,942,947,28,2,0,0,19,1938
Dracut,-,4,1124,1210,33,8,0,0,52,2427
Dracut,-,5,894,1010,34,10,0,0,8,1956
Dracut,-,6,923,869,25,8,0,0,6,1831
Dracut,-,6A,39,33,0,0,0,0,0,72
Dracut,-,7,986,811,21,9,0,0,5,1832
Dracut,-,8,1155,1397,39,6,0,0,30,2627
Dracut,-,9,951,972,24,13,0,0,28,1988
Dudley,-,1,1071,1203,46,10,10,0,12,2352
Dudley,-,2,906,1068,36,8,10,0,6,2034
Dudley,-,3,767,921,21,9,6,0,5,1729
Dunstable,-,1,1243,877,46,7,0,0,30,2203
Duxbury,-,1,1326,753,29,4,13,0,18,2143
Duxbury,-,2,1217,680,27,2,21,0,18,1965
Duxbury,-,3,1168,659,33,4,9,0,9,1882
Duxbury,-,4,1122,625,25,7,15,0,8,1802
Duxbury,-,5,1054,714,23,3,12,0,13,1819
Duxbury,-,6,1023,601,29,4,17,0,14,1688
E. Bridgewater,-,1,1034,1098,36,9,11,0,14,2202
E. Bridgewater,-,2,1008,1088,36,12,11,0,13,2168
E. Bridgewater,-,3,1111,1159,26,11,6,0,12,2325
E. Bridgewater,-,4,1030,1021,42,11,7,0,15,2126
E. Brookfield,-,1,593,741,18,7,6,0,5,1370
E. Longmeadow,-,1,1420,1122,26,9,15,0,8,2600
E. Longmeadow,-,2,1274,1025,26,13,6,0,10,2354
E. Longmeadow,-,3,1330,1180,30,11,10,0,15,2576
E. Longmeadow,-,4,1271,1296,37,9,12,0,16,2641
Eastham,-,1,2864,1151,48,16,21,0,17,4117
Easthampton,-,1,1430,485,20,15,5,0,11,1966
Easthampton,-,2,1685,412,31,24,12,0,11,2175
Easthampton,-,3,1517,432,24,19,3,0,14,2009
Easthampton,-,4,1810,400,24,29,8,0,12,2283
Easthampton,-,5,1354,796,33,21,3,0,8,2215
Easton,-,1,836,512,16,7,4,0,6,1381
Easton,-,2,1651,996,49,16,9,0,16,2737
Easton,-,3,1400,925,31,16,11,0,13,2396
Easton,-,4,1578,925,37,18,15,0,18,2591
Easton,-,5,1810,1052,38,6,9,0,16,2931
Easton,-,6,1440,1057,27,14,14,0,17,2569
Edgartown,-,1,2185,854,39,15,8,0,25,3126
Egremont,-,1,783,174,8,7,1,0,3,976
Erving,-,1,550,355,15,4,5,0,7,936
Essex,-,1,1650,796,45,8,13,0,16,2528
Everett,1,1,808,318,2,3,3,0,2,1136
Everett,1,2,714,332,6,8,5,0,5,1070
Everett,2,1,886,360,13,8,2,0,2,1271
Everett,2,2,745,272,3,7,6,0,4,1037
Everett,3,1,1008,391,12,7,9,0,1,1428
Everett,3,2,872,345,7,6,2,0,6,1238
Everett,4,1,916,415,7,7,7,0,6,1358
Everett,4,2,797,298,11,4,3,0,10,1123
Everett,5,1,905,338,6,3,7,0,11,1270
Everett,5,2,851,277,3,6,2,0,10,1149
Everett,6,1,969,382,27,7,1,0,8,1394
Everett,6,2,1021,365,11,6,5,0,11,1419
Fairhaven,-,1,1000,601,19,9,6,0,15,1650
Fairhaven,-,2,913,688,20,6,4,0,17,1648
Fairhaven,-,3,640,638,14,13,3,0,7,1315
Fairhaven,-,4,875,713,26,8,1,0,14,1637
Fairhaven,-,5,874,839,13,5,9,0,12,1752
Fairhaven,-,6,791,796,22,4,7,0,7,1627
Fall River,1,A,765,763,20,7,2,0,42,1599
Fall River,1,B,600,518,21,6,0,0,1,1146
Fall River,1,C,637,613,21,2,3,0,13,1289
Fall River,2,A,518,388,16,4,2,0,4,932
Fall River,2,B,442,395,11,5,2,0,8,863
Fall River,2,C,522,455,17,6,0,0,9,1009
Fall River,3,A,370,541,16,9,1,0,282,1219
Fall River,3,B,656,525,6,8,0,0,11,1206
Fall River,3,C,713,619,16,3,3,0,15,1369
Fall River,4,A,535,348,9,5,0,0,9,906
Fall River,4,B,522,319,9,2,2,0,9,863
Fall River,4,C,562,313,13,9,2,0,11,910
Fall River,5,A,396,285,10,7,1,0,5,704
Fall River,5,B,345,197,8,9,2,0,6,567
Fall River,5,B1,67,55,2,0,0,0,1,125
Fall River,5,C,482,341,8,2,1,0,8,842
Fall River,6,A,685,691,15,9,1,0,15,1416
Fall River,6,B,531,394,11,3,2,0,3,944
Fall River,6,C,652,502,9,6,2,0,14,1185
Fall River,6,C1,18,11,1,0,0,0,1,31
Fall River,7,A,696,515,17,4,5,0,8,1245
Fall River,7,B,598,367,17,1,6,0,8,997
Fall River,7,C,748,450,13,6,0,0,13,1230
Fall River,8,A,636,444,9,2,0,0,19,1110
Fall River,8,B,914,645,13,7,1,0,15,1595
Fall River,8,C,948,779,20,12,5,0,14,1778
Fall River,9,A,1158,918,18,4,4,0,6,2108
Fall River,9,B,757,567,16,9,4,0,11,1364
Fall River,9,C,986,613,17,9,0,0,23,1648
Falmouth,-,1,2096,522,23,10,17,0,21,2689
Falmouth,-,2,1648,684,24,8,11,0,17,2392
Falmouth,-,3,1460,824,22,10,7,0,18,2341
Falmouth,-,4,1483,961,31,13,16,0,19,2523
Falmouth,-,5,1752,852,40,13,8,0,20,2685
Falmouth,-,6,1653,808,24,6,14,0,20,2525
Falmouth,-,7,1368,922,21,11,8,0,19,2349
Falmouth,-,8,1346,930,38,13,14,0,16,2357
Falmouth,-,9,1328,816,22,12,1,0,14,2193
Fitchburg,1,A,703,384,17,5,4,0,4,1117
Fitchburg,1,B,845,450,22,9,3,0,6,1335
Fitchburg,2,A,693,338,16,10,1,0,7,1065
Fitchburg,2,B,869,636,25,11,4,0,4,1549
Fitchburg,3,A,1147,855,32,10,7,0,16,2067
Fitchburg,3,B,952,629,42,14,2,0,9,1648
Fitchburg,4,A,405,272,11,3,0,0,3,694
Fitchburg,4,B,782,351,20,4,5,0,6,1168
Fitchburg,5,A,1106,883,33,12,6,0,30,2070
Fitchburg,5,B,570,285,18,9,2,0,7,891
Fitchburg,6,A,1044,725,20,7,5,0,8,1809
Fitchburg,6,B,781,378,21,10,6,0,5,1201
Florida,-,1,209,203,6,0,0,0,2,420
Foxborough,-,1,1213,738,41,10,2,0,13,2017
Foxborough,-,2,1415,909,27,10,10,0,11,2382
Foxborough,-,3,1350,936,38,8,6,0,11,2349
Foxborough,-,4,1410,918,24,8,13,0,21,2394
Foxborough,-,5,1352,856,33,7,12,0,23,2283
Framingham,-,1,1793,668,26,10,12,0,10,2519
Framingham,-,2,2170,720,55,12,16,0,11,2984
Framingham,-,3,1588,503,29,7,14,0,10,2151
Framingham,-,4,1882,572,26,9,11,0,10,2510
Framingham,-,5,1684,623,28,17,11,0,16,2379
Framingham,-,6,1656,614,36,8,19,0,19,2352
Framingham,-,7,1619,525,25,10,15,0,12,2206
Framingham,-,8,1594,471,22,10,6,0,13,2116
Framingham,-,9,1153,385,19,8,10,0,10,1585
Framingham,-,10,999,270,16,6,4,0,3,1298
Framingham,-,11,1859,608,34,14,15,0,22,2552
Framingham,-,12,849,279,9,3,13,0,8,1161
Framingham,-,13,1131,368,17,11,3,0,9,1539
Framingham,-,14,857,240,16,10,9,0,13,1145
Framingham,-,15,918,292,9,8,6,0,6,1239
Framingham,-,16,517,171,6,1,3,0,1,699
Framingham,-,17,567,131,3,3,3,0,5,712
Framingham,-,18,786,272,15,3,3,0,9,1088
Franklin,-,1,1372,824,31,10,17,0,17,2271
Franklin,-,2,1571,919,42,17,20,0,20,2589
Franklin,-,3,1451,926,46,15,11,0,14,2463
Franklin,-,4,1660,1062,56,9,2,0,42,2831
Franklin,-,5,1792,960,39,16,16,0,20,2843
Franklin,-,6,1416,717,38,15,4,0,25,2215
Franklin,-,7,1727,881,48,7,9,0,23,2695
Franklin,-,8,1486,1056,38,12,8,0,45,2645
Freetown,-,1,841,943,25,9,11,0,5,1834
Freetown,-,2,825,992,16,8,3,0,12,1856
Freetown,-,3,817,971,29,9,7,0,10,1843
Gardner,1,A,679,454,22,5,4,0,14,1178
Gardner,1,B,233,249,7,0,1,0,5,495
Gardner,2,A,572,426,22,7,1,0,11,1039
Gardner,2,B,610,549,29,9,2,0,6,1205
Gardner,3,A,476,363,20,9,1,0,3,872
Gardner,3,B,606,416,23,2,2,0,8,1057
Gardner,4,A,581,341,23,9,3,0,8,965
Gardner,4,B,369,298,24,7,1,0,4,703
Gardner,5,A,480,350,20,6,0,0,2,858
Gardner,5,B,607,493,21,6,6,0,12,1145
Georgetown,-,1,1100,948,26,10,12,0,12,2108
Georgetown,-,2,983,760,30,5,13,0,7,1798
Georgetown,-,3,968,680,28,7,15,0,11,1709
Gill,-,1,679,279,18,5,6,0,2,989
Gloucester,1,1,1453,556,18,5,21,0,18,2071
Gloucester,1,2,1187,536,24,10,6,0,6,1769
Gloucester,2,1,939,456,30,11,8,0,12,1456
Gloucester,2,2,903,410,12,9,7,0,9,1350
Gloucester,3,1,1007,500,12,7,10,0,19,1555
Gloucester,3,2,1021,526,14,6,11,0,13,1591
Gloucester,4,1,1156,649,20,13,9,0,23,1870
Gloucester,4,2,1645,513,32,12,11,0,14,2227
Gloucester,5,1,1456,688,21,7,21,0,22,2215
Gloucester,5,2,1371,761,34,8,17,0,18,2209
Goshen,-,1,418,231,15,5,3,0,1,673
Gosnold,-,1,56,22,2,1,1,0,0,82
Grafton,-,1,1340,791,50,21,14,0,10,2226
Grafton,-,2,1463,809,26,15,11,0,17,2341
Grafton,-,3,1509,819,37,12,8,0,16,2401
Grafton,-,4,1269,797,25,13,6,0,22,2132
Grafton,-,5,1558,795,37,10,18,0,13,2431
Granby,-,1,1149,859,32,12,5,0,10,2067
Granby,-,2,906,956,24,10,3,0,11,1910
Granville,-,1,402,565,20,3,0,0,12,1002
Great Barrington,-,A,900,172,14,7,1,0,2,1096
Great Barrington,-,B,861,203,14,9,5,0,3,1095
Great Barrington,-,C,702,91,7,6,6,0,1,813
Great Barrington,-,D,905,188,9,6,6,0,9,1123
Greenfield,-,1,728,322,23,4,7,0,6,1090
Greenfield,-,2,896,327,18,10,3,0,41,1295
Greenfield,-,3,801,293,8,10,2,0,21,1135
Greenfield,-,4,870,296,16,7,2,0,18,1209
Greenfield,-,5,841,195,13,9,7,0,33,1098
Greenfield,-,6,879,186,20,15,8,0,95,1203
Greenfield,-,7,615,236,8,12,5,0,30,906
Greenfield,-,8,701,185,14,11,5,0,35,951
Greenfield,-,9,552,225,16,5,3,0,19,820
Groton,-,1,1735,709,44,8,14,0,24,2534
Groton,-,2,1561,788,44,17,12,0,26,2448
Groton,-,3,1645,652,37,4,15,0,21,2374
Groveland,-,1,1230,954,48,11,8,0,12,2263
Groveland,-,2,1191,1022,44,11,17,0,18,2303
Hadley,-,1,2476,925,49,27,16,0,22,3515
Halifax,-,1,1166,1305,41,14,9,0,11,2546
Halifax,-,2,1188,1093,34,16,8,0,8,2347
Hamilton,-,1,1228,578,33,6,14,0,18,1877
Hamilton,-,2,1198,544,40,7,13,0,10,1812
Hamilton,-,3,938,336,32,5,16,0,12,1339
Hampden,-,1,1539,1713,58,16,13,0,36,3375
Hancock,-,1,257,207,9,3,2,0,4,482
Hanover,-,1,1220,1185,54,13,18,0,18,2508
Hanover,-,2,1267,1154,33,6,15,0,15,2490
Hanover,-,3,1203,1038,28,4,10,0,16,2299
Hanover,-,4,1220,1130,38,5,11,0,18,2422
Hanson,-,1,1098,1123,42,11,7,0,19,2300
Hanson,-,2,1125,1095,43,16,12,0,21,2312
Hanson,-,3,1021,1096,40,7,5,0,18,2187
Hardwick,-,1,749,733,32,7,8,0,5,1534
Harvard,-,1,3074,954,71,18,12,0,28,4157
Harwich,-,1,1540,866,28,13,18,0,17,2482
Harwich,-,2,1461,860,34,8,11,0,29,2403
Harwich,-,3,1476,864,40,17,10,0,16,2423
Harwich,-,4,1356,775,47,9,15,0,7,2209
Hatfield,-,1,1578,686,23,15,11,0,10,2323
Haverhill,1,1,619,343,12,7,3,0,5,989
Haverhill,1,2,1043,446,16,10,4,0,15,1534
Haverhill,1,3,828,472,20,8,4,0,8,1340
Haverhill,2,1,834,479,25,9,13,0,8,1368
Haverhill,2,2,877,662,18,11,7,0,11,1586
Haverhill,2,3,611,291,16,7,5,0,2,932
Haverhill,3,1,626,225,16,10,5,0,6,888
Haverhill,3,2,795,354,15,11,4,0,10,1189
Haverhill,3,3,798,411,9,10,6,0,6,1240
Haverhill,4,1,956,696,30,6,14,0,9,1711
Haverhill,4,2,1016,877,19,9,11,0,12,1944
Haverhill,4,3,1016,728,32,9,8,0,13,1806
Haverhill,5,1,1009,676,21,8,4,0,6,1724
Haverhill,5,2,994,823,20,10,11,0,5,1863
Haverhill,5,3,987,1024,21,11,10,0,7,2060
Haverhill,6,1,908,633,28,7,7,0,5,1588
Haverhill,6,2,915,646,24,13,6,0,9,1613
Haverhill,6,3,1067,715,17,9,14,0,14,1836
Haverhill,7,1,1116,628,34,9,7,0,8,1802
Haverhill,7,2,906,608,15,9,8,0,6,1552
Haverhill,7,3,1099,834,36,14,18,0,6,2007
Hawley,-,1,155,70,3,3,0,0,0,231
Heath,-,1,294,158,8,6,2,0,2,470
Hingham,-,1,1875,794,32,6,26,0,23,2756
Hingham,-,2,1900,845,40,10,17,0,30,2842
Hingham,-,3,1873,811,35,8,28,0,27,2782
Hingham,-,4,1683,734,36,4,30,0,24,2511
Hingham,-,5,1090,716,28,4,17,0,21,1876
Hingham,-,5A,861,256,4,4,1,0,13,1139
Hingham,-,6,1573,830,33,7,18,0,19,2480
Hinsdale,-,1,771,402,18,15,4,0,6,1216
Holbrook,-,1,989,531,9,8,7,0,15,1559
Holbrook,-,2,894,686,30,6,8,0,7,1631
Holbrook,-,3,928,592,17,11,2,0,10,1560
Holbrook,-,4,899,572,15,6,3,0,13,1508
Holden,-,1,1362,1004,46,14,20,0,19,2465
Holden,-,2,1473,1017,32,18,12,0,15,2567
Holden,-,3,1351,835,40,18,11,0,16,2271
Holden,-,4,1665,1095,41,9,16,0,17,2843
Holden,-,5,1474,1045,41,6,9,0,15,2590
Holland,-,1,698,793,38,7,9,0,13,1558
Holliston,-,1,1765,740,44,11,20,0,14,2594
Holliston,-,2,1739,608,39,12,16,0,19,2433
Holliston,-,3,1761,612,42,9,10,0,12,2446
Holliston,-,4,1506,619,36,13,15,0,5,2194
Holyoke,1,A,448,190,2,2,0,0,9,651
Holyoke,1,B,583,193,8,8,0,0,11,803
Holyoke,2,A,547,211,4,6,0,0,7,775
Holyoke,2,B,493,188,5,7,0,0,6,699
Holyoke,3,A,857,334,17,15,1,0,16,1240
Holyoke,3,B,948,489,15,15,2,0,14,1483
Holyoke,4,A,481,159,7,6,1,0,6,660
Holyoke,4,B,754,247,11,11,1,0,18,1042
Holyoke,5,A,1120,783,26,10,4,0,8,1951
Holyoke,5,B,807,485,10,8,4,0,12,1326
Holyoke,6,A,786,268,17,9,3,0,11,1094
Holyoke,6,B,949,373,14,10,2,0,23,1371
Holyoke,7,A,1235,559,15,8,2,0,16,1835
Holyoke,7,B,1144,364,18,13,1,0,13,1553
Hopedale,-,1,2285,1385,62,22,21,0,26,3801
Hopkinton,-,1,2032,774,35,18,24,0,17,2900
Hopkinton,-,2,1729,775,32,8,18,0,14,2576
Hopkinton,-,3,1586,745,32,9,16,0,13,2401
Hopkinton,-,4,1700,687,44,8,24,0,14,2477
Hubbardston,-,1,1390,1442,63,21,11,0,16,2943
Hudson,-,1,1130,570,26,10,10,0,11,1757
Hudson,-,2,931,447,31,11,8,0,8,1436
Hudson,-,3,1021,707,32,8,6,0,13,1787
Hudson,-,4,1144,612,40,12,5,0,9,1822
Hudson,-,5,1429,637,32,12,5,0,16,2131
Hudson,-,6,848,454,12,12,7,0,8,1341
Hudson,-,7,911,425,23,6,9,0,5,1379
Hull,-,1,1617,713,26,8,9,0,16,2389
Hull,-,2,1306,811,24,12,8,0,19,2180
Hull,-,3,1584,909,27,13,13,0,20,2566
Huntington,-,1,585,593,24,13,2,0,6,1223
Ipswich,-,1,1645,607,27,13,8,0,21,2321
Ipswich,-,2,1690,790,39,11,6,0,42,2578
Ipswich,-,3,1369,891,43,11,13,0,25,2352
Ipswich,-,4,1569,821,40,8,13,0,26,2477
Kingston,-,1,1142,809,29,9,5,0,16,2010
Kingston,-,2,1174,1083,39,5,8,0,11,2320
Kingston,-,3,1193,1063,58,8,9,0,11,2342
Kingston,-,4,1013,820,38,9,6,0,11,1897
Lakeville,-,1,1019,1204,36,10,6,0,18,2293
Lakeville,-,2,1018,1255,58,14,10,0,14,2369
Lakeville,-,3,1299,1319,46,14,15,0,22,2715
Lancaster,-,1,1154,865,46,13,12,0,12,2102
Lancaster,-,2,1304,897,42,8,13,0,18,2282
Lanesborough,-,1,1237,604,31,9,10,0,5,1896
Lawrence,A,1,746,261,12,1,1,0,8,1029
Lawrence,A,2,571,163,5,6,1,0,5,751
Lawrence,A,3,667,297,12,6,0,0,8,990
Lawrence,A,4,804,253,8,2,6,0,2,1075
Lawrence,B,1,748,176,9,4,6,0,1,944
Lawrence,B,2,543,126,14,2,0,0,3,688
Lawrence,B,3,647,177,8,2,2,0,6,842
Lawrence,B,4,683,195,10,6,1,0,9,904
Lawrence,C,1,586,183,8,1,2,0,4,784
Lawrence,C,2,863,307,15,4,6,0,9,1204
Lawrence,C,3,603,158,6,3,3,0,3,776
Lawrence,C,4,689,187,8,3,2,0,10,899
Lawrence,D,1,755,258,6,4,1,0,7,1031
Lawrence,D,2,593,161,6,2,0,0,7,769
Lawrence,D,3,492,151,1,2,0,0,13,659
Lawrence,D,4,627,180,7,2,1,0,4,821
Lawrence,E,1,937,523,10,5,6,0,12,1493
Lawrence,E,2,958,479,17,6,7,0,14,1481
Lawrence,E,3,629,287,8,4,4,0,3,935
Lawrence,E,4,742,275,6,5,2,0,4,1034
Lawrence,F,1,939,390,23,11,8,0,6,1377
Lawrence,F,2,651,144,4,6,0,0,7,812
Lawrence,F,3,825,232,7,8,2,0,10,1084
Lawrence,F,4,725,240,11,3,2,0,4,985
Lee,-,1,2415,985,51,23,15,0,17,3506
Leicester,-,1,767,856,36,5,9,0,11,1684
Leicester,-,2,794,752,18,13,8,0,8,1593
Leicester,-,3,750,795,21,11,5,0,12,1594
Leicester,-,4,790,743,28,10,4,0,7,1582
Lenox,-,1,2701,602,30,17,18,0,14,3382
Leominster,1,A,982,712,33,10,2,0,14,1753
Leominster,1,B,980,613,36,11,5,0,14,1659
Leominster,1,C,801,493,23,12,5,0,9,1343
Leominster,2,A,680,376,23,11,3,0,6,1099
Leominster,2,B,742,559,23,16,4,0,12,1356
Leominster,2,C,458,355,12,7,1,0,2,835
Leominster,3,A,653,444,21,3,1,0,8,1130
Leominster,3,B,1064,672,20,8,9,0,12,1785
Leominster,3,C,1034,836,31,5,8,0,11,1925
Leominster,4,A,931,775,27,4,8,0,10,1755
Leominster,4,B,896,742,39,15,8,0,16,1716
Leominster,4,C,746,493,25,7,5,0,8,1284
Leominster,5,A,772,515,21,14,2,0,8,1332
Leominster,5,B,927,597,22,11,9,0,9,1575
Leominster,5,C,678,410,14,11,4,0,10,1127
Leverett,-,1,1193,163,12,12,6,0,4,1390
Lexington,-,1,1568,340,20,7,3,0,19,1957
Lexington,-,2,2021,307,24,18,12,0,15,2397
Lexington,-,3,1666,304,18,3,13,0,10,2014
Lexington,-,4,1895,355,26,7,12,0,10,2305
Lexington,-,5,1911,471,17,9,21,0,12,2441
Lexington,-,6,1852,376,22,6,15,0,12,2283
Lexington,-,7,1792,440,21,11,12,0,14,2290
Lexington,-,8,1754,365,22,15,8,0,11,2175
Lexington,-,9,1849,379,23,21,17,0,17,2306
Leyden,-,1,330,155,11,4,2,0,1,503
Lincoln,-,1,2139,354,32,15,19,0,17,2576
Lincoln,-,2,1354,329,19,6,4,0,12,1724
Littleton,-,1,1588,752,59,7,22,0,7,2435
Littleton,-,2,1453,673,39,6,10,0,18,2199
Littleton,-,3,1438,555,53,11,25,0,6,2088
Longmeadow,-,A,1425,649,27,4,12,0,9,2126
Longmeadow,-,B,1263,604,29,6,8,0,18,1928
Longmeadow,-,C,1378,794,34,14,11,0,17,2248
Longmeadow,-,D,1241,730,30,2,11,0,12,2026
Longmeadow,-,E,1372,716,23,6,6,0,5,2128
Lowell,1,1,718,253,9,8,2,0,10,1000
Lowell,1,2,1264,827,20,7,6,0,21,2145
Lowell,1,3,1161,630,24,12,17,0,8,1852
Lowell,2,1,385,85,9,2,1,0,3,485
Lowell,2,2,697,210,11,5,3,0,17,943
Lowell,2,3,1336,221,24,24,3,0,17,1625
Lowell,3,1,748,338,13,3,2,0,11,1115
Lowell,3,2,626,274,15,9,1,0,9,934
Lowell,3,3,634,283,12,12,2,0,4,947
Lowell,4,1,803,394,11,5,3,0,0,1216
Lowell,4,2,525,214,1,5,2,0,6,753
Lowell,4,3,661,259,9,5,1,0,6,941
Lowell,5,1,706,350,24,11,0,0,6,1097
Lowell,5,2,596,288,5,4,2,0,7,902
Lowell,5,3,719,502,18,10,5,0,7,1261
Lowell,6,1,952,596,17,8,3,0,20,1596
Lowell,6,2,1029,581,29,7,1,0,9,1656
Lowell,6,3,888,582,10,7,5,0,15,1507
Lowell,7,1,573,221,7,5,1,0,6,813
Lowell,7,2,717,230,12,4,1,0,10,974
Lowell,7,3,413,242,5,2,1,0,8,671
Lowell,8,1,792,313,17,4,1,0,11,1138
Lowell,8,2,847,484,7,8,3,0,6,1355
Lowell,8,3,1113,621,18,5,5,0,14,1776
Lowell,9,1,734,370,11,5,4,0,7,1131
Lowell,9,2,900,464,23,8,2,0,8,1405
Lowell,9,3,797,405,21,10,0,0,13,1246
Lowell,10,1,708,349,9,5,4,0,9,1084
Lowell,10,2,570,201,11,4,0,0,6,792
Lowell,10,3,442,183,9,1,2,0,2,639
Lowell,11,1,819,425,14,8,5,0,5,1276
Lowell,11,2,823,547,25,6,2,0,4,1407
Lowell,11,3,848,404,16,10,6,0,16,1300
Ludlow,-,1,968,996,25,14,5,0,12,2020
Ludlow,-,2,776,648,12,8,12,0,14,1470
Ludlow,-,3,942,1276,22,9,10,0,12,2271
Ludlow,-,4,945,908,25,10,0,0,10,1898
Ludlow,-,5,717,746,22,8,4,0,6,1503
Ludlow,-,6,1119,1121,21,8,7,0,15,2291
Lunenburg,-,A,1014,735,39,12,13,0,10,1823
Lunenburg,-,B,955,670,32,9,10,0,6,1682
Lunenburg,-,C,1078,857,29,10,10,0,6,1990
Lunenburg,-,D,980,674,42,12,11,0,10,1729
Lynn,1,1,1060,853,14,7,13,0,13,1960
Lynn,1,2,1238,807,35,14,11,0,18,2123
Lynn,1,3,1116,612,12,9,7,0,11,1767
Lynn,1,4,1150,494,18,17,9,0,14,1702
Lynn,2,1,1225,725,20,8,10,0,14,2002
Lynn,2,2,902,300,10,5,3,0,9,1229
Lynn,2,3,726,184,2,7,1,0,5,925
Lynn,2,4,648,193,11,4,1,0,1,858
Lynn,3,1,1001,479,16,11,3,0,3,1513
Lynn,3,2,910,316,10,6,6,0,4,1252
Lynn,3,3,910,354,19,10,5,0,10,1308
Lynn,3,4,1107,333,16,8,7,0,27,1498
Lynn,4,1,532,132,7,5,3,0,7,686
Lynn,4,2,602,177,6,5,6,0,4,800
Lynn,4,3,777,288,12,8,5,0,6,1096
Lynn,4,4,1058,349,16,9,4,0,13,1449
Lynn,5,1,958,368,18,7,2,0,10,1363
Lynn,5,2,541,152,7,3,3,0,8,714
Lynn,5,3,581,169,1,0,1,0,6,758
Lynn,5,4,1028,416,9,7,4,0,16,1480
Lynn,6,1,707,225,13,7,10,0,7,969
Lynn,6,2,503,190,6,8,1,0,3,711
Lynn,6,3,710,293,6,4,4,0,8,1025
Lynn,6,4,671,251,6,4,1,0,5,938
Lynn,7,1,1268,582,21,16,4,0,13,1904
Lynn,7,2,1071,461,11,12,5,0,3,1563
Lynn,7,3,758,335,5,5,2,0,9,1114
Lynn,7,4,904,387,16,3,7,0,2,1319
Lynnfield,-,1,1106,953,21,9,12,0,11,2112
Lynnfield,-,2,1157,966,15,6,12,0,22,2178
Lynnfield,-,3,939,937,20,14,10,0,6,1926
Lynnfield,-,4,1011,1113,33,3,8,0,16,2184
Malden,1,1,1086,223,11,9,3,0,11,1343
Malden,1,2,1186,412,16,12,8,0,7,1641
Malden,2,1,997,317,9,3,3,0,13,1342
Malden,2,2,1041,475,12,8,4,0,10,1550
Malden,3,1,1392,358,22,9,10,0,11,1802
Malden,3,2,1470,469,30,14,8,0,15,2006
Malden,4,1,1060,241,16,10,4,0,8,1339
Malden,4,2,961,214,18,10,4,0,5,1212
Malden,5,1,1246,318,19,11,8,0,6,1608
Malden,5,2,1559,545,25,9,10,0,7,2155
Malden,6,1,1322,475,8,4,4,0,6,1819
Malden,6,2,1183,411,20,10,6,0,9,1639
Malden,7,1,1047,238,9,4,1,0,10,1309
Malden,7,2,1045,385,9,11,5,0,2,1457
Malden,8,1,1237,521,19,10,6,0,10,1803
Malden,8,2,1279,424,11,7,7,0,4,1732
Manchester-by-the-Sea,-,1,2712,1014,53,14,26,0,22,3841
Mansfield,-,1,1429,996,33,11,11,0,22,2502
Mansfield,-,2,1538,941,37,14,13,0,11,2554
Mansfield,-,3,1557,951,41,6,17,0,22,2594
Mansfield,-,4,1514,845,33,10,12,0,18,2432
Mansfield,-,5,1439,728,42,14,12,0,14,2249
Mansfield,-,6,1547,688,36,11,11,0,13,2306
Marblehead,-,1,1800,620,33,6,16,0,13,2488
Marblehead,-,2,1777,597,30,10,16,0,26,2456
Marblehead,-,3,1554,589,24,9,16,0,20,2212
Marblehead,-,4,1702,668,29,10,25,0,17,2451
Marblehead,-,5,1615,667,28,4,13,0,16,2343
Marblehead,-,6,1680,649,32,8,7,0,17,2393
Marion,-,1,2369,1244,52,11,20,0,21,3717
Marlborough,1,1,866,380,14,5,6,0,5,1276
Marlborough,1,2,1229,573,20,5,14,0,20,1861
Marlborough,2,1,962,508,23,7,6,0,8,1514
Marlborough,2,2,878,374,21,5,1,0,13,1292
Marlborough,3,1,679,339,19,10,2,0,10,1059
Marlborough,3,2,1305,568,18,13,8,0,19,1931
Marlborough,4,1,565,306,11,3,7,0,3,895
Marlborough,4,2,1062,535,19,7,11,0,23,1657
Marlborough,5,1,640,292,11,3,3,0,4,953
Marlborough,5,2,1018,466,22,12,12,0,10,1540
Marlborough,6,1,703,347,14,5,3,0,4,1076
Marlborough,6,2,1060,601,34,8,9,0,13,1725
Marlborough,7,1,845,430,10,4,6,0,7,1302
Marlborough,7,2,798,381,14,3,5,0,11,1212
Marshfield,-,1,1402,1082,26,12,0,0,20,2542
Marshfield,-,2,1345,1067,44,12,0,0,27,2495
Marshfield,-,3,1315,1046,31,11,0,0,23,2426
Marshfield,-,4,1359,1044,34,11,0,0,25,2473
Marshfield,-,5,1252,945,39,9,0,0,27,2272
Marshfield,-,6,1540,1197,30,17,1,0,30,2815
Marshfield,-,7,1458,1117,29,7,0,0,26,2637
Mashpee,-,1,1436,847,18,6,5,0,25,2337
Mashpee,-,2,1121,792,34,6,10,0,15,1978
Mashpee,-,3,942,683,25,7,5,0,12,1674
Mashpee,-,4,1155,700,26,15,3,0,19,1918
Mashpee,-,5,1328,1064,19,7,9,0,23,2450
Mattapoisett,-,1,2730,1888,53,18,8,0,44,4741
Maynard,-,1,1247,435,31,15,9,0,4,1741
Maynard,-,2,1221,379,18,7,6,0,5,1636
Maynard,-,3,1346,452,19,13,11,0,5,1846
Maynard,-,4,1128,406,21,9,13,0,3,1580
Medfield,-,1,1486,625,35,7,0,0,36,2189
Medfield,-,2,1471,541,39,4,0,0,52,2107
Medfield,-,3,1405,625,41,3,0,0,76,2150
Medfield,-,4,1306,583,33,7,0,0,111,2040
Medford,1,1,1342,506,14,15,12,0,24,1913
Medford,1,2,1431,528,17,13,10,0,26,2025
Medford,2,1,1345,630,24,14,6,0,35,2054
Medford,2,2,1479,729,17,9,13,0,20,2267
Medford,3,1,1416,655,15,15,10,0,28,2139
Medford,3,2,1608,682,26,11,16,0,26,2369
Medford,4,1,866,156,3,12,8,0,14,1059
Medford,4,2,1678,423,21,23,3,0,30,2178
Medford,5,1,1652,352,29,26,7,0,23,2089
Medford,5,2,1359,277,15,15,2,0,17,1685
Medford,6,1,2001,368,21,8,25,0,20,2443
Medford,6,2,1605,488,19,7,13,0,23,2155
Medford,7,1,1007,264,11,3,0,0,15,1300
Medford,7,2,1652,480,27,8,11,0,21,2199
Medford,8,1,1676,540,18,15,9,0,23,2281
Medford,8,2,1378,488,17,14,5,0,19,1921
Medway,-,1,1194,732,30,10,21,0,17,2004
Medway,-,2,1289,755,33,13,16,0,13,2119
Medway,-,3,1333,724,53,13,12,0,13,2148
Medway,-,4,1340,793,39,7,9,0,16,2204
Melrose,1,1,1010,273,16,5,6,0,2,1312
Melrose,1,2,940,282,14,7,12,0,11,1266
Melrose,2,1,957,407,10,5,11,0,13,1403
Melrose,2,2,854,360,15,3,2,0,3,1237
Melrose,3,1,953,283,9,3,10,0,6,1264
Melrose,3,2,859,315,15,1,3,0,7,1200
Melrose,4,1,932,270,15,4,7,0,2,1230
Melrose,4,2,951,478,14,7,11,0,15,1476
Melrose,5,1,1120,290,10,8,13,0,6,1447
Melrose,5,2,959,254,16,6,4,0,6,1245
Melrose,6,1,959,328,15,3,9,0,10,1324
Melrose,6,2,872,428,15,5,13,0,4,1337
Melrose,7,1,908,311,17,10,7,0,5,1258
Melrose,7,2,939,367,16,4,6,0,7,1339
Mendon,-,1,2067,1774,73,25,5,0,50,3994
Merrimac,-,1,1304,810,41,7,12,0,20,2194
Merrimac,-,2,1245,915,30,10,17,0,10,2227
Methuen,-,1,1132,834,22,7,8,0,12,2015
Methuen,-,2,886,333,7,6,4,0,17,1253
Methuen,-,3,1178,875,13,12,4,0,22,2104
Methuen,-,4,1166,762,21,17,10,0,14,1990
Methuen,-,5,1104,700,23,10,7,0,11,1855
Methuen,-,6,1196,780,9,12,5,0,15,2017
Methuen,-,7,1292,1058,23,3,6,0,13,2395
Methuen,-,8,1263,1372,30,7,11,0,18,2701
Methuen,-,9,1192,1195,24,13,9,0,19,2452
Methuen,-,10,1270,790,24,7,7,0,8,2106
Methuen,-,11,1339,1230,32,8,13,0,9,2631
Methuen,-,12,1310,1198,28,9,13,0,19,2577
Middleborough,-,1,1348,1444,37,8,9,0,19,2865
Middleborough,-,2,1104,984,49,10,9,0,8,2164
Middleborough,-,3,1016,1259,30,11,9,0,9,2334
Middleborough,-,4,907,931,40,12,10,0,11,1911
Middleborough,-,5,1048,1392,51,14,12,0,9,2526
Middleborough,-,6,901,1154,35,16,7,0,10,2123
Middlefield,-,1,199,124,9,1,1,0,1,335
Middleton,-,1,1405,1399,39,9,12,0,27,2891
Middleton,-,2,1359,1567,38,12,18,0,20,3014
Milford,-,1,692,427,18,7,2,0,3,1149
Milford,-,2,1016,655,23,8,8,0,10,1720
Milford,-,3,1030,746,21,12,15,0,10,1834
Milford,-,4,774,520,11,8,4,0,6,1323
Milford,-,5,1479,955,26,13,17,0,22,2512
Milford,-,6,1132,674,25,8,9,0,8,1856
Milford,-,7,1294,869,31,9,11,0,23,2237
Milford,-,8,1283,698,29,13,8,0,14,2045
Millbury,-,1,1010,944,32,7,5,0,17,2015
Millbury,-,2,1114,1073,36,14,7,0,15,2259
Millbury,-,3,1007,898,46,15,7,0,12,1985
Millbury,-,4,1065,824,35,17,6,0,7,1954
Millis,-,1,1161,631,20,9,9,0,4,1834
Millis,-,2,1109,661,42,11,9,0,19,1851
Millis,-,3,1232,709,19,13,4,0,15,1992
Millville,-,1,821,976,37,7,7,0,8,1856
Milton,-,1,1516,254,19,3,8,0,5,1805
Milton,-,2,1551,261,14,2,11,0,12,1851
Milton,-,3,1444,444,26,0,12,0,14,1940
Milton,-,4,1460,354,19,4,5,0,10,1852
Milton,-,5,1132,353,16,3,9,0,19,1532
Milton,-,6,1213,643,25,7,15,0,13,1916
Milton,-,7,1083,562,13,4,14,0,13,1689
Milton,-,8,1197,654,19,8,22,0,21,1921
Milton,-,9,1212,735,13,9,22,0,15,2006
Milton,-,10,1054,181,14,5,10,0,8,1272
Monroe,-,1,28,31,1,0,0,0,0,60
Monson,-,A,791,871,22,12,7,0,10,1713
Monson,-,B,815,851,38,7,2,0,9,1722
Monson,-,C,840,866,37,12,4,0,11,1770
Montague,-,1,846,178,11,13,5,0,3,1056
Montague,-,2,521,272,24,12,8,0,3,840
Montague,-,3,554,211,14,3,2,0,6,790
Montague,-,4,590,231,14,7,3,0,7,852
Montague,-,5,480,128,8,12,3,0,3,634
Montague,-,6,529,191,15,9,4,0,5,753
Monterey,-,1,481,102,6,2,1,0,4,596
Montgomery,-,1,246,312,4,1,1,0,1,565
Mount Washington,-,1,102,16,1,4,2,0,3,128
Nahant,-,1,1629,842,30,7,16,0,9,2533
Nantucket,-,1,5241,1914,81,41,29,0,32,7338
Natick,-,1,1106,299,13,7,2,0,11,1438
Natick,-,2,1744,534,28,18,12,0,26,2362
Natick,-,3,1615,552,28,8,20,0,11,2234
Natick,-,4,1580,476,40,5,8,0,23,2132
Natick,-,5,1569,564,25,11,9,0,14,2192
Natick,-,6,1566,542,22,7,10,0,19,2166
Natick,-,7,1763,444,15,5,27,0,17,2271
Natick,-,8,1744,535,28,7,9,0,21,2344
Natick,-,9,1661,434,24,7,18,0,10,2154
Natick,-,10,1982,591,31,12,19,0,14,2649
Needham,-,A,1309,440,28,11,12,0,16,1816
Needham,-,B,1524,449,30,5,20,0,18,2046
Needham,-,C,1491,383,17,1,17,0,11,1920
Needham,-,D,1542,409,21,8,19,0,14,2013
Needham,-,E,1609,432,32,5,21,0,13,2112
Needham,-,F,1528,379,13,8,9,0,14,1951
Needham,-,G,1521,370,28,10,16,0,19,1964
Needham,-,H,1638,465,28,4,20,0,14,2169
Needham,-,I,1693,314,19,4,19,0,14,2063
Needham,-,J,1718,437,19,6,12,0,17,2209
New Ashford,-,1,98,48,4,1,0,0,4,155
New Bedford,1,A,818,658,11,10,6,0,13,1516
New Bedford,1,B,682,586,16,7,0,0,9,1300
New Bedford,1,C,639,555,10,4,2,0,4,1214
New Bedford,1,D,706,662,13,8,1,0,5,1395
New Bedford,1,E,701,517,13,4,2,0,8,1245
New Bedford,1,F,433,584,10,1,3,0,6,1037
New Bedford,2,A,213,118,5,4,4,0,0,344
New Bedford,2,B,494,303,9,5,2,0,2,815
New Bedford,2,C,395,270,10,7,3,0,0,685
New Bedford,2,D,424,353,12,5,3,0,6,803
New Bedford,2,E,574,473,11,4,3,0,5,1070
New Bedford,2,F,583,432,15,6,1,0,5,1042
New Bedford,3,A,400,174,8,6,5,0,5,598
New Bedford,3,B,457,207,6,3,1,0,5,679
New Bedford,3,C,401,237,6,2,2,0,10,658
New Bedford,3,D,510,320,5,6,1,0,9,851
New Bedford,3,E,768,494,16,5,3,0,5,1291
New Bedford,3,F,766,424,8,4,1,0,11,1214
New Bedford,4,A,476,164,6,3,0,0,4,653
New Bedford,4,B,865,294,7,4,6,0,5,1181
New Bedford,4,C,814,255,15,9,1,0,9,1103
New Bedford,4,D,648,248,5,9,5,0,5,920
New Bedford,4,E,597,313,17,4,3,0,7,941
New Bedford,4,F,652,259,9,5,3,0,3,931
New Bedford,5,A,490,255,5,5,2,0,3,760
New Bedford,5,B,776,301,8,8,5,0,5,1103
New Bedford,5,C,552,375,3,4,7,0,5,946
New Bedford,5,D,893,345,17,12,5,0,5,1277
New Bedford,5,E,943,528,16,9,7,0,8,1511
New Bedford,5,F,904,510,13,6,3,0,9,1445
New Bedford,6,A,662,455,10,4,1,0,9,1141
New Bedford,6,B,586,455,7,5,3,0,3,1059
New Bedford,6,C,300,144,5,3,0,0,3,455
New Bedford,6,D,268,181,8,2,1,0,5,465
New Bedford,6,E,381,238,11,7,3,0,4,644
New Bedford,6,F,496,277,8,4,0,0,8,793
New Braintree,-,1,319,337,9,4,2,0,5,676
New Marlborough,-,1,678,264,13,4,0,0,7,966
New Salem,-,1,419,237,8,12,5,0,0,681
Newbury,-,1,1631,817,44,11,8,0,9,2520
Newbury,-,2,1507,937,46,12,12,0,7,2521
Newburyport,1,1,1246,329,24,6,0,0,30,1635
Newburyport,2,1,1666,395,31,8,0,0,26,2126
Newburyport,3,1,1640,487,24,9,0,0,26,2186
Newburyport,4,1,1758,560,29,6,0,0,28,2381
Newburyport,5,1,1246,630,34,11,0,0,31,1952
Newburyport,6,1,1353,661,28,12,0,0,40,2094
Newburyport,1,P,315,191,8,1,0,0,8,523
Newton,1,1,1079,390,15,7,10,0,10,1511
Newton,1,2,1298,198,13,9,6,0,4,1528
Newton,1,3,1408,177,20,7,16,0,6,1634
Newton,1,4,1117,435,14,9,17,0,17,1609
Newton,2,1,1324,294,18,12,7,0,6,1661
Newton,2,2,925,180,12,7,11,0,8,1143
Newton,2,3,1566,232,14,5,12,0,9,1838
Newton,2,4,1550,209,18,6,13,0,10,1806
Newton,3,1,1399,295,19,4,14,0,12,1743
Newton,3,2,1510,193,15,4,8,0,9,1739
Newton,3,3,1299,390,14,2,6,0,6,1717
Newton,3,4,1268,391,15,10,9,0,12,1705
Newton,4,1,1290,283,21,10,7,0,8,1619
Newton,4,2,1232,175,11,7,2,0,7,1434
Newton,4,3,882,181,11,5,7,0,7,1093
Newton,4,4,1193,334,15,9,9,0,8,1568
Newton,5,1,1234,268,18,6,9,0,8,1543
Newton,5,2,1386,197,14,9,4,0,8,1618
Newton,5,3,1686,224,13,7,11,0,10,1951
Newton,5,4,1612,203,20,6,11,0,5,1857
Newton,6,1,1194,305,20,4,7,0,14,1544
Newton,6,2,1430,179,11,9,3,0,7,1639
Newton,6,3,1565,169,9,11,10,0,2,1766
Newton,6,4,1661,204,18,10,11,0,8,1912
Newton,7,1,1191,234,31,9,10,0,9,1484
Newton,7,2,1595,256,18,6,16,0,9,1900
Newton,7,3,439,80,8,1,5,0,2,535
Newton,7,4,685,134,7,3,8,0,5,842
Newton,8,1,1388,478,26,5,12,0,17,1926
Newton,8,2,1325,412,17,1,19,0,17,1791
Newton,8,3,1354,370,17,8,9,0,12,1770
Newton,8,4,822,287,17,6,9,0,4,1145
Norfolk,-,1,874,584,28,2,12,0,15,1515
Norfolk,-,2,1751,1080,43,16,17,0,21,2928
Norfolk,-,3,1475,906,35,5,25,0,15,2461
N. Adams,1,1,932,388,11,6,0,0,12,1349
N. Adams,2,2,848,288,14,6,0,0,10,1166
N. Adams,3,3,678,216,10,15,0,0,9,928
N. Adams,4,4,957,390,16,7,0,0,14,1384
N. Adams,5,5,801,318,21,10,0,0,9,1159
N. Andover,-,1,1248,759,29,9,9,0,15,2069
N. Andover,-,2,1373,838,39,12,20,0,16,2298
N. Andover,-,3,1331,766,22,10,13,0,9,2151
N. Andover,-,4,1691,915,25,5,14,0,15,2665
N. Andover,-,5,988,537,16,3,9,0,10,1563
N. Andover,-,6,1459,942,30,7,23,0,20,2481
N. Andover,-,7,1516,817,31,14,25,0,14,2417
N. Andover,-,8,1416,974,52,5,20,0,11,2478
N. Attleborough,-,1,958,600,16,14,4,0,8,1600
N. Attleborough,-,2,1113,797,34,8,4,0,10,1966
N. Attleborough,-,3,1070,874,38,16,4,0,20,2022
N. Attleborough,-,4,978,602,21,6,4,0,5,1616
N. Attleborough,-,5,1003,760,21,15,7,0,13,1819
N. Attleborough,-,6,1232,800,46,13,9,0,15,2115
N. Attleborough,-,7,1188,900,24,6,16,0,12,2146
N. Attleborough,-,8,1126,851,33,8,7,0,12,2037
N. Attleborough,-,9,1056,866,29,10,4,0,14,1979
N. Brookfield,-,1,1181,1459,54,10,11,0,16,2731
N. Reading,-,1,1412,1124,36,9,17,0,14,2612
N. Reading,-,2,1398,937,34,5,16,0,21,2411
N. Reading,-,3,1371,1012,35,6,11,0,20,2455
N. Reading,-,4,1404,1043,35,15,10,0,22,2529
Northampton,1,A,955,102,15,17,4,0,8,1101
Northampton,1,B,1339,137,11,21,6,0,8,1522
Northampton,2,A,1209,57,8,10,4,0,2,1290
Northampton,2,B,825,47,9,2,3,0,2,888
Northampton,3,A,1247,107,10,27,8,0,4,1403
Northampton,3,B,1166,109,16,28,7,0,9,1335
Northampton,4,A,908,62,5,18,8,0,6,1007
Northampton,4,B,1116,93,7,10,10,0,3,1239
Northampton,5,A,1035,142,6,9,6,0,3,1201
Northampton,5,B,1125,116,6,12,2,0,4,1265
Northampton,6,A,1049,270,12,10,4,0,8,1353
Northampton,6,B,1259,230,18,11,6,0,15,1539
Northampton,7,A,1241,168,10,16,4,0,10,1449
Northampton,7,B,1175,215,13,8,4,0,9,1424
Northborough,-,1,1643,728,30,15,22,0,11,2449
Northborough,-,2,1577,701,46,18,11,0,11,2364
Northborough,-,3,1638,702,41,8,20,0,19,2428
Northborough,-,4,1618,782,49,10,28,0,18,2505
Northbridge,-,1,1178,1040,44,14,9,0,10,2295
Northbridge,-,2,1209,1041,54,7,7,0,26,2344
Northbridge,-,3,1006,898,39,15,7,0,13,1978
Northbridge,-,4,1327,1265,43,12,13,0,27,2687
Northfield,-,1,1211,592,37,8,7,0,14,1869
Norton,-,1,1290,1077,44,13,15,0,16,2455
Norton,-,2,1273,1038,30,16,16,0,9,2382
Norton,-,3,1232,933,45,12,8,0,7,2237
Norton,-,4,1400,1070,49,15,15,0,16,2565
Norton,-,5,723,617,25,9,9,0,5,1388
Norwell,-,1,1357,966,36,7,20,0,26,2412
Norwell,-,2,1479,1039,31,7,16,0,15,2587
Norwell,-,3,1455,915,26,4,28,0,19,2447
Norwood,-,1,1446,728,28,9,12,0,10,2233
Norwood,-,2,1267,592,31,12,15,0,7,1924
Norwood,-,3,1318,627,32,12,9,0,6,2004
Norwood,-,4,1349,728,26,9,16,0,14,2142
Norwood,-,5,1105,407,27,5,4,0,7,1555
Norwood,-,6,953,525,16,9,7,0,10,1520
Norwood,-,7,1268,701,23,11,15,0,16,2034
Norwood,-,8,1301,697,24,8,14,0,7,2051
Norwood,-,9,1205,819,21,8,14,0,12,2079
Oak Bluffs,-,1,2420,730,32,20,7,0,16,3225
Oakham,-,1,554,664,29,7,3,0,5,1262
Orange,-,1,902,907,28,24,4,0,7,1872
Orange,-,2,1082,792,41,11,9,0,9,1944
Orleans,-,1,3288,1458,56,15,25,0,43,4885
Otis,-,1,550,441,14,6,3,0,3,1017
Oxford,-,1,945,955,34,17,11,0,9,1971
Oxford,-,2,876,928,31,9,8,0,4,1856
Oxford,-,3,964,978,38,8,7,0,9,2004
Oxford,-,4,808,904,39,10,4,0,11,1776
Palmer,-,1,768,797,19,7,8,0,2,1601
Palmer,-,1A,109,107,4,0,0,0,0,220
Palmer,-,2,802,923,24,6,8,0,6,1769
Palmer,-,3,750,594,26,14,1,0,6,1391
Palmer,-,4,679,819,29,5,4,0,6,1542
Paxton,-,1,1625,1268,41,12,16,0,13,2975
Peabody,1,1,1020,672,17,7,9,0,9,1734
Peabody,1,2,994,834,22,5,7,0,14,1876
Peabody,1,3,1108,954,23,2,8,0,11,2106
Peabody,2,1,893,380,9,1,9,0,3,1295
Peabody,2,2,799,408,13,6,4,0,3,1233
Peabody,2,3,859,611,29,10,5,0,6,1520
Peabody,3,1,679,352,18,6,2,0,4,1061
Peabody,3,2,799,521,11,4,4,0,16,1355
Peabody,3,3,881,636,19,8,3,0,10,1557
Peabody,4,1,963,654,24,7,5,0,8,1661
Peabody,4,2,913,643,17,5,5,0,14,1597
Peabody,4,3,516,396,4,3,2,0,6,927
Peabody,4,3A,1069,344,3,1,8,0,10,1435
Peabody,5,1,994,867,18,6,6,0,9,1900
Peabody,5,2,733,748,14,5,7,0,8,1515
Peabody,5,3,948,764,21,9,6,0,10,1758
Peabody,6,1,893,1002,20,5,9,0,5,1934
Peabody,6,2,908,969,18,3,9,0,9,1916
Peabody,6,3,891,949,13,3,9,0,16,1881
Pelham,-,1,819,89,8,7,2,0,5,930
Pembroke,-,1,1329,1135,38,16,16,0,13,2547
Pembroke,-,2,1145,1021,27,11,11,0,14,2229
Pembroke,-,3,1244,1029,42,20,17,0,16,2368
Pembroke,-,4,1238,1083,36,16,17,0,9,2399
Pembroke,-,5,1218,995,24,10,15,0,13,2275
Pepperell,-,1,1298,1099,50,12,13,0,19,2491
Pepperell,-,2,1361,1083,51,15,20,0,13,2543
Pepperell,-,3,1210,1023,45,11,16,0,13,2318
Peru,-,1,299,216,14,2,2,0,2,535
Petersham,-,1,528,321,17,4,2,0,8,880
Phillipston,-,1,465,607,20,2,0,0,9,1103
Pittsfield,1,A,944,312,18,7,1,0,3,1285
Pittsfield,1,B,1161,397,15,19,5,0,2,1599
Pittsfield,2,A,706,184,12,10,2,0,6,920
Pittsfield,2,B,1269,377,20,7,4,0,6,1683
Pittsfield,3,A,1412,376,18,11,11,0,2,1830
Pittsfield,3,B,1448,420,32,10,5,0,2,1917
Pittsfield,4,A,1411,394,25,13,4,0,9,1856
Pittsfield,4,B,1534,557,19,11,8,0,10,2139
Pittsfield,5,A,1198,301,22,10,7,0,8,1546
Pittsfield,5,B,1207,454,31,12,6,0,8,1718
Pittsfield,6,A,1261,333,19,18,5,0,8,1644
Pittsfield,6,B,889,235,12,12,2,0,6,1156
Pittsfield,7,A,750,274,12,14,3,0,2,1055
Pittsfield,7,B,1214,403,35,12,2,0,12,1678
Plainfield,-,1,316,116,6,4,1,0,3,446
Plainville,-,1,1108,827,41,5,3,0,15,1999
Plainville,-,2,1097,803,35,18,0,0,21,1974
Plainville,-,3,991,844,36,15,0,0,18,1904
Plymouth,-,1,1162,674,28,12,10,0,9,1895
Plymouth,-,2,1530,935,50,15,10,0,11,2551
Plymouth,-,3,1278,692,36,7,7,0,11,2031
Plymouth,-,4,1308,814,23,4,12,0,10,2171
Plymouth,-,5,1323,1059,41,16,10,0,13,2462
Plymouth,-,6,1431,874,40,13,10,0,10,2378
Plymouth,-,7,1312,1008,33,8,13,0,9,2383
Plymouth,-,8,1378,1118,40,17,16,0,9,2578
Plymouth,-,9,1061,962,50,6,11,0,9,2099
Plymouth,-,10,888,700,14,5,6,0,8,1621
Plymouth,-,11,1329,1086,29,10,9,0,17,2480
Plymouth,-,12,1562,1185,47,14,21,0,15,2844
Plymouth,-,13,1436,1099,26,9,11,0,11,2592
Plymouth,-,14,1236,1177,44,19,16,0,24,2516
Plymouth,-,15,3032,1769,59,11,30,0,42,4943
Plympton,-,1,962,912,31,12,1,0,16,1934
Princeton,-,1,1530,977,45,3,20,0,16,2591
Provincetown,-,1,2402,182,10,6,13,0,7,2620
Quincy,1,1,999,466,18,11,6,0,23,1523
Quincy,1,2,807,405,14,8,4,0,13,1251
Quincy,1,3,1119,446,14,16,11,0,8,1614
Quincy,1,4,1091,799,24,5,11,0,12,1942
Quincy,1,5,1114,833,26,8,13,0,25,2019
Quincy,2,1,1025,525,18,4,7,0,9,1588
Quincy,2,2,1016,365,9,12,10,0,9,1421
Quincy,2,3,484,189,11,3,1,0,6,694
Quincy,2,3A,159,83,1,0,0,0,1,244
Quincy,2,4,880,388,16,8,6,0,14,1312
Quincy,2,5,1089,496,26,7,4,0,11,1633
Quincy,3,1,1338,532,27,8,11,0,19,1935
Quincy,3,2,1056,371,19,7,10,0,13,1476
Quincy,3,3,756,293,7,4,2,0,15,1077
Quincy,3,4,973,564,21,9,10,0,12,1589
Quincy,3,5,558,119,7,1,2,0,6,693
Quincy,4,1,1276,515,18,8,7,0,18,1842
Quincy,4,2,1138,613,24,4,9,0,9,1797
Quincy,4,3,1266,773,20,9,10,0,11,2089
Quincy,4,4,926,329,21,9,7,0,9,1301
Quincy,4,5,1011,464,20,9,7,0,15,1526
Quincy,5,1,1245,394,30,10,9,0,16,1704
Quincy,5,2,995,358,15,11,4,0,17,1400
Quincy,5,3,1168,462,22,8,8,0,8,1676
Quincy,5,4,855,426,7,7,7,0,7,1309
Quincy,5,5,1009,481,24,9,10,0,10,1543
Quincy,6,1,922,430,19,7,10,0,14,1402
Quincy,6,2,741,317,4,7,5,0,8,1082
Quincy,6,3,1327,674,25,7,11,0,25,2069
Quincy,6,4,896,360,12,6,10,0,12,1296
Quincy,6,5,1207,870,19,13,12,0,21,2142
Randolph,-,1,1137,261,7,9,8,0,5,1427
Randolph,-,2,1026,198,6,11,3,0,14,1258
Randolph,-,3,1193,249,4,8,4,0,10,1468
Randolph,-,4,1214,281,8,1,7,0,10,1521
Randolph,-,5,1064,352,11,4,5,0,13,1449
Randolph,-,6,972,260,6,6,6,0,12,1262
Randolph,-,7,1134,285,9,6,6,0,12,1452
Randolph,-,8,1178,230,12,6,8,0,9,1443
Randolph,-,9,1177,229,9,9,6,0,5,1435
Randolph,-,10,1149,328,13,5,1,0,6,1502
Randolph,-,11,1178,427,13,8,4,0,4,1634
Randolph,-,12,1254,423,15,2,10,0,10,1714
Raynham,-,1,1112,913,31,12,10,0,8,2086
Raynham,-,1A,106,128,2,2,0,0,3,241
Raynham,-,2,837,854,25,6,8,0,12,1742
Raynham,-,2A,152,194,12,1,0,0,2,361
Raynham,-,3,1145,1213,26,10,9,0,8,2411
Raynham,-,4,1020,941,34,8,0,0,15,2018
Reading,-,1,1466,783,28,10,14,0,18,2319
Reading,-,2,1317,635,18,29,1,0,52,2052
Reading,-,3,1604,869,29,6,18,0,19,2545
Reading,-,4,1432,626,29,5,7,0,15,2114
Reading,-,5,1450,604,29,4,8,0,21,2116
Reading,-,6,1120,557,25,5,11,0,11,1729
Reading,-,7,1424,655,27,7,11,0,24,2148
Reading,-,8,1321,715,31,9,13,0,17,2106
Rehoboth,-,1,1134,1345,41,13,12,0,7,2552
Rehoboth,-,2,1214,1304,29,7,12,0,7,2573
Rehoboth,-,3,1302,1427,48,18,11,0,13,2819
Revere,1,1,856,367,7,8,6,0,9,1253
Revere,1,2,716,327,7,9,4,0,9,1072
Revere,1,3,733,310,4,7,4,0,6,1064
Revere,2,1,697,191,7,9,0,0,0,904
Revere,2,2,921,263,18,6,3,0,3,1214
Revere,2,3,301,84,4,2,0,0,1,392
Revere,2,3A,107,50,2,1,0,0,1,161
Revere,3,1,757,451,5,2,2,0,12,1229
Revere,3,2,709,350,9,6,10,0,2,1086
Revere,3,3,731,397,5,4,2,0,5,1144
Revere,4,1,744,467,5,5,4,0,6,1231
Revere,4,2,642,378,8,2,5,0,2,1037
Revere,4,3,769,488,8,1,7,0,1,1274
Revere,5,1,576,380,4,5,4,0,9,978
Revere,5,1A,463,244,5,3,0,0,7,722
Revere,5,2,345,227,5,5,3,0,6,591
Revere,5,2A,416,130,9,2,2,0,2,561
Revere,5,3,699,380,6,5,6,0,4,1100
Revere,6,1,725,691,11,4,4,0,8,1443
Revere,6,2,778,729,7,9,3,0,8,1534
Revere,6,3,675,299,19,5,3,0,4,1005
Richmond,-,1,828,215,8,4,2,0,7,1064
Rochester,-,1,1762,1991,51,15,14,0,25,3858
Rockland,-,1,1021,779,22,9,14,0,11,1856
Rockland,-,2,1027,787,24,10,9,0,8,1865
Rockland,-,3,756,540,27,8,14,0,7,1352
Rockland,-,4,841,640,24,14,4,0,8,1531
Rockland,-,5,805,786,25,11,14,0,4,1645
Rockland,-,6,950,787,31,8,7,0,10,1793
Rockport,-,1,946,325,19,3,3,0,8,1304
Rockport,-,2,1342,455,19,8,8,0,10,1842
Rockport,-,3,1573,526,27,12,9,0,16,2163
Rowe,-,1,152,113,2,0,0,0,2,269
Rowley,-,1,2180,1942,58,21,26,0,10,4237
Royalston,-,1,256,206,6,3,0,0,0,471
Royalston,-,2,152,151,12,0,1,0,0,316
Russell,-,1,366,512,28,6,7,0,10,929
Rutland,-,1,942,960,41,12,13,0,12,1980
Rutland,-,2,984,949,47,6,16,0,5,2007
Rutland,-,3,892,758,33,11,11,0,10,1715
Salem,1,1,1514,418,25,20,12,0,13,2002
Salem,1,2,751,125,5,3,1,0,9,894
Salem,2,1,1617,325,25,19,5,0,9,2000
Salem,2,2,1784,287,33,15,15,0,6,2140
Salem,3,1,1152,362,20,9,11,0,16,1570
Salem,3,2,1084,488,10,6,13,0,7,1608
Salem,4,1,1232,506,23,11,9,0,6,1787
Salem,4,2,1174,651,19,11,5,0,10,1870
Salem,5,1,1436,382,22,13,7,0,5,1865
Salem,5,2,1259,294,18,12,13,0,5,1601
Salem,6,1,1405,426,33,10,11,0,9,1894
Salem,6,2,1350,383,22,15,4,0,12,1786
Salem,7,1,1026,309,15,8,5,0,9,1372
Salem,7,2,1239,477,16,5,8,0,5,1750
Salisbury,-,1,1125,841,25,3,5,0,17,2016
Salisbury,-,2,961,892,23,7,5,0,9,1897
Salisbury,-,3,759,864,36,8,2,0,14,1683
Sandisfield,-,1,306,200,5,2,2,0,8,523
Sandwich,-,1,1531,1013,41,13,9,0,28,2635
Sandwich,-,2,1443,980,23,8,2,0,21,2477
Sandwich,-,3,1231,966,30,14,5,0,14,2260
Sandwich,-,4,1279,1048,35,11,6,0,15,2394
Sandwich,-,5,1166,982,33,7,5,0,17,2210
Sandwich,-,6,1089,1055,27,4,5,0,24,2204
Saugus,-,1,804,673,15,5,3,0,12,1512
Saugus,-,2,796,642,14,7,11,0,8,1478
Saugus,-,3,799,680,15,7,5,0,7,1513
Saugus,-,4,685,655,11,2,2,0,15,1370
Saugus,-,5,857,956,16,6,8,0,14,1857
Saugus,-,6,824,688,26,8,11,0,7,1564
Saugus,-,7,819,955,15,2,3,0,14,1808
Saugus,-,8,787,715,7,4,2,0,17,1532
Saugus,-,9,870,923,16,6,4,0,4,1823
Saugus,-,10,760,656,15,3,4,0,7,1445
Savoy,-,1,226,161,7,4,1,0,28,427
Scituate,-,1,1427,852,31,12,17,0,27,2366
Scituate,-,2,1407,775,34,7,12,0,20,2255
Scituate,-,3,1523,697,34,5,11,0,21,2291
Scituate,-,4,1409,825,34,7,9,0,22,2306
Scituate,-,5,1441,687,26,11,7,0,22,2194
Scituate,-,6,1401,778,26,12,13,0,23,2253
Seekonk,-,1,1076,986,27,10,8,0,10,2117
Seekonk,-,2,1340,984,28,13,13,0,13,2391
Seekonk,-,3,1204,1014,31,4,10,0,11,2274
Seekonk,-,4,1166,986,35,7,13,0,14,2221
Sharon,-,1,1812,560,43,11,12,0,15,2453
Sharon,-,2,1667,529,23,6,15,0,11,2251
Sharon,-,3,1829,502,25,12,10,0,14,2392
Sharon,-,4,1873,463,36,9,8,0,18,2407
Sharon,-,5,1597,549,12,11,3,0,20,2192
Sheffield,-,1,1542,578,21,15,6,0,12,2174
Shelburne,-,1,927,209,24,8,6,0,68,1242
Sherborn,-,1,2267,579,72,15,30,0,28,2991
Shirley,-,1,2100,1493,67,22,18,0,17,3717
Shrewsbury,-,1,1528,902,25,7,11,0,16,2489
Shrewsbury,-,2,1348,732,34,12,8,0,16,2150
Shrewsbury,-,3,1021,640,16,14,9,0,21,1721
Shrewsbury,-,4,1315,783,27,12,3,0,21,2161
Shrewsbury,-,5,1243,505,25,17,4,0,18,1812
Shrewsbury,-,6,1413,711,38,9,5,0,17,2193
Shrewsbury,-,7,1660,873,36,20,17,0,25,2631
Shrewsbury,-,8,1617,797,27,8,18,0,22,2489
Shrewsbury,-,9,1044,449,17,3,10,0,14,1537
Shrewsbury,-,10,1401,666,35,5,11,0,19,2137
Shutesbury,-,1,1154,144,13,13,6,0,9,1339
Somerset,-,1,1225,1083,31,5,7,0,15,2366
Somerset,-,2,1228,1045,21,9,3,0,23,2329
Somerset,-,3,1264,1028,29,14,1,0,18,2354
Somerset,-,4,1085,937,21,10,2,0,11,2066
Somerset,-,5,1013,1020,33,7,1,0,23,2097
Somerville,1,1,1093,237,17,12,5,0,11,1375
Somerville,1,2,1854,358,18,13,8,0,13,2264
Somerville,1,3,1203,223,6,10,5,0,7,1454
Somerville,2,1,1766,140,18,18,13,0,5,1960
Somerville,2,2,2072,163,17,19,16,0,9,2296
Somerville,2,3,2042,193,17,18,10,0,2,2282
Somerville,3,1,1755,183,17,18,12,0,8,1993
Somerville,3,2,1785,195,21,16,12,0,8,2037
Somerville,3,3,2099,184,19,22,15,0,11,2350
Somerville,4,1,1124,265,6,11,6,0,6,1418
Somerville,4,2,1435,214,13,15,9,0,12,1698
Somerville,4,3,1698,246,13,9,12,0,5,1983
Somerville,5,1,1876,275,14,22,15,0,9,2211
Somerville,5,2,2213,192,19,19,12,0,7,2462
Somerville,5,3,2086,191,22,21,10,0,8,2338
Somerville,6,1,2350,156,21,15,13,0,10,2565
Somerville,6,2,2136,140,21,22,6,0,11,2336
Somerville,6,3,1094,107,5,8,6,0,3,1223
Somerville,7,1,2042,172,19,17,14,0,8,2272
Somerville,7,2,1691,176,17,13,2,0,15,1914
Somerville,7,3,1613,273,26,14,11,0,11,1948
S. Hadley,-,A,1364,657,34,17,6,0,7,2085
S. Hadley,-,B,1470,678,31,14,6,0,16,2215
S. Hadley,-,C,1359,816,29,14,9,0,6,2233
S. Hadley,-,D,951,317,20,8,6,0,5,1307
S. Hadley,-,E,1446,762,30,6,9,0,9,2262
Southampton,-,1,2231,1811,76,20,56,0,27,4221
Southborough,-,1,1617,600,38,6,9,0,24,2294
Southborough,-,2,1454,614,44,10,22,0,11,2155
Southborough,-,3,1547,637,31,11,25,0,17,2268
Southbridge,-,1,849,559,22,6,8,0,8,1452
Southbridge,-,2,714,527,14,8,5,0,12,1280
Southbridge,-,3,755,683,15,18,5,0,7,1483
Southbridge,-,4,1024,815,21,13,6,0,12,1891
Southbridge,-,5,737,438,7,6,6,0,9,1203
Southwick,-,1,811,1265,35,13,5,0,17,2146
Southwick,-,2,713,939,41,9,11,0,8,1721
Southwick,-,3,836,1017,23,8,6,0,11,1901
Spencer,-,1,697,812,23,4,0,0,12,1548
Spencer,-,2,735,752,24,11,0,0,15,1537
Spencer,-,3,679,913,27,11,0,0,15,1645
Spencer,-,4,878,810,26,10,0,0,13,1737
Springfield,1,A,371,148,3,0,1,0,17,540
Springfield,1,B,542,145,6,3,2,0,32,730
Springfield,1,C,368,115,7,3,2,0,23,518
Springfield,1,D,483,115,6,1,2,0,12,619
Springfield,1,E,533,172,8,2,1,0,9,725
Springfield,1,F,463,115,3,3,1,0,44,629
Springfield,1,G,542,120,7,7,3,0,14,693
Springfield,1,H,557,115,6,4,1,0,17,700
Springfield,2,A,526,150,3,1,2,0,25,707
Springfield,2,B,718,269,9,0,3,0,56,1055
Springfield,2,C,518,190,10,2,5,0,39,764
Springfield,2,D,712,271,14,7,4,0,16,1024
Springfield,2,E,642,303,13,3,3,0,52,1016
Springfield,2,F,796,279,3,11,2,0,25,1116
Springfield,2,G,792,368,11,9,11,0,22,1213
Springfield,2,H,691,283,6,5,5,0,49,1039
Springfield,3,A,433,93,3,3,1,0,22,555
Springfield,3,B,401,94,7,3,2,0,18,525
Springfield,3,C,325,89,5,2,1,0,9,431
Springfield,3,D,460,106,4,4,5,0,33,612
Springfield,3,E,366,101,3,2,5,0,17,494
Springfield,3,F,405,124,7,3,1,0,36,576
Springfield,3,G,356,101,7,4,1,0,16,485
Springfield,3,H,476,154,0,5,3,0,34,672
Springfield,4,A,718,88,6,3,4,0,15,834
Springfield,4,B,673,115,2,3,3,0,10,806
Springfield,4,C,504,75,3,5,2,0,14,603
Springfield,4,D,582,69,5,8,0,0,10,674
Springfield,4,E,525,60,1,4,3,0,31,624
Springfield,4,F,196,25,2,1,0,0,5,229
Springfield,4,G,646,99,7,2,1,0,23,778
Springfield,4,H,616,55,5,0,1,0,23,700
Springfield,5,A,640,98,8,2,2,0,15,765
Springfield,5,B,804,210,5,3,4,0,20,1046
Springfield,5,C,615,233,7,6,6,0,40,907
Springfield,5,D,794,446,15,6,4,0,30,1295
Springfield,5,E,972,225,8,1,10,0,32,1248
Springfield,5,F,845,256,12,6,5,0,29,1153
Springfield,5,G,864,504,13,5,9,0,19,1414
Springfield,5,H,600,317,7,6,4,0,24,958
Springfield,6,A,550,145,5,5,4,0,10,719
Springfield,6,B,792,263,11,3,9,0,26,1104
Springfield,6,C,638,249,51,8,6,0,19,971
Springfield,6,D,783,459,11,9,5,0,31,1298
Springfield,6,E,511,178,5,3,2,0,36,735
Springfield,6,F,601,169,7,5,3,0,17,802
Springfield,6,G,669,236,7,4,2,0,22,940
Springfield,6,H,711,338,8,6,6,0,10,1079
Springfield,7,A,772,367,11,2,3,0,25,1180
Springfield,7,B,876,459,16,6,14,0,58,1429
Springfield,7,C,866,435,10,4,5,0,50,1370
Springfield,7,D,740,455,19,9,5,0,13,1241
Springfield,7,E,618,207,10,4,2,0,21,862
Springfield,7,F,831,432,17,7,5,0,44,1336
Springfield,7,G,820,551,13,11,11,0,41,1447
Springfield,7,H,396,176,12,4,5,0,20,613
Springfield,8,A,669,332,10,5,0,0,26,1042
Springfield,8,B,741,256,9,9,4,0,28,1047
Springfield,8,C,711,193,11,3,0,0,39,957
Springfield,8,D,412,151,10,5,0,0,16,594
Springfield,8,E,490,192,6,6,4,0,12,710
Springfield,8,F,691,310,8,6,2,0,22,1039
Springfield,8,G,692,300,16,0,7,0,19,1034
Springfield,8,H,711,209,6,6,2,0,26,960
Sterling,-,1,1378,1174,53,8,15,0,17,2645
Sterling,-,2,1463,1270,47,22,21,0,22,2845
Stockbridge,-,1,1099,237,12,11,4,0,7,1370
Stoneham,-,1,1225,687,19,5,5,0,10,1951
Stoneham,-,2,1418,783,25,4,11,0,23,2264
Stoneham,-,3,1328,876,19,19,8,0,20,2270
Stoneham,-,4,1077,726,21,8,5,0,10,1847
Stoneham,-,5,1157,863,18,6,10,0,20,2074
Stoneham,-,6,1295,726,25,10,16,0,12,2084
Stoneham,-,7,1176,711,24,7,9,0,19,1946
Stoughton,-,1,1444,662,15,5,2,0,21,2149
Stoughton,-,2,1263,601,17,9,1,0,16,1907
Stoughton,-,3,1326,640,25,8,7,0,17,2023
Stoughton,-,4,1386,843,33,9,3,0,20,2294
Stoughton,-,5,1082,594,25,9,8,0,10,1728
Stoughton,-,6,1554,765,30,18,4,0,19,2390
Stoughton,-,7,1174,517,24,6,5,0,17,1743
Stoughton,-,8,1025,459,20,5,0,0,20,1529
Stow,-,1,1794,659,63,12,14,0,15,2557
Stow,-,2,1757,599,46,11,9,0,18,2440
Sturbridge,-,1,1173,803,44,10,1,0,0,2031
Sturbridge,-,2,1212,887,40,12,2,0,0,2153
Sturbridge,-,3,1032,825,45,7,0,0,0,1909
Sudbury,-,1,1405,373,23,7,14,0,18,1840
Sudbury,-,1A,507,134,17,3,3,0,8,672
Sudbury,-,2,1726,498,33,11,18,0,23,2309
Sudbury,-,3,2034,659,35,13,14,0,27,2782
Sudbury,-,4,1958,515,47,5,13,0,33,2571
Sudbury,-,5,1715,512,32,6,24,0,24,2313
Sunderland,-,1,1605,394,21,25,5,0,11,2061
Sutton,-,1,1115,1117,36,9,8,0,5,2290
Sutton,-,2,891,1041,34,6,12,0,9,1993
Sutton,-,3,1085,923,26,6,9,0,20,2069
Swampscott,-,1,982,523,12,9,6,0,13,1545
Swampscott,-,2,1255,431,19,5,8,0,19,1737
Swampscott,-,3,977,375,15,8,6,0,16,1397
Swampscott,-,4,1292,375,16,5,10,0,18,1716
Swampscott,-,5,1075,442,13,4,5,0,14,1553
Swampscott,-,6,1264,409,17,2,12,0,18,1722
Swansea,-,1,918,1181,20,6,3,0,8,2136
Swansea,-,2,1012,892,30,7,6,0,8,1955
Swansea,-,3,965,896,27,8,6,0,4,1906
Swansea,-,4,949,1054,21,5,2,0,10,2041
Swansea,-,5,892,1100,21,10,3,0,6,2032
Taunton,1,A,874,521,27,9,3,0,8,1442
Taunton,1,B,999,893,29,11,9,0,14,1955
Taunton,2,A,765,328,12,10,0,0,7,1122
Taunton,2,B,823,450,13,8,3,0,10,1307
Taunton,3,A,919,596,19,5,6,0,8,1553
Taunton,3,B,1080,839,34,12,7,0,8,1980
Taunton,4,A,966,917,28,7,8,0,15,1941
Taunton,4,B,921,713,33,8,6,0,7,1688
Taunton,5,A,877,520,21,8,5,0,7,1438
Taunton,5,B,835,502,13,3,7,0,7,1367
Taunton,6,A,695,488,13,7,4,0,6,1213
Taunton,6,B,974,696,21,17,7,0,17,1732
Taunton,7,A,1013,808,32,12,6,0,16,1887
Taunton,7,B,1043,1048,38,12,8,0,20,2169
Taunton,8,A,1073,880,26,12,8,0,13,2012
Taunton,8,B,1139,949,20,13,9,0,16,2146
Templeton,-,A,765,888,30,10,10,0,3,1706
Templeton,-,B,661,740,30,12,6,0,11,1460
Templeton,-,C,635,661,35,9,3,0,4,1347
Tewksbury,-,1,1144,960,30,7,12,0,15,2168
Tewksbury,-,1A,1223,1145,39,16,9,0,11,2443
Tewksbury,-,2,1134,1013,39,12,10,0,14,2222
Tewksbury,-,2A,1022,1047,25,6,8,0,7,2115
Tewksbury,-,3,1395,1166,26,9,10,0,14,2620
Tewksbury,-,3A,1458,1225,25,6,14,0,16,2744
Tewksbury,-,4,1311,1149,28,9,5,0,19,2521
Tewksbury,-,4A,1267,1078,38,13,4,0,10,2410
Tisbury,-,1,2225,542,35,25,8,0,23,2858
Tolland,-,1,136,186,5,0,1,0,0,328
Topsfield,-,1,2460,1602,72,10,0,0,343,4487
Townsend,-,1,854,894,32,12,12,0,9,1813
Townsend,-,2,890,851,35,8,16,0,1,1801
Townsend,-,3,943,875,41,6,7,0,9,1881
Truro,-,1,1386,340,19,8,9,0,6,1768
Tyngsborough,-,1,909,810,23,11,0,0,13,1766
Tyngsborough,-,2,960,881,24,6,0,0,12,1883
Tyngsborough,-,3,1080,837,31,7,0,0,20,1975
Tyngsborough,-,4,1085,847,28,6,0,0,14,1980
Tyringham,-,1,234,72,3,2,3,0,3,317
Upton,-,1,1666,1001,45,10,19,0,10,2751
Upton,-,2,1507,987,37,13,15,0,18,2577
Uxbridge,-,1,1010,1078,41,18,13,0,12,2172
Uxbridge,-,2,1143,912,34,25,11,0,8,2133
Uxbridge,-,3,1044,1055,44,18,10,0,11,2182
Uxbridge,-,4,1154,1048,47,9,13,0,14,2285
Wakefield,-,1,1450,1069,21,13,15,0,10,2578
Wakefield,-,2,1334,814,29,5,6,0,15,2203
Wakefield,-,3,1441,876,26,12,20,0,4,2379
Wakefield,-,4,1380,778,25,12,22,0,17,2234
Wakefield,-,5,1571,825,21,13,19,0,9,2458
Wakefield,-,6,1609,827,46,10,17,0,12,2521
Wakefield,-,7,1430,843,25,8,11,0,19,2336
Wales,-,1,429,619,26,8,5,0,5,1092
Walpole,-,1,1219,690,20,9,11,0,12,1961
Walpole,-,2,1231,909,42,15,17,0,18,2232
Walpole,-,3,1249,824,25,9,17,0,17,2141
Walpole,-,4,1228,653,35,7,11,0,15,1949
Walpole,-,5,983,707,32,7,13,0,16,1758
Walpole,-,6,1236,794,34,7,10,0,19,2100
Walpole,-,7,1173,838,46,10,11,0,16,2094
Walpole,-,8,1155,828,35,7,19,0,16,2060
Waltham,1,1,1409,620,21,10,15,0,8,2083
Waltham,1,2,1421,739,18,9,9,0,14,2210
Waltham,2,1,1386,640,35,11,6,0,10,2088
Waltham,2,2,1174,342,22,14,9,0,13,1574
Waltham,3,1,1266,863,22,9,12,0,15,2187
Waltham,3,2,1327,651,16,11,12,0,13,2030
Waltham,4,1,1363,688,25,9,10,0,17,2112
Waltham,4,2,318,159,6,5,2,0,1,491
Waltham,5,1,1266,499,15,14,13,0,13,1820
Waltham,5,2,1282,328,13,16,8,0,12,1659
Waltham,6,1,1219,337,26,11,11,0,12,1616
Waltham,6,2,754,230,10,6,4,0,5,1009
Waltham,7,1,1258,506,19,7,4,0,18,1812
Waltham,7,2,493,108,6,7,9,0,1,624
Waltham,8,1,1228,279,22,17,9,0,10,1565
Waltham,8,2,1238,342,30,12,6,0,8,1636
Waltham,9,1,1094,215,20,6,5,0,4,1344
Waltham,9,2,928,241,19,12,10,0,5,1215
Ware,-,A,729,554,28,13,4,0,5,1333
Ware,-,B,697,845,33,15,9,0,8,1607
Ware,-,C,927,1045,31,17,4,0,16,2040
Wareham,-,1,1026,831,33,8,9,0,11,1918
Wareham,-,2,1297,911,34,7,5,0,11,2265
Wareham,-,3,1279,936,26,12,11,0,12,2276
Wareham,-,4,1126,936,30,16,9,0,14,2131
Wareham,-,5,1126,974,40,18,11,0,8,2177
Wareham,-,6,1029,930,39,12,5,0,5,2020
Warren,-,A,844,1021,40,13,5,0,19,1942
Warren,-,B,305,354,12,2,3,0,10,686
Warwick,-,1,343,160,12,7,1,0,3,526
Washington,-,1,240,107,5,1,0,0,0,353
Watertown,-,1,969,296,11,10,16,0,8,1310
Watertown,-,2,1155,270,14,8,9,0,2,1458
Watertown,-,3,1311,260,9,12,12,0,7,1611
Watertown,-,4,1456,245,16,9,12,0,7,1745
Watertown,-,5,1483,298,19,12,7,0,10,1829
Watertown,-,6,1212,248,23,11,5,0,7,1506
Watertown,-,7,1363,361,14,9,10,0,13,1770
Watertown,-,8,1346,308,14,16,12,0,9,1705
Watertown,-,9,1020,278,13,12,9,0,2,1334
Watertown,-,10,1561,508,30,14,8,0,8,2129
Watertown,-,11,1039,394,26,10,8,0,11,1488
Watertown,-,12,1055,335,18,8,10,0,7,1433
Wayland,-,1,1865,410,33,21,15,0,20,2364
Wayland,-,2,1777,432,40,16,8,0,23,2296
Wayland,-,3,1678,390,35,13,9,0,17,2142
Wayland,-,4,2024,473,35,10,18,0,28,2588
Webster,-,1,766,703,21,16,5,0,7,1518
Webster,-,2,610,463,22,9,5,0,5,1114
Webster,-,3,719,756,16,6,7,0,9,1513
Webster,-,4,1060,1224,34,11,11,0,15,2355
Webster,-,5,891,893,30,9,11,0,12,1846
Wellesley,-,A,1760,421,28,5,25,0,19,2258
Wellesley,-,B,1935,492,25,10,21,0,16,2499
Wellesley,-,C,1605,624,33,3,41,0,24,2330
Wellesley,-,D,1956,431,27,5,19,0,30,2468
Wellesley,-,E,1671,404,17,8,22,0,16,2138
Wellesley,-,F,1072,276,23,4,17,0,17,1409
Wellesley,-,G,930,167,15,3,7,0,10,1132
Wellesley,-,H,1701,480,30,9,20,0,20,2260
Wellfleet,-,1,1971,496,24,17,8,0,16,2532
Wendell,-,1,487,105,13,9,0,0,2,616
Wenham,-,1,1761,765,56,9,17,0,39,2647
W. Boylston,-,1,1173,769,25,8,24,0,23,2022
W. Boylston,-,2,1615,1103,58,21,6,0,21,2824
W. Bridgewater,-,1,1156,1160,43,16,15,0,19,2409
W. Bridgewater,-,2,1068,1112,34,11,10,0,21,2256
W. Brookfield,-,1,1137,1127,38,12,13,0,6,2333
W. Newbury,-,1,2111,1061,72,5,21,0,28,3298
W. Springfield,-,1,519,386,12,2,2,0,5,926
W. Springfield,-,2,705,474,14,7,1,0,9,1210
W. Springfield,-,3,850,636,25,9,7,0,12,1539
W. Springfield,-,4,966,718,26,14,8,0,3,1735
W. Springfield,-,5,1162,1076,35,6,4,0,20,2303
W. Springfield,-,6,1033,1024,18,8,3,0,21,2107
W. Springfield,-,7,1053,1130,34,12,8,0,11,2248
W. Springfield,-,8,869,623,19,8,7,0,7,1533
W. Stockbridge,-,1,784,164,15,4,4,0,4,975
W. Tisbury,-,1,1921,338,17,17,2,0,8,2303
Westborough,-,1,1142,388,22,7,5,0,10,1574
Westborough,-,2,1211,419,34,5,8,0,11,1688
Westborough,-,3,1472,549,26,19,17,0,12,2095
Westborough,-,4,1946,726,40,13,15,0,15,2755
Westborough,-,5,1798,694,38,11,31,0,14,2586
Westfield,1,A,1030,1055,31,14,3,0,2,2135
Westfield,1,B,868,968,51,10,7,0,9,1913
Westfield,2,A,655,445,15,6,4,0,2,1127
Westfield,2,B,808,660,36,13,7,0,6,1530
Westfield,3,A,587,448,34,12,11,0,10,1102
Westfield,3,B,934,722,44,12,8,0,10,1730
Westfield,4,A,322,338,13,5,2,0,7,687
Westfield,4,B,1129,1119,37,9,9,0,9,2312
Westfield,5,A,1122,1128,55,20,9,0,5,2339
Westfield,5,B,1019,1163,41,12,10,0,3,2248
Westfield,6,A,911,1022,43,11,8,0,20,2015
Westfield,6,B,815,790,18,2,5,0,16,1646
Westford,-,1,1769,792,36,13,13,0,24,2647
Westford,-,2,1773,815,47,11,18,0,11,2675
Westford,-,3,1619,811,44,11,18,0,16,2519
Westford,-,4,1891,706,43,10,15,0,14,2679
Westford,-,5,1652,758,41,8,11,0,8,2478
Westford,-,6,1525,774,47,12,15,0,12,2385
Westhampton,-,1,746,426,11,11,1,0,4,1199
Westminster,-,1,1363,1248,51,18,5,0,16,2701
Westminster,-,2,1302,1229,57,10,11,0,23,2632
Weston,-,1,1409,412,42,3,17,0,18,1901
Weston,-,2,1218,430,38,5,13,0,13,1717
Weston,-,3,1211,401,38,7,24,0,13,1694
Weston,-,4,1291,469,34,4,19,0,11,1828
Westport,-,A,969,1006,29,13,5,0,8,2030
Westport,-,B,1295,1029,31,10,8,0,20,2393
Westport,-,C,847,1015,18,22,6,0,9,1917
Westport,-,D,916,865,14,7,2,0,23,1827
Westport,-,E,1292,1103,30,10,4,0,20,2459
Westwood,-,1,1734,798,40,12,28,0,32,2644
Westwood,-,2,1802,846,43,12,21,0,22,2746
Westwood,-,3,1750,780,32,7,17,0,18,2604
Westwood,-,4,1546,1020,34,9,14,0,22,2645
Weymouth,-,1,1057,657,16,8,8,0,9,1755
Weymouth,-,2,1109,794,29,13,15,0,12,1972
Weymouth,-,3,1046,834,30,6,16,0,20,1952
Weymouth,-,4,1011,686,22,7,9,0,21,1756
Weymouth,-,5,925,486,18,8,13,0,6,1456
Weymouth,-,6,1150,727,22,5,6,0,13,1923
Weymouth,-,7,1035,636,33,6,12,0,14,1736
Weymouth,-,8,1079,635,18,5,10,0,12,1759
Weymouth,-,9,1122,797,28,5,6,0,9,1967
Weymouth,-,10,848,509,17,5,5,0,11,1395
Weymouth,-,11,1042,703,29,6,11,0,11,1802
Weymouth,-,12,1096,737,29,16,13,0,9,1900
Weymouth,-,13,939,504,17,12,3,0,6,1481
Weymouth,-,14,1025,557,22,6,12,0,7,1629
Weymouth,-,15,1174,803,30,8,8,0,14,2037
Weymouth,-,16,1158,799,25,5,12,0,16,2015
Weymouth,-,17,955,548,15,5,8,0,7,1538
Weymouth,-,18,1844,1048,36,12,11,0,21,2972
Whately,-,1,745,332,16,10,4,0,9,1116
Whitman,-,1,1307,1055,40,11,13,0,13,2439
Whitman,-,2,1070,992,39,11,14,0,5,2131
Whitman,-,3,1029,974,39,7,14,0,13,2076
Whitman,-,4,1090,861,35,16,12,0,19,2033
Wilbraham,-,A,1300,1056,35,13,4,0,14,2422
Wilbraham,-,B,1247,998,30,8,11,0,17,2311
Wilbraham,-,C,1139,1119,29,11,10,0,12,2320
Wilbraham,-,D,1242,1089,41,9,6,0,12,2399
Williamsburg,-,1,1446,337,21,13,5,0,13,1835
Williamstown,-,1,1294,225,13,5,5,0,9,1551
Williamstown,-,2,575,49,4,6,3,0,5,642
Williamstown,-,3,1327,225,12,6,8,0,6,1584
Wilmington,-,1,1320,1029,29,9,14,0,26,2427
Wilmington,-,2,1255,1020,33,13,12,0,17,2350
Wilmington,-,3,1288,1067,39,14,16,0,18,2442
Wilmington,-,4,1359,1127,34,9,6,0,15,2550
Wilmington,-,5,1391,1124,26,15,5,0,16,2577
Wilmington,-,6,1414,1081,37,9,11,0,18,2570
Winchendon,-,1,494,689,43,10,7,0,6,1249
Winchendon,-,1A,184,168,9,4,0,0,6,371
Winchendon,-,2,835,901,31,18,0,0,8,1793
Winchendon,-,3,800,903,41,15,0,0,16,1775
Winchester,-,1,1315,409,23,15,12,0,14,1788
Winchester,-,2,1114,408,24,6,11,0,8,1571
Winchester,-,3,1482,361,23,5,17,0,13,1901
Winchester,-,4,1314,515,28,5,14,0,15,1891
Winchester,-,5,1169,599,22,9,11,0,11,1821
Winchester,-,6,1170,570,18,4,12,0,17,1791
Winchester,-,7,1301,454,41,8,17,0,13,1834
Winchester,-,8,912,420,21,5,6,0,11,1375
Windsor,-,1,370,201,4,3,1,0,2,581
Winthrop,-,1,1013,760,16,9,4,0,3,1805
Winthrop,-,2,966,693,21,9,6,0,7,1702
Winthrop,-,3,1104,552,21,10,8,0,6,1701
Winthrop,-,4,939,556,8,4,2,0,10,1519
Winthrop,-,5,1134,645,20,6,8,0,15,1828
Winthrop,-,6,1134,564,19,15,6,0,8,1746
Woburn,1,1,854,452,11,6,5,0,6,1334
Woburn,1,2,1016,556,9,8,5,0,15,1609
Woburn,2,1,931,560,21,7,4,0,12,1535
Woburn,2,2,796,372,18,8,1,0,11,1206
Woburn,3,1,900,596,16,6,7,0,3,1528
Woburn,3,2,1087,757,26,5,6,0,19,1900
Woburn,4,1,1022,743,24,6,3,0,20,1818
Woburn,4,2,900,502,20,9,2,0,15,1448
Woburn,5,1,1257,583,23,7,5,0,20,1895
Woburn,5,2,1041,721,14,3,4,0,19,1802
Woburn,6,1,729,359,10,2,3,0,8,1111
Woburn,6,2,959,703,18,11,2,0,12,1705
Woburn,7,1,1025,834,24,5,6,0,18,1912
Woburn,7,2,1013,745,21,6,8,0,15,1808
Worcester,1,1,1523,744,31,10,13,0,25,2346
Worcester,1,2,1533,836,28,8,9,0,17,2431
Worcester,1,3,853,408,13,6,10,0,7,1297
Worcester,1,4,1702,569,21,20,15,0,14,2341
Worcester,1,5,1310,709,33,9,13,0,10,2084
Worcester,2,1,1413,663,35,5,10,0,24,2150
Worcester,2,2,1398,613,40,4,15,0,12,2082
Worcester,2,3,1297,590,23,9,9,0,9,1937
Worcester,2,4,1202,366,9,3,6,0,13,1599
Worcester,2,5,580,218,11,3,0,0,2,814
Worcester,3,1,1077,401,15,18,8,0,13,1532
Worcester,3,2,369,83,11,5,4,0,3,475
Worcester,3,3,929,380,12,13,6,0,14,1354
Worcester,3,4,720,258,12,10,9,0,19,1028
Worcester,3,5,1099,389,14,9,7,0,26,1544
Worcester,4,1,703,250,7,5,7,0,6,978
Worcester,4,2,872,404,15,6,4,0,15,1316
Worcester,4,3,912,255,19,13,4,0,13,1216
Worcester,4,4,886,470,16,5,5,0,12,1394
Worcester,4,5,1144,492,18,15,5,0,11,1685
Worcester,5,1,877,312,13,5,2,0,9,1218
Worcester,5,2,1103,577,20,7,6,0,21,1734
Worcester,5,3,1268,798,30,6,2,0,12,2116
Worcester,5,4,1162,591,22,15,7,0,10,1807
Worcester,5,5,1050,660,26,15,10,0,19,1780
Worcester,6,1,625,188,7,11,4,0,6,841
Worcester,6,2,816,331,9,8,4,0,12,1180
Worcester,6,3,831,335,18,6,4,0,4,1198
Worcester,6,4,375,182,11,3,4,0,3,578
Worcester,6,5,992,544,16,4,4,0,15,1575
Worcester,7,1,1160,482,11,14,9,0,18,1694
Worcester,7,2,782,376,12,5,6,0,13,1194
Worcester,7,3,1118,529,18,9,7,0,22,1703
Worcester,7,4,996,553,24,12,8,0,7,1600
Worcester,7,5,1038,650,23,13,11,0,10,1745
Worcester,8,1,571,255,5,9,4,0,10,854
Worcester,8,2,553,240,5,6,1,0,4,809
Worcester,8,3,478,107,7,9,2,0,4,607
Worcester,8,4,715,301,7,7,3,0,16,1049
Worcester,8,5,688,308,15,6,2,0,8,1027
Worcester,9,1,1281,427,23,17,6,0,17,1771
Worcester,9,2,1512,490,22,16,16,0,24,2080
Worcester,9,3,1008,476,12,8,5,0,13,1522
Worcester,9,4,1393,633,18,15,8,0,26,2093
Worcester,9,5,1413,654,27,13,16,0,19,2142
Worcester,10,1,675,244,5,7,4,0,9,944
Worcester,10,2,777,175,17,13,4,0,6,992
Worcester,10,3,645,194,11,13,5,0,9,877
Worcester,10,4,525,214,3,8,3,0,10,763
Worcester,10,5,635,245,10,3,2,0,5,900
Worthington,-,1,571,271,17,9,2,0,6,876
Wrentham,-,1,1426,1140,36,13,21,0,13,2649
Wrentham,-,2,1352,1128,48,11,34,0,16,2589
Wrentham,-,3,1469,1051,48,10,20,0,21,2619
Yarmouth,-,1,1488,884,28,6,8,0,14,2428
Yarmouth,-,2,1455,905,32,5,5,0,15,2417
Yarmouth,-,3,1145,672,29,13,9,0,8,1876
Yarmouth,-,4,1220,867,22,19,6,0,14,2148
Yarmouth,-,5,1100,848,28,8,1,0,19,2004
Yarmouth,-,6,1145,758,16,11,11,0,18,1959
Yarmouth,-,7,1596,1059,35,7,11,0,22,2730
