office,district,district_display,PVI,PVI_N
State Representative,"Barnstable, Dukes and Nantucket","Barnstable, Dukes and Nantucket",D+24,23.707141503568018
State Representative,Eighteenth Essex,18th Essex,D+11,11.48667962229657
State Representative,Eighteenth Middlesex,18th Middlesex,D+16,16.207433520760773
State Representative,Eighteenth Suffolk,18th Suffolk,D+32,32.24326095057036
State Representative,Eighteenth Worcester,18th Worcester,R+4,-3.936739124273342
State Representative,Eighth Bristol,8th Bristol,R+4,-4.073253942758543
State Representative,Eighth Essex,8th Essex,D+21,20.785686254560652
State Representative,Eighth Hampden,8th Hampden,D+4,4.207007404892183
State Representative,Eighth Middlesex,8th Middlesex,D+19,19.294087820784167
State Representative,Eighth Norfolk,8th Norfolk,D+18,17.577197819863
State Representative,Eighth Plymouth,8th Plymouth,EVEN,-0.0836044244397871
State Representative,Eighth Suffolk,8th Suffolk,D+34,33.77894907934677
State Representative,Eighth Worcester,8th Worcester,EVEN,-0.08140309301012394
State Representative,Eleventh Bristol,11th Bristol,D+10,9.805807506644925
State Representative,Eleventh Essex,11th Essex,D+16,16.037690264568226
State Representative,Eleventh Hampden,11th Hampden,D+26,25.612769986504254
State Representative,Eleventh Middlesex,11th Middlesex,D+33,32.609768305001715
State Representative,Eleventh Norfolk,11th Norfolk,D+15,14.98012557045928
State Representative,Eleventh Plymouth,11th Plymouth,D+30,30.084495484942885
State Representative,Eleventh Suffolk,11th Suffolk,D+23,22.74509920588844
State Representative,Eleventh Worcester,11th Worcester,D+14,13.500840747664457
State Representative,Fifteenth Essex,15th Essex,D+3,2.523134863947629
State Representative,Fifteenth Middlesex,15th Middlesex,D+24,24.456859254907105
State Representative,Fifteenth Norfolk,15th Norfolk,D+39,38.82729550607576
State Representative,Fifteenth Suffolk,15th Suffolk,D+42,41.657745277719194
State Representative,Fifteenth Worcester,15th Worcester,D+19,18.9521340273064
State Representative,Fifth Barnstable,5th Barnstable,D+3,3.027405835365382
State Representative,Fifth Bristol,5th Bristol,R+2,-1.8709180290921223
State Representative,Fifth Essex,5th Essex,D+18,17.85341745630433
State Representative,Fifth Hampden,5th Hampden,D+16,15.997787095997584
State Representative,Fifth Middlesex,5th Middlesex,D+26,25.65454609305861
State Representative,Fifth Norfolk,5th Norfolk,D+6,5.857836708968877
State Representative,Fifth Plymouth,5th Plymouth,D+1,1.3562480036048208
State Representative,Fifth Suffolk,5th Suffolk,D+37,37.37099425293046
State Representative,Fifth Worcester,5th Worcester,R+4,-4.109918060503115
State Representative,First Barnstable,1st Barnstable,D+11,10.95319772217448
State Representative,First Berkshire,1st Berkshire,D+17,16.790556878620688
State Representative,First Bristol,1st Bristol,D+8,7.547209052382986
State Representative,First Essex,1st Essex,D+14,14.369170130136366
State Representative,First Franklin,1st Franklin,D+24,23.610433703863553
State Representative,First Hampden,1st Hampden,R+3,-2.948641469389318
State Representative,First Hampshire,1st Hampshire,D+32,31.818311968329883
State Representative,First Middlesex,1st Middlesex,D+5,4.865775599005251
State Representative,First Norfolk,1st Norfolk,D+16,16.38792074222033
State Representative,First Plymouth,1st Plymouth,D+5,4.997793416536966
State Representative,First Suffolk,1st Suffolk,D+24,23.57026151586974
State Representative,First Worcester,1st Worcester,D+4,4.143231379634615
State Representative,Fourteenth Bristol,14th Bristol,D+6,6.293451731024657
State Representative,Fourteenth Essex,14th Essex,D+10,10.383075638402916
State Representative,Fourteenth Middlesex,14th Middlesex,D+24,23.835172538761096
State Representative,Fourteenth Norfolk,14th Norfolk,D+26,26.216994822713747
State Representative,Fourteenth Suffolk,14th Suffolk,D+30,30.47402303165132
State Representative,Fourteenth Worcester,14th Worcester,D+15,15.090236656743883
State Representative,Fourth Barnstable,4th Barnstable,D+19,19.17802968782366
State Representative,Fourth Bristol,4th Bristol,R+2,-1.8720657640736824
State Representative,Fourth Essex,4th Essex,D+12,11.741635333670263
State Representative,Fourth Hampden,4th Hampden,EVEN,-0.3976457315406523
State Representative,Fourth Middlesex,4th Middlesex,D+15,15.430600534800288
State Representative,Fourth Norfolk,4th Norfolk,D+8,8.200189763683719
State Representative,Fourth Plymouth,4th Plymouth,D+8,8.323852946244937
State Representative,Fourth Suffolk,4th Suffolk,D+18,17.959018868308718
State Representative,Fourth Worcester,4th Worcester,D+6,6.122553188247892
State Representative,Nineteenth Middlesex,19th Middlesex,D+2,1.647545595652522
State Representative,Nineteenth Suffolk,19th Suffolk,D+11,10.752112051039177
State Representative,Nineteenth Worcester,19th Worcester,D+20,19.851071015062328
State Representative,Ninth Bristol,9th Bristol,D+1,1.350005288072087
State Representative,Ninth Essex,9th Essex,D+3,2.701185101154091
State Representative,Ninth Hampden,9th Hampden,D+18,17.86151088923692
State Representative,Ninth Middlesex,9th Middlesex,D+19,18.915887024687297
State Representative,Ninth Norfolk,9th Norfolk,D+7,7.441965971801878
State Representative,Ninth Plymouth,9th Plymouth,D+9,9.184837677753777
State Representative,Ninth Suffolk,9th Suffolk,D+37,36.77199919737589
State Representative,Ninth Worcester,9th Worcester,D+7,7.150454218866997
State Representative,Second Barnstable,2nd Barnstable,D+8,7.796722435356484
State Representative,Second Berkshire,2nd Berkshire,D+24,23.62924496824385
State Representative,Second Bristol,2nd Bristol,D+7,6.708132062772554
State Representative,Second Essex,2nd Essex,D+11,11.033870522250687
State Representative,Second Franklin,2nd Franklin,D+6,6.161635602536519
State Representative,Second Hampden,2nd Hampden,D+5,5.284261962616177
State Representative,Second Hampshire,2nd Hampshire,D+18,18.034318353177923
State Representative,Second Middlesex,2nd Middlesex,D+17,16.615547337379365
State Representative,Second Norfolk,2nd Norfolk,D+15,15.082643882209112
State Representative,Second Plymouth,2nd Plymouth,R+2,-1.8160239506206932
State Representative,Second Suffolk,2nd Suffolk,D+30,29.99008954658202
State Representative,Second Worcester,2nd Worcester,EVEN,0.1500603758008534
State Representative,Seventeenth Essex,17th Essex,D+17,16.734542758407432
State Representative,Seventeenth Middlesex,17th Middlesex,D+14,13.50014857274784
State Representative,Seventeenth Suffolk,17th Suffolk,D+36,35.751010141944384
State Representative,Seventeenth Worcester,17th Worcester,D+11,11.309597892948153
State Representative,Seventh Bristol,7th Bristol,D+1,0.543046406617187
State Representative,Seventh Essex,7th Essex,D+24,24.419589436019095
State Representative,Seventh Hampden,7th Hampden,D+7,7.170917300545321
State Representative,Seventh Middlesex,7th Middlesex,D+21,21.42334356628407
State Representative,Seventh Norfolk,7th Norfolk,D+23,23.401282849064387
State Representative,Seventh Plymouth,7th Plymouth,EVEN,-0.26123607103129
State Representative,Seventh Suffolk,7th Suffolk,D+40,39.82087592771696
State Representative,Seventh Worcester,7th Worcester,D+1,0.7648883474973833
State Representative,Sixteenth Essex,16th Essex,D+11,11.301587396282477
State Representative,Sixteenth Middlesex,16th Middlesex,D+11,10.851563140403384
State Representative,Sixteenth Suffolk,16th Suffolk,D+5,4.7094201039646455
State Representative,Sixteenth Worcester,16th Worcester,D+13,12.513826996228584
State Representative,Sixth Bristol,6th Bristol,D+3,3.059446756812234
State Representative,Sixth Essex,6th Essex,D+18,18.038372152331327
State Representative,Sixth Hampden,6th Hampden,D+1,1.4296139833125832
State Representative,Sixth Middlesex,6th Middlesex,D+23,22.50032190825575
State Representative,Sixth Norfolk,6th Norfolk,D+13,12.62774305373381
State Representative,Sixth Plymouth,6th Plymouth,D+4,3.955962584959905
State Representative,Sixth Suffolk,6th Suffolk,D+39,39.471998654366494
State Representative,Sixth Worcester,6th Worcester,R+2,-2.4690926880335584
State Representative,Tenth Bristol,10th Bristol,D+2,2.2758180549442453
State Representative,Tenth Essex,10th Essex,D+16,15.94136852972362
State Representative,Tenth Hampden,10th Hampden,D+24,23.95171648675214
State Representative,Tenth Middlesex,10th Middlesex,D+23,23.456848285416122
State Representative,Tenth Norfolk,10th Norfolk,D+11,10.726500953100016
State Representative,Tenth Plymouth,10th Plymouth,D+22,22.094916515831752
State Representative,Tenth Suffolk,10th Suffolk,D+25,24.681057552928166
State Representative,Tenth Worcester,10th Worcester,D+7,7.102161568604492
State Representative,Third Barnstable,3rd Barnstable,D+9,8.97038541605909
State Representative,Third Berkshire,3rd Berkshire,D+24,23.843976597052553
State Representative,Third Bristol,3rd Bristol,D+5,4.901133835618121
State Representative,Third Essex,3rd Essex,D+8,7.900742394426608
State Representative,Third Hampden,3rd Hampden,R+6,-5.614496466112351
State Representative,Third Hampshire,3rd Hampshire,D+36,35.50821563275488
State Representative,Third Middlesex,3rd Middlesex,D+18,18.232780959673367
State Representative,Third Norfolk,3rd Norfolk,D+11,11.011869493554126
State Representative,Third Plymouth,3rd Plymouth,D+16,15.723339499327585
State Representative,Third Suffolk,3rd Suffolk,D+29,29.462678802554176
State Representative,Third Worcester,3rd Worcester,D+8,7.907419229523526
State Representative,Thirteenth Bristol,13th Bristol,D+10,9.918097010773709
State Representative,Thirteenth Essex,13th Essex,D+4,4.274293049761491
State Representative,Thirteenth Middlesex,13th Middlesex,D+28,27.86960088148549
State Representative,Thirteenth Norfolk,13th Norfolk,D+25,25.167533242032636
State Representative,Thirteenth Suffolk,13th Suffolk,D+20,20.02048881911377
State Representative,Thirteenth Worcester,13th Worcester,D+18,17.931933535709444
State Representative,Thirtieth Middlesex,30th Middlesex,D+12,12.006489684580778
State Representative,Thirty-Fifth Middlesex,Thirty-5th Middlesex,D+21,20.93820374884944
State Representative,Thirty-First Middlesex,Thirty-1st Middlesex,D+15,14.88095383836776
State Representative,Thirty-Fourth Middlesex,Thirty-4th Middlesex,D+32,32.13904068076408
State Representative,Thirty-Second Middlesex,Thirty-2nd Middlesex,D+20,20.21137813826417
State Representative,Thirty-Seventh Middlesex,Thirty-7th Middlesex,D+22,21.658715710360298
State Representative,Thirty-Sixth Middlesex,Thirty-6th Middlesex,R+1,-1.3437822130037411
State Representative,Thirty-Third Middlesex,Thirty-3rd Middlesex,D+22,21.75462237371607
State Representative,Twelfth Bristol,12th Bristol,R+4,-3.906338726189023
State Representative,Twelfth Essex,12th Essex,D+5,5.101521832852751
State Representative,Twelfth Hampden,12th Hampden,D+6,6.365518143554672
State Representative,Twelfth Middlesex,12th Middlesex,D+32,31.823267801381196
State Representative,Twelfth Norfolk,12th Norfolk,D+11,11.07474571348057
State Representative,Twelfth Plymouth,12th Plymouth,D+2,1.958533053062572
State Representative,Twelfth Suffolk,12th Suffolk,D+38,38.32711596561465
State Representative,Twelfth Worcester,12th Worcester,D+8,7.6983773553922275
State Representative,Twentieth Middlesex,20th Middlesex,D+4,4.124059686428949
State Representative,Twenty-Eighth Middlesex,Twenty-8th Middlesex,D+17,17.04208786819762
State Representative,Twenty-Fifth Middlesex,Twenty-5th Middlesex,D+44,43.83274567908123
State Representative,Twenty-First Middlesex,Twenty-1st Middlesex,D+17,16.575544501110095
State Representative,Twenty-Fourth Middlesex,Twenty-4th Middlesex,D+32,32.4025364207801
State Representative,Twenty-Ninth Middlesex,Twenty-9th Middlesex,D+35,35.341904736686026
State Representative,Twenty-Second Middlesex,Twenty-2nd Middlesex,D+2,2.3574020739756008
State Representative,Twenty-Seventh Middlesex,Twenty-7th Middlesex,D+40,40.20586051555074
State Representative,Twenty-Sixth Middlesex,Twenty-6th Middlesex,D+39,38.943071882759114
State Representative,Twenty-Third Middlesex,Twenty-3rd Middlesex,D+31,30.892554878958112
State Senate,"Berkshire, Hampden, Franklin and Hampshire","Berkshire, Hampden, Franklin and Hampshire",D+18,18.186788229768613
State Senate,Bristol and Norfolk,Bristol and Norfolk,D+9,9.47839616473235
State Senate,Cape and Islands,Cape and Islands,D+14,14.409380508630342
State Senate,Fifth Middlesex,5th Middlesex,D+17,17.355988873109883
State Senate,First Bristol and Plymouth,1st Bristol and Plymouth,R+1,-1.4599731568909535
State Senate,First Essex,1st Essex,D+10,9.519211043685772
State Senate,First Essex and Middlesex,1st Essex and Middlesex,D+12,11.9293645644304
State Senate,First Middlesex,1st Middlesex,D+7,7.266316629349056
State Senate,First Plymouth and Norfolk,1st Plymouth and Norfolk,D+10,10.275992493547248
State Senate,First Suffolk,1st Suffolk,D+27,27.212056215154213
State Senate,First Worcester,1st Worcester,D+17,16.51094380074456
State Senate,Fourth Middlesex,4th Middlesex,D+17,17.20513975219945
State Senate,Hampden,Hampden,D+18,17.828746548560225
State Senate,Hampden and Hampshire,Hampden and Hampshire,D+6,5.5864423743640534
State Senate,"Hampden, Hampshire and Worcester","Hampden, Hampshire and Worcester",D+5,4.932168934103808
State Senate,"Hampshire, Franklin and Worcester","Hampshire, Franklin and Worcester",D+23,22.661200817202452
State Senate,Middlesex and Norfolk,Middlesex and Norfolk,D+21,21.1605689270696
State Senate,Middlesex and Suffolk,Middlesex and Suffolk,D+31,30.82359925048955
State Senate,Middlesex and Worcester,Middlesex and Worcester,D+21,21.443548298873104
State Senate,Norfolk and Middlesex,Norfolk and Middlesex,D+32,32.4504218278043
State Senate,Norfolk and Plymouth,Norfolk and Plymouth,D+9,9.082035835637392
State Senate,Norfolk and Suffolk,Norfolk and Suffolk,D+19,18.86430200238145
State Senate,"Norfolk, Plymouth and Bristol","Norfolk, Plymouth and Bristol",D+12,11.658550094168165
State Senate,"Norfolk, Worcester and Middlesex","Norfolk, Worcester and Middlesex",D+13,12.964356385234389
State Senate,Plymouth and Barnstable,Plymouth and Barnstable,D+6,6.0986180739747375
State Senate,Second Bristol and Plymouth,2nd Bristol and Plymouth,D+4,3.935096690163764
State Senate,Second Essex,2nd Essex,D+13,12.9289467569208
State Senate,Second Essex and Middlesex,2nd Essex and Middlesex,D+8,8.143477036493207
State Senate,Second Middlesex,2nd Middlesex,D+33,32.50176308863265
State Senate,Second Plymouth and Norfolk,2nd Plymouth and Norfolk,D+14,13.552147878024511
State Senate,Second Suffolk,2nd Suffolk,D+40,40.2087692868763
State Senate,Second Worcester,2nd Worcester,D+12,11.567678489701482
State Senate,Suffolk and Middlesex,Suffolk and Middlesex,D+33,32.56648583953291
State Senate,Third Bristol and Plymouth,3rd Bristol and Plymouth,R+1,-0.7007936319190278
State Senate,Third Essex,3rd Essex,D+12,11.911769508162951
State Senate,Third Middlesex,3rd Middlesex,D+22,22.155391589982187
State Senate,Third Suffolk,3rd Suffolk,D+20,20.071702724081295
State Senate,Worcester and Hampden,Worcester and Hampden,R+1,-1.3099412039348055
State Senate,Worcester and Hampshire,Worcester and Hampshire,D+1,1.0676722896603486
State Senate,Worcester and Middlesex,Worcester and Middlesex,D+9,8.846797761372272
Governor's Council,Eighth,Eighth,D+13,13.46386864998539
Governor's Council,Fifth,Fifth,D+10,10.18103838710439
Governor's Council,First,First,D+5,5.031921466265398
Governor's Council,Fourth,Fourth,D+20,19.67748016859413
Governor's Council,Second,Second,D+14,13.634628748448218
Governor's Council,Seventh,Seventh,D+6,6.386092810654754
Governor's Council,Sixth,Sixth,D+22,22.287634553879965
Governor's Council,Third,Third,D+25,24.667141203761688
U.S. House,1,1,D+8,8.278990832539012
U.S. House,2,2,D+13,13.207655762446946
U.S. House,3,3,D+11,11.12362101660336
U.S. House,4,4,D+12,11.553235203889578
U.S. House,5,5,D+24,23.86286204636846
U.S. House,6,6,D+12,11.535712763737603
U.S. House,7,7,D+34,34.00849263714911
U.S. House,8,8,D+15,15.045252156556876
U.S. House,9,9,D+7,6.591565859452075
