City/Town,Ward,Pct,PVI_N,PVI
Abington,-,1,2.3557833784663917,D+2
Abington,-,2,-2.2835212790189297,R+2
Abington,-,3,-1.8637001110404283,R+2
Abington,-,4,-1.6195842372316638,R+2
Abington,-,5,-1.3490741373023307,R+1
Acton,-,1,20.92967346363297,D+21
Acton,-,2,18.172394085131383,D+18
Acton,-,3,20.75212282413432,D+21
Acton,-,4,23.387111586306297,D+23
Acton,-,5,24.58114022079978,D+25
Acton,-,6,18.37201011990013,D+18
Acushnet,-,1,5.6570525933609,D+6
Acushnet,-,2,-3.3746381684037763,R+3
Acushnet,-,3,-0.3183642899732164,EVEN
Adams,-,1,18.168275817223844,D+18
Adams,-,2,19.481126237431756,D+19
Adams,-,3,19.21439812278739,D+19
Adams,-,4,22.570598316983336,D+23
Adams,-,5,22.799992910415746,D+23
Agawam,-,1,-1.720265523388298,R+2
Agawam,-,2,-5.483644409382348,R+5
Agawam,-,3,-2.740440632586844,R+3
Agawam,-,4,-0.19907452950660431,EVEN
Agawam,-,5,-2.201585470150691,R+2
Agawam,-,6,-3.727334011036704,R+4
Agawam,-,7,-4.526720196644185,R+5
Agawam,-,8,-2.408745235895271,R+2
Alford,-,1,28.29081975133054,D+28
Amesbury,-,1,5.67596444764863,D+6
Amesbury,-,2,12.120493818990886,D+12
Amesbury,-,3,11.028141655140223,D+11
Amesbury,-,4,10.12338664096265,D+10
Amesbury,-,5,0.3165846466606559,EVEN
Amesbury,-,6,13.13515080123967,D+13
Amherst,-,1,36.90671152804968,D+37
Amherst,-,10,34.395382456028415,D+34
Amherst,-,2,37.62834695842297,D+38
Amherst,-,3,35.125510179967826,D+35
Amherst,-,4,30.180213966356927,D+30
Amherst,-,5,39.38478100694219,D+39
Amherst,-,6,37.95925167422416,D+38
Amherst,-,7,39.12796524812497,D+39
Amherst,-,8,39.11278337436623,D+39
Amherst,-,9,40.36463401311635,D+40
Andover,-,1,12.743714887174495,D+13
Andover,-,2,3.563492555947989,D+4
Andover,-,3,10.279028686520986,D+10
Andover,-,4,2.8786978820905973,D+3
Andover,-,5,4.501733768518646,D+5
Andover,-,6,1.1911320261323688,D+1
Andover,-,7,3.821314635839279,D+4
Andover,-,7A,5.930796143225092,D+6
Andover,-,8,6.076892637907605,D+6
Andover,-,9,4.536956391148161,D+5
Andover,-,9A,-12.404832422582496,R+12
Aquinnah,-,1,35.51509250703903,D+36
Arlington,-,1,29.361830420138624,D+29
Arlington,-,10,30.70132465483163,D+31
Arlington,-,11,20.654989795192392,D+21
Arlington,-,12,26.11652504060251,D+26
Arlington,-,13,10.689575562104404,D+11
Arlington,-,14,27.082724972123017,D+27
Arlington,-,15,22.351616067973666,D+22
Arlington,-,16,26.27129583453247,D+26
Arlington,-,17,28.739094194998028,D+29
Arlington,-,18,16.507959348263068,D+17
Arlington,-,19,23.991350948772805,D+24
Arlington,-,2,25.953910283986293,D+26
Arlington,-,20,26.929379259455267,D+27
Arlington,-,21,29.580612623134982,D+30
Arlington,-,3,32.37419781538494,D+32
Arlington,-,4,30.479720305216794,D+30
Arlington,-,5,25.3118118326095,D+25
Arlington,-,6,30.530666860742873,D+31
Arlington,-,7,28.803564716342468,D+29
Arlington,-,8,33.79756468649742,D+34
Arlington,-,9,24.423235275638756,D+24
Ashburnham,-,1,-1.4210374401781412,R+1
Ashby,-,1,-7.07487684927845,R+7
Ashfield,-,1,30.789649421774023,D+31
Ashland,-,1,11.723811220197877,D+12
Ashland,-,2,9.369371227537126,D+9
Ashland,-,3,11.116404887143815,D+11
Ashland,-,4,13.971061908732862,D+14
Ashland,-,5,12.783546511212885,D+13
Athol,-,1,-2.3744493840132885,R+2
Athol,-,2,-3.0611721022813287,R+3
Athol,-,3,4.35309222299124,D+4
Attleboro,1,A,0.9269783627667838,D+1
Attleboro,1,B,0.4647327948088087,EVEN
Attleboro,2,A,2.317596999519478,D+2
Attleboro,2,B,0.8001295308808332,D+1
Attleboro,3,A,7.210399356422426,D+7
Attleboro,3,B,4.488471667212368,D+4
Attleboro,4,A,10.617510572586585,D+11
Attleboro,4,B,-0.7296031426911931,R+1
Attleboro,5,A,15.673680430802705,D+16
Attleboro,5,B,4.863865115850019,D+5
Attleboro,6,A,2.3758006299272716,D+2
Attleboro,6,B,2.6833899546424345,D+3
Auburn,-,1,0.291601822352372,EVEN
Auburn,-,2,2.2934338725172587,D+2
Auburn,-,3,1.0218601071047773,D+1
Auburn,-,4,2.4014965889811557,D+2
Auburn,-,5,-0.6942643489550759,R+1
Avon,-,1,1.4272996397285964,D+1
Ayer,-,1,6.677829354187271,D+7
Ayer,-,2,5.870613531274871,D+6
Barnstable,-,1,1.3763373193165562,D+1
Barnstable,-,10,-2.557843566412971,R+3
Barnstable,-,11,-2.1952975016638177,R+2
Barnstable,-,12,-2.004750773266312,R+2
Barnstable,-,13,6.838091744536634,D+7
Barnstable,-,2,-0.7886270857287769,R+1
Barnstable,-,3,7.8102331094721205,D+8
Barnstable,-,4,-0.4553816990761739,EVEN
Barnstable,-,5,-6.348931801464486,R+6
Barnstable,-,6,-1.3417500305419439,R+1
Barnstable,-,7,0.9193988717659085,D+1
Barnstable,-,8,9.0355573191217,D+9
Barnstable,-,9,15.096641032556457,D+15
Barre,-,1,-2.0314083297777397,R+2
Barre,-,2,-4.200091524180532,R+4
Becket,-,1,15.184478017738744,D+15
Bedford,-,1,15.528816252334888,D+16
Bedford,-,2,8.944108491575808,D+9
Bedford,-,3,15.49513030065448,D+15
Bedford,-,4,11.027920424900984,D+11
Belchertown,-,A,10.723068463063223,D+11
Belchertown,-,B,2.4321240991566295,D+2
Belchertown,-,C,2.4766198676171247,D+2
Belchertown,-,D,17.604120334407536,D+18
Bellingham,-,1,-1.3784290621548068,R+1
Bellingham,-,2,-0.6277232460306759,R+1
Bellingham,-,3,1.6362047219711795,D+2
Bellingham,-,4,-3.150435744517038,R+3
Bellingham,-,4A,-1.9417712702318457,R+2
Bellingham,-,5,-2.822820853259861,R+3
Belmont,-,1,22.164071685294584,D+22
Belmont,-,2,11.571528911313667,D+12
Belmont,-,3,22.340216857960428,D+22
Belmont,-,4,23.254648761195362,D+23
Belmont,-,5,21.58333604586239,D+22
Belmont,-,6,23.793492085832245,D+24
Belmont,-,7,23.428000499775013,D+23
Belmont,-,8,12.061581477232064,D+12
Berkley,-,1,-4.959149491552256,R+5
Berkley,-,2,-7.083675053373889,R+7
Berlin,-,1,3.5289268033680044,D+4
Bernardston,-,1,16.595615806911002,D+17
Beverly,1,1,7.159706257187826,D+7
Beverly,1,2,8.007558462668896,D+8
Beverly,2,1,18.88820728630597,D+19
Beverly,2,2,18.266574826625725,D+18
Beverly,3,1,16.614615698790068,D+17
Beverly,3,2,11.044983482671844,D+11
Beverly,4,1,11.861308454225739,D+12
Beverly,4,2,17.28298079286753,D+17
Beverly,5,1,8.144776178756741,D+8
Beverly,5,2,6.847711518213062,D+7
Beverly,6,1,8.438486075648699,D+8
Beverly,6,2,1.8096718646919197,D+2
Billerica,-,1,5.088109418185427,D+5
Billerica,-,10,-4.98715005037948,R+5
Billerica,-,11,-4.207022930382031,R+4
Billerica,-,2,0.18797039272003824,EVEN
Billerica,-,3,-0.7739838990465486,R+1
Billerica,-,4,-1.2155741105620343,R+1
Billerica,-,5,-4.61351101191182,R+5
Billerica,-,6,-2.452408255159566,R+2
Billerica,-,7,1.2557566377260576,D+1
Billerica,-,8,-5.05118134286699,R+5
Billerica,-,9,-4.499043275443665,R+4
Blackstone,-,1,-1.2542630837974134,R+1
Blackstone,-,2,-1.4135280747564094,R+1
Blackstone,-,3,-6.824896064018803,R+7
Blandford,-,1,-9.060095318254602,R+9
Bolton,-,1,6.42233710167287,D+6
Boston,1,1,27.249200999648426,D+27
Boston,1,10,27.32652141269498,D+27
Boston,1,11,14.652930561953948,D+15
Boston,1,12,10.671177360619843,D+11
Boston,1,13,19.81719181120225,D+20
Boston,1,14,15.607589937665944,D+16
Boston,1,15,43.919278249354264,D+44
Boston,1,2,26.965115350279344,D+27
Boston,1,3,31.519359327696208,D+32
Boston,1,4,27.01894966227869,D+27
Boston,1,5,25.638645838287065,D+26
Boston,1,6,26.313849969768675,D+26
Boston,1,7,29.407067534611897,D+29
Boston,1,8,29.46320452175736,D+29
Boston,1,9,27.199910660421455,D+27
Boston,10,1,41.24741122303656,D+41
Boston,10,2,38.06284154185372,D+38
Boston,10,3,37.70168058597346,D+38
Boston,10,4,34.78913079571748,D+35
Boston,10,5,36.890658720734734,D+37
Boston,10,6,43.0593273894034,D+43
Boston,10,7,45.3700445730998,D+45
Boston,10,8,40.356624686700705,D+40
Boston,10,9,41.18065371052161,D+41
Boston,11,1,45.030896948912655,D+45
Boston,11,10,44.78375119971678,D+45
Boston,11,2,46.097868889483365,D+46
Boston,11,3,45.65924651051954,D+46
Boston,11,4,44.758044640094866,D+45
Boston,11,5,44.10383053916971,D+44
Boston,11,6,42.81102254745899,D+43
Boston,11,7,43.86954679918518,D+44
Boston,11,8,42.31290033407582,D+42
Boston,11,9,41.61449773772351,D+42
Boston,12,1,46.29883417729729,D+46
Boston,12,2,46.947813308227715,D+47
Boston,12,3,45.9387298230406,D+46
Boston,12,4,45.58910375095546,D+46
Boston,12,5,47.019646089606496,D+47
Boston,12,6,45.455883237286685,D+45
Boston,12,7,46.17130952330797,D+46
Boston,12,8,45.9084955759949,D+46
Boston,12,9,46.176403275358005,D+46
Boston,13,1,45.71748004755606,D+46
Boston,13,10,21.358049523741972,D+21
Boston,13,2,45.97510623879221,D+46
Boston,13,3,38.0709303416132,D+38
Boston,13,4,45.25659507962884,D+45
Boston,13,5,42.48734991920299,D+42
Boston,13,6,38.487408531770264,D+38
Boston,13,7,28.134154282412116,D+28
Boston,13,8,28.234259043208297,D+28
Boston,13,9,34.105465060255035,D+34
Boston,14,1,45.40532333198419,D+45
Boston,14,10,46.90223279480881,D+47
Boston,14,11,45.45224197923202,D+45
Boston,14,12,46.35205673847078,D+46
Boston,14,13,46.664876783289735,D+47
Boston,14,14,47.115118398921915,D+47
Boston,14,2,46.14915224568542,D+46
Boston,14,3,47.62057695065296,D+48
Boston,14,4,45.553773890699226,D+46
Boston,14,5,47.20173130892471,D+47
Boston,14,6,45.748139549581204,D+46
Boston,14,7,46.26239280857342,D+46
Boston,14,8,46.272598687781084,D+46
Boston,14,9,46.34737042336295,D+46
Boston,15,1,45.7168879672226,D+46
Boston,15,2,47.28826220657352,D+47
Boston,15,3,44.23061075246759,D+44
Boston,15,4,40.2637881833876,D+40
Boston,15,5,45.27922373796933,D+45
Boston,15,6,25.708322538398555,D+26
Boston,15,7,45.54390266414009,D+46
Boston,15,8,34.66286996669704,D+35
Boston,15,9,34.3649497145485,D+34
Boston,16,1,30.97594355714065,D+31
Boston,16,10,12.014564821684504,D+12
Boston,16,11,20.060633234047465,D+20
Boston,16,12,1.9002507652104983,D+2
Boston,16,2,22.66116136623738,D+23
Boston,16,3,35.84643626484036,D+36
Boston,16,4,31.66619353735294,D+32
Boston,16,5,28.31705346991429,D+28
Boston,16,6,34.23412842275566,D+34
Boston,16,7,14.965286504664842,D+15
Boston,16,8,22.955036126484586,D+23
Boston,16,9,3.829539661761594,D+4
Boston,17,1,45.21108073637588,D+45
Boston,17,10,45.791701768555825,D+46
Boston,17,11,44.40896600139943,D+44
Boston,17,12,41.82823204066099,D+42
Boston,17,13,31.332043420126553,D+31
Boston,17,14,38.383620396199305,D+38
Boston,17,2,42.067743142880296,D+42
Boston,17,3,43.925010222299356,D+44
Boston,17,4,38.90815787126141,D+39
Boston,17,5,46.19613025397397,D+46
Boston,17,6,42.909177239253246,D+43
Boston,17,7,45.404623505191324,D+45
Boston,17,8,44.83197189652611,D+45
Boston,17,9,42.728883738205035,D+43
Boston,18,1,45.43442976450578,D+45
Boston,18,10,33.713388708787306,D+34
Boston,18,11,38.96126242641586,D+39
Boston,18,12,30.20346324559078,D+30
Boston,18,13,38.49688713564482,D+38
Boston,18,14,38.297813219695,D+38
Boston,18,15,42.70530364088424,D+43
Boston,18,16,17.29150111331791,D+17
Boston,18,17,31.14991797999399,D+31
Boston,18,18,31.898695058959746,D+32
Boston,18,19,32.699520748097065,D+33
Boston,18,2,47.11134933616219,D+47
Boston,18,20,18.300010763237083,D+18
Boston,18,21,46.00954963035051,D+46
Boston,18,22,21.602066665126973,D+22
Boston,18,23,42.13561887075817,D+42
Boston,18,3,46.991595879730816,D+47
Boston,18,4,45.929145606196705,D+46
Boston,18,5,45.54635614182203,D+46
Boston,18,6,44.8867846385474,D+45
Boston,18,7,37.24885190150856,D+37
Boston,18,8,39.827717012886275,D+40
Boston,18,9,31.75950373418872,D+32
Boston,19,1,44.20211643028161,D+44
Boston,19,10,35.83186280298543,D+36
Boston,19,11,43.50521862476832,D+44
Boston,19,12,37.19305649423077,D+37
Boston,19,13,37.739565214065365,D+38
Boston,19,2,23.555568483141464,D+24
Boston,19,3,37.96944977594088,D+38
Boston,19,4,43.87874553366231,D+44
Boston,19,5,40.868478892623585,D+41
Boston,19,6,42.993947532434404,D+43
Boston,19,7,41.10700921757303,D+41
Boston,19,8,40.560454332154706,D+41
Boston,19,9,40.59956425548297,D+41
Boston,2,1,17.68502561060724,D+18
Boston,2,2,24.490590017967882,D+24
Boston,2,3,19.577846810131028,D+20
Boston,2,4,24.360836690912702,D+24
Boston,2,5,16.89262365665376,D+17
Boston,2,6,18.400077622395017,D+18
Boston,2,7,16.610296104878596,D+17
Boston,20,1,26.162896699869265,D+26
Boston,20,10,11.5624458925219,D+12
Boston,20,11,19.668509348703378,D+20
Boston,20,12,11.307929866193799,D+11
Boston,20,13,14.141300451574478,D+14
Boston,20,14,9.418430099577291,D+9
Boston,20,15,12.063530691127367,D+12
Boston,20,16,9.232557292066579,D+9
Boston,20,17,11.940383228431218,D+12
Boston,20,18,19.864598836335933,D+20
Boston,20,19,11.706596228120869,D+12
Boston,20,2,31.639473279237873,D+32
Boston,20,20,17.798576592664862,D+18
Boston,20,3,16.98876512147831,D+17
Boston,20,4,34.68418157275992,D+35
Boston,20,5,12.577286907362916,D+13
Boston,20,6,16.678189871374936,D+17
Boston,20,7,20.384682763539264,D+20
Boston,20,8,25.1547094847855,D+25
Boston,20,9,24.595778036618476,D+25
Boston,21,1,34.83044186913621,D+35
Boston,21,10,32.788165138043134,D+33
Boston,21,11,32.581274148192264,D+33
Boston,21,12,26.4163686411815,D+26
Boston,21,13,18.30286939172946,D+18
Boston,21,14,36.49184122854374,D+36
Boston,21,15,35.011539986377315,D+35
Boston,21,16,27.21773039672727,D+27
Boston,21,2,36.87506952151202,D+37
Boston,21,3,35.82259232658138,D+36
Boston,21,4,38.4396701381672,D+38
Boston,21,5,38.651136303580735,D+39
Boston,21,6,35.28697026907099,D+35
Boston,21,7,37.107392074587196,D+37
Boston,21,8,37.67714329600212,D+38
Boston,21,9,35.76190479295438,D+36
Boston,22,1,32.898310626919645,D+33
Boston,22,10,27.98807909831075,D+28
Boston,22,11,27.313553876639595,D+27
Boston,22,12,27.094869781110177,D+27
Boston,22,13,25.85603714263489,D+26
Boston,22,2,34.84771151821307,D+35
Boston,22,3,28.235725161221026,D+28
Boston,22,4,29.173145192025764,D+29
Boston,22,5,29.574987228116445,D+30
Boston,22,6,29.79504269654728,D+30
Boston,22,7,30.47633821066954,D+30
Boston,22,8,19.478400220776916,D+19
Boston,22,9,23.478961593898163,D+23
Boston,3,1,13.406089245599217,D+13
Boston,3,2,17.26155959075416,D+17
Boston,3,3,18.379416225432966,D+18
Boston,3,4,15.739722425667368,D+16
Boston,3,5,23.944753552463194,D+24
Boston,3,6,21.199184917217494,D+21
Boston,3,7,36.05511778601459,D+36
Boston,3,8,30.984635875459553,D+31
Boston,4,1,33.26727158183278,D+33
Boston,4,10,35.39888917340963,D+35
Boston,4,2,25.99338252076795,D+26
Boston,4,3,35.530473040666635,D+36
Boston,4,4,36.25674485208085,D+36
Boston,4,5,30.705948369357717,D+31
Boston,4,6,32.537078185707294,D+33
Boston,4,7,35.23980054548631,D+35
Boston,4,8,33.02632504870875,D+33
Boston,4,9,42.760507442696124,D+43
Boston,5,1,33.59388408632172,D+34
Boston,5,10,30.067575274082394,D+30
Boston,5,11,24.72331403050675,D+25
Boston,5,2,36.9370327388491,D+37
Boston,5,2A,30.3975059040525,D+30
Boston,5,3,23.780190208058016,D+24
Boston,5,4,29.562491807475254,D+30
Boston,5,5,22.942911162930248,D+23
Boston,5,6,17.827765229353552,D+18
Boston,5,7,22.640732794808805,D+23
Boston,5,8,23.749764056302002,D+24
Boston,5,9,25.904254403941728,D+26
Boston,6,1,25.39496535294834,D+25
Boston,6,2,22.01035435022828,D+22
Boston,6,3,17.37118865778641,D+17
Boston,6,4,14.278181818669978,D+14
Boston,6,5,12.368718302055182,D+12
Boston,6,6,8.000937243460015,D+8
Boston,6,7,6.7706151477499805,D+7
Boston,6,8,8.483816764274454,D+8
Boston,6,9,1.1518729099719516,D+1
Boston,7,1,4.601449521893219,D+5
Boston,7,10,42.757536765032135,D+43
Boston,7,2,7.710325250733363,D+8
Boston,7,3,8.647548151298757,D+9
Boston,7,4,14.693954142140386,D+15
Boston,7,5,20.0581393882154,D+20
Boston,7,6,24.47700273345912,D+24
Boston,7,7,34.76299168958549,D+35
Boston,7,8,23.910548981365732,D+24
Boston,7,9,25.84178197513668,D+26
Boston,8,1,40.21802454810056,D+40
Boston,8,2,36.836825818064625,D+37
Boston,8,3,44.616026756321745,D+45
Boston,8,4,45.9125286184747,D+46
Boston,8,5,44.150772339446306,D+44
Boston,8,6,41.0573253874014,D+41
Boston,8,7,43.823752059257146,D+44
Boston,9,1,39.606059535641116,D+40
Boston,9,2,36.47552693513263,D+36
Boston,9,3,43.93984591698076,D+44
Boston,9,4,43.5955175030583,D+44
Boston,9,5,46.580784038214986,D+47
Bourne,-,1,-5.811361481285471,R+6
Bourne,-,2,-8.214382401973724,R+8
Bourne,-,3,-4.397038263506525,R+4
Bourne,-,4,-0.8377308442532261,R+1
Bourne,-,5,-0.8677726382865014,R+1
Bourne,-,6,0.9861003161763304,D+1
Bourne,-,7,-4.180947044441025,R+4
Boxborough,-,1,14.82385273803095,D+15
Boxford,-,1,-5.068725616698383,R+5
Boxford,-,2,-5.217609707409471,R+5
Boxford,-,3,-5.211505766251462,R+5
Boylston,-,1,0.7739115387701556,D+1
Braintree,-,1A,-0.6361510820580007,R+1
Braintree,-,1B,1.1802792985426858,D+1
Braintree,-,2A,0.9662042486051625,D+1
Braintree,-,2B,0.0230587075425559,EVEN
Braintree,-,3A,7.520676850752861,D+8
Braintree,-,3B,5.274071316209583,D+5
Braintree,-,4A,4.260269151900243,D+4
Braintree,-,4B,8.755113920035662,D+9
Braintree,-,5A,1.511557682557363,D+2
Braintree,-,5B,1.900067667788019,D+2
Braintree,-,6A,-1.8399029667805988,R+2
Braintree,-,6B,0.5933425000782311,D+1
Brewster,-,1,7.558825720328299,D+8
Brewster,-,2,9.566608833754431,D+10
Brewster,-,3,6.41569176543274,D+6
Bridgewater,-,1,-6.885977101355634,R+7
Bridgewater,-,2,-5.275143336682381,R+5
Bridgewater,-,3,-7.029539585335442,R+7
Bridgewater,-,4,-2.6727079634850326,R+3
Bridgewater,-,5,1.9374736461904352,D+2
Bridgewater,-,6,4.1484230748747075,D+4
Bridgewater,-,7,-0.42534476603633964,EVEN
Brimfield,-,1,-8.179700247777133,R+8
Brockton,1,A,30.158850441867635,D+30
Brockton,1,B,18.419262350597542,D+18
Brockton,1,C,20.011367977807627,D+20
Brockton,1,D,10.223175143454988,D+10
Brockton,2,A,42.39185830088168,D+42
Brockton,2,B,38.56193814110286,D+39
Brockton,2,C,39.87195570888103,D+40
Brockton,2,D,25.07726179712899,D+25
Brockton,3,A,27.246063823330847,D+27
Brockton,3,B,33.329336276433565,D+33
Brockton,3,C,10.415637187573667,D+10
Brockton,3,D,9.617945315401888,D+10
Brockton,4,A,36.00942886155494,D+36
Brockton,4,B,26.18555298408326,D+26
Brockton,4,C,18.83235254972897,D+19
Brockton,4,D,19.37819433327035,D+19
Brockton,5,A,36.39809614465121,D+36
Brockton,5,B,21.23209773416933,D+21
Brockton,5,C,28.96369329376931,D+29
Brockton,5,D,14.684288036601956,D+15
Brockton,6,A,25.926761212251236,D+26
Brockton,6,B,10.824283356606557,D+11
Brockton,6,C,18.043395338295475,D+18
Brockton,6,D,8.714040274033186,D+9
Brockton,7,A,35.644219974295986,D+36
Brockton,7,B,30.403230264641422,D+30
Brockton,7,C,30.457382856058302,D+30
Brockton,7,D,19.473768939387114,D+19
Brookfield,-,1,-5.3768038198370505,R+5
Brookline,-,1,33.317717647793664,D+33
Brookline,-,10,32.435747287562435,D+32
Brookline,-,11,34.462557699648386,D+34
Brookline,-,12,33.3663682534483,D+33
Brookline,-,13,31.807289518660497,D+32
Brookline,-,14,27.88533951795721,D+28
Brookline,-,15,19.85474629008546,D+20
Brookline,-,16,26.424430527806287,D+26
Brookline,-,2,34.86407136446569,D+35
Brookline,-,3,33.9481543607046,D+34
Brookline,-,4,32.10054646692012,D+32
Brookline,-,5,33.805884180736314,D+34
Brookline,-,6,36.83871653464621,D+37
Brookline,-,7,34.076243586175714,D+34
Brookline,-,8,36.39235507357612,D+36
Brookline,-,9,35.35765263097031,D+35
Buckland,-,1,23.555172071294596,D+24
Burlington,-,1,0.26643121115033086,EVEN
Burlington,-,2,9.531783984426689,D+10
Burlington,-,3,4.411399461475474,D+4
Burlington,-,4,5.3764975006911575,D+5
Burlington,-,5,1.699528045596299,D+2
Burlington,-,6,2.78785532445307,D+3
Burlington,-,7,7.540030020700483,D+8
Cambridge,1,1,30.052457944908873,D+30
Cambridge,1,2,33.10771808364985,D+33
Cambridge,1,3,33.89453697668733,D+34
Cambridge,10,1,41.3703931721673,D+41
Cambridge,10,2,41.8262444805373,D+42
Cambridge,10,3,41.48089625927969,D+41
Cambridge,11,1,42.58237985363233,D+43
Cambridge,11,2,37.69839523016376,D+38
Cambridge,11,3,37.55287869146534,D+38
Cambridge,2,1,43.09254178357285,D+43
Cambridge,2,2,37.712044622765795,D+38
Cambridge,2,3,33.573428446982724,D+34
Cambridge,3,1,36.38307282158257,D+36
Cambridge,3,2,41.123358909124484,D+41
Cambridge,3,2A,41.880072881639485,D+42
Cambridge,3,3,43.06024605109705,D+43
Cambridge,4,1,43.789480835122355,D+44
Cambridge,4,2,41.13912008271616,D+41
Cambridge,4,3,40.41356650436486,D+40
Cambridge,5,1,42.561733432970904,D+43
Cambridge,5,2,40.08673561568328,D+40
Cambridge,5,3,42.236359092386664,D+42
Cambridge,6,1,41.55322325172032,D+42
Cambridge,6,2,41.216212084749635,D+41
Cambridge,6,3,39.31154013928675,D+39
Cambridge,7,1,43.5060551088584,D+44
Cambridge,7,2,40.06219249192654,D+40
Cambridge,7,3,40.50852841524676,D+41
Cambridge,8,1,40.10571892732037,D+40
Cambridge,8,2,40.4950933261181,D+40
Cambridge,8,3,41.5188696691704,D+42
Cambridge,9,1,39.71683565469826,D+40
Cambridge,9,2,35.78383998146566,D+36
Cambridge,9,3,34.86200086538365,D+35
Canton,-,1,6.4205041000946705,D+6
Canton,-,2,5.695794300389434,D+6
Canton,-,3,7.957430719482139,D+8
Canton,-,4,-0.5332852628877394,R+1
Canton,-,5,4.687702520902026,D+5
Canton,-,6,8.210831710439592,D+8
Carlisle,-,1,16.048540511443843,D+16
Carver,-,1,-5.545259316682122,R+6
Carver,-,2,-6.242098835099746,R+6
Carver,-,3,-4.64463103649927,R+5
Charlemont,-,1,17.120261832199425,D+17
Charlton,-,1,-7.227574897498884,R+7
Charlton,-,2,-10.610208657181824,R+11
Charlton,-,3,-8.568590708582525,R+9
Charlton,-,4,-8.474307412713888,R+8
Chatham,-,1,1.9722039936225455,D+2
Chelmsford,-,1,2.634386319301041,D+3
Chelmsford,-,2,7.028862937320235,D+7
Chelmsford,-,3,-0.9141491927688317,R+1
Chelmsford,-,4,1.1862684245747768,D+1
Chelmsford,-,5,4.195180409171817,D+4
Chelmsford,-,6,2.5813327058012425,D+3
Chelmsford,-,7,1.6687432568837868,D+2
Chelmsford,-,8,3.944667082534692,D+4
Chelmsford,-,9,1.7296581679431378,D+2
Chelsea,1,1,30.398326544808807,D+30
Chelsea,1,2,35.80650494670754,D+36
Chelsea,1,3,35.037170957352984,D+35
Chelsea,1,4,40.17821594087623,D+40
Chelsea,2,1,24.339851054033023,D+24
Chelsea,2,2,37.281738340095316,D+37
Chelsea,2,3,39.420364194126215,D+39
Chelsea,2,4,38.44221027228628,D+38
Chelsea,3,1,36.4153969314312,D+36
Chelsea,3,2,33.00162447455763,D+33
Chelsea,3,3,31.766076364866393,D+32
Chelsea,3,4,31.242009620778145,D+31
Chelsea,4,1,26.899673650131827,D+27
Chelsea,4,2,22.218885618729068,D+22
Chelsea,4,3,22.805818066126637,D+23
Chelsea,4,4,27.57312440320041,D+28
Cheshire,-,1,12.498542179827755,D+12
Chester,-,1,-5.869135584003393,R+6
Chesterfield,-,1,11.743664545550647,D+12
Chicopee,1,A,4.117236588435514,D+4
Chicopee,1,B,5.267661409817959,D+5
Chicopee,2,A,20.949009524368556,D+21
Chicopee,2,B,5.724228712451684,D+6
Chicopee,3,A,10.568166084682773,D+11
Chicopee,3,B,13.921112018207694,D+14
Chicopee,4,A,9.371860224614426,D+9
Chicopee,4,B,11.631469460075506,D+12
Chicopee,5,A,9.116463955704933,D+9
Chicopee,5,B,9.392438603417252,D+9
Chicopee,6,AN,5.508931689836427,D+6
Chicopee,6,AS,2.95876170744237,D+3
Chicopee,6,BE,-4.992326884958298,R+5
Chicopee,6,BW,2.776659400313397,D+3
Chicopee,7,A,16.111791618338223,D+16
Chicopee,7,B,14.52154550544915,D+15
Chicopee,8,A,7.839732794808807,D+8
Chicopee,8,B,6.766218994384177,D+7
Chicopee,9,A,7.729783615762676,D+8
Chicopee,9,B,4.902568922616468,D+5
Chilmark,-,1,32.97769705549556,D+33
Clarksburg,-,1,15.289658610832547,D+15
Clinton,-,1,6.874158420729282,D+7
Clinton,-,2,7.479542839882858,D+7
Clinton,-,3,4.810532917432964,D+5
Clinton,-,4,8.35011961429305,D+8
Cohasset,-,1,2.215001438694475,D+2
Cohasset,-,2,4.457956005312836,D+4
Colrain,-,1,18.279547609623627,D+18
Concord,-,1,23.45247188259694,D+23
Concord,-,2,24.59853127623709,D+25
Concord,-,3,20.70980748630047,D+21
Concord,-,4,22.495989485025035,D+22
Concord,-,5,21.913123103471264,D+22
Conway,-,1,25.397722485530462,D+25
Cummington,-,1,18.875966495912124,D+19
Dalton,-,1,20.299198514388795,D+20
Dalton,-,2,19.98626982610723,D+20
Danvers,-,1,6.744721662050668,D+7
Danvers,-,2,2.9531366147269478,D+3
Danvers,-,3,1.387714545504759,D+1
Danvers,-,4,1.1315856292126059,D+1
Danvers,-,5,0.5512861178381678,D+1
Danvers,-,6,-2.2900824056076408,R+2
Danvers,-,7,0.3342857889049533,EVEN
Danvers,-,8,-0.04158072536365465,EVEN
Dartmouth,-,1,-1.1492661758551126,R+1
Dartmouth,-,2,5.713658156278134,D+6
Dartmouth,-,3,33.44415666312156,D+33
Dartmouth,-,4,10.438887317767287,D+10
Dartmouth,-,5,5.2852196102246225,D+5
Dartmouth,-,6,11.43454179049581,D+11
Dartmouth,-,7,4.554561064293616,D+5
Dartmouth,-,8,10.402526484672315,D+10
Dartmouth,-,9,7.876372104124519,D+8
Dedham,-,1,15.926445071986816,D+16
Dedham,-,2,10.317734865202176,D+10
Dedham,-,3,12.368862162409155,D+12
Dedham,-,4,9.321413829291568,D+9
Dedham,-,5,5.175798368579299,D+5
Dedham,-,6,10.403736018215703,D+10
Dedham,-,7,2.3187139700822756,D+2
Deerfield,-,1,20.05404362462596,D+20
Dennis,-,1,-0.04623899202504944,EVEN
Dennis,-,2,3.452138336370525,D+3
Dennis,-,3,5.293922333071643,D+5
Dennis,-,4,3.6095603810157084,D+4
Dennis,-,5,6.133631151473439,D+6
Dighton,-,1,-6.070665435279688,R+6
Dighton,-,2,-5.821749333651283,R+6
Douglas,-,1,-12.666474045046506,R+13
Douglas,-,2,-9.728815592287965,R+10
Douglas,-,3,-8.140406546486883,R+8
Dover,-,1,1.848526205316381,D+2
Dracut,-,1,-3.0164810780235642,R+3
Dracut,-,2,-5.075729632936859,R+5
Dracut,-,3,-6.4523288165656005,R+6
Dracut,-,4,-10.71041729655115,R+11
Dracut,-,5,-7.773742927379268,R+8
Dracut,-,6,-2.909148032607062,R+3
Dracut,-,6A,-1.1352672051911927,R+1
Dracut,-,7,-2.5176181875421753,R+3
Dracut,-,8,-9.079293859165494,R+9
Dracut,-,9,-5.602111334147125,R+6
Dudley,-,1,-4.959572045561944,R+5
Dudley,-,2,-5.6915947486155085,R+6
Dudley,-,3,-6.749355602981249,R+7
Dunstable,-,1,-2.878468959577157,R+3
Duxbury,-,1,0.17961498985801239,EVEN
Duxbury,-,2,-3.1839574979492804,R+3
Duxbury,-,3,0.35997745366477263,EVEN
Duxbury,-,4,-0.5813198367701444,R+1
Duxbury,-,5,-1.3893054795992343,R+1
Duxbury,-,6,-1.770640439891935,R+2
E. Bridgewater,-,1,-6.401516493751236,R+6
E. Bridgewater,-,2,-7.197719101837702,R+7
E. Bridgewater,-,3,-5.86255849954912,R+6
E. Bridgewater,-,4,-6.4545036222249665,R+6
E. Brookfield,-,1,-11.472033239518204,R+11
E. Longmeadow,-,1,-2.2669745222643645,R+2
E. Longmeadow,-,2,-0.6494404335376514,R+1
E. Longmeadow,-,3,-3.8792012452383062,R+4
E. Longmeadow,-,4,-8.126977963568615,R+8
Eastham,-,1,10.872350759561511,D+11
Easthampton,-,1,18.082736940500244,D+18
Easthampton,-,2,25.105152742315372,D+25
Easthampton,-,3,22.979527576864168,D+23
Easthampton,-,4,23.444980358675018,D+23
Easthampton,-,5,9.535037097012378,D+10
Easton,-,1,-11.765989730995685,R+12
Easton,-,2,1.730269517972649,D+2
Easton,-,3,0.5003562044780141,D+1
Easton,-,4,-0.23671514819280093,EVEN
Easton,-,5,2.7892346559868275,D+3
Easton,-,6,-2.6453173364874463,R+3
Edgartown,-,1,16.937445790490003,D+17
Egremont,-,1,29.742127910651007,D+30
Erving,-,1,14.612329274158842,D+15
Essex,-,1,7.012460613996108,D+7
Everett,1,1,20.04007526056223,D+20
Everett,1,2,19.870398214370542,D+20
Everett,2,1,20.312103664980985,D+20
Everett,2,2,22.120932901248402,D+22
Everett,3,1,17.93129330436295,D+18
Everett,3,2,19.850274963483507,D+20
Everett,4,1,16.575442782775106,D+17
Everett,4,2,22.026884928389514,D+22
Everett,5,1,18.615978346410234,D+19
Everett,5,2,22.00071848993621,D+22
Everett,6,1,19.04496851557037,D+19
Everett,6,2,21.973504724633365,D+22
Fairhaven,-,1,7.092664191378639,D+7
Fairhaven,-,2,8.361715870599829,D+8
Fairhaven,-,3,6.9115992798224335,D+7
Fairhaven,-,4,5.643756302946235,D+6
Fairhaven,-,5,2.7592113224161663,D+3
Fairhaven,-,6,4.866375198690854,D+5
Fall River,1,A,11.619049586107245,D+12
Fall River,1,B,15.64421997429598,D+16
Fall River,1,C,13.217382971487257,D+13
Fall River,2,A,20.07413604978168,D+20
Fall River,2,B,20.711709242931022,D+21
Fall River,2,C,16.47099584282551,D+16
Fall River,3,A,16.672076207335806,D+17
Fall River,3,B,18.008561059567306,D+18
Fall River,3,C,14.536161366237376,D+15
Fall River,4,A,20.81661789355207,D+21
Fall River,4,B,27.040508814285367,D+27
Fall River,4,C,29.93001436943975,D+30
Fall River,5,A,27.18813705012796,D+27
Fall River,5,B,28.099699173291036,D+28
Fall River,5,B1,24.962428647343373,D+25
Fall River,5,C,24.464732794808807,D+24
Fall River,6,A,13.018161821922048,D+13
Fall River,6,B,20.8879784088439,D+21
Fall River,6,C,14.835172458045475,D+15
Fall River,6,C1,27.534500236669267,D+28
Fall River,7,A,13.670806547520309,D+14
Fall River,7,B,16.665322765310286,D+17
Fall River,7,C,22.64194798468222,D+23
Fall River,8,A,18.29595642350079,D+18
Fall River,8,B,14.550832038975747,D+15
Fall River,8,C,11.874754855949687,D+12
Fall River,9,A,8.821385744054345,D+9
Fall River,9,B,11.672687831557615,D+12
Fall River,9,C,13.94187794316486,D+14
Falmouth,-,1,22.92692661802499,D+23
Falmouth,-,2,12.916639726926826,D+13
Falmouth,-,3,5.64307357970697,D+6
Falmouth,-,4,5.207372870782212,D+5
Falmouth,-,5,4.773093272550389,D+5
Falmouth,-,6,9.000692483310868,D+9
Falmouth,-,7,2.8363174942623637,D+3
Falmouth,-,8,0.7728048757764672,D+1
Falmouth,-,9,6.126450716335851,D+6
Fitchburg,1,A,14.289475062850043,D+14
Fitchburg,1,B,9.245566867568344,D+9
Fitchburg,2,A,18.54718273591599,D+19
Fitchburg,2,B,4.728309912839224,D+5
Fitchburg,3,A,0.8327240849557827,D+1
Fitchburg,3,B,6.934041264117274,D+7
Fitchburg,4,A,9.284625267927083,D+9
Fitchburg,4,B,20.021936184639312,D+20
Fitchburg,5,A,-1.6231921758828705,R+2
Fitchburg,5,B,22.408813699032482,D+22
Fitchburg,6,A,7.125084621601774,D+7
Fitchburg,6,B,17.54927506594437,D+18
Florida,-,1,8.491650695212572,D+8
Foxborough,-,1,3.814761252406984,D+4
Foxborough,-,2,1.5920504709521888,D+2
Foxborough,-,3,0.14292905409653,EVEN
Foxborough,-,4,0.5560851171080072,D+1
Foxborough,-,5,-1.2808861989729858,R+1
Framingham,-,1,14.72898497455395,D+15
Framingham,-,10,23.267517017546623,D+23
Framingham,-,11,15.19200552208153,D+15
Framingham,-,12,20.14187150916357,D+20
Framingham,-,13,22.446714776790788,D+22
Framingham,-,14,28.48565329690086,D+28
Framingham,-,15,26.44413446229287,D+26
Framingham,-,16,29.468022268493023,D+29
Framingham,-,17,39.48269686666509,D+39
Framingham,-,18,23.76138867398896,D+24
Framingham,-,2,15.874384385373618,D+16
Framingham,-,3,18.790160263093412,D+19
Framingham,-,4,15.721369962950405,D+16
Framingham,-,5,15.981906494514398,D+16
Framingham,-,6,14.946927212518146,D+15
Framingham,-,7,17.04637105759056,D+17
Framingham,-,8,22.456613714971184,D+22
Framingham,-,9,20.2812465562767,D+20
Franklin,-,1,2.933660747272293,D+3
Franklin,-,2,2.968078137063057,D+3
Franklin,-,3,3.6827631720748544,D+4
Franklin,-,4,-1.1257033353660906,R+1
Franklin,-,5,3.288796358940471,D+3
Franklin,-,6,7.063791864333114,D+7
Franklin,-,7,2.1048278477360016,D+2
Franklin,-,8,-1.6856953468250724,R+2
Freetown,-,1,-6.614273977200225,R+7
Freetown,-,2,-1.599369769293757,R+2
Freetown,-,3,-5.234078301624484,R+5
Gardner,1,A,5.474536716377432,D+5
Gardner,1,B,-5.075639875998644,R+5
Gardner,2,A,7.125240877949679,D+7
Gardner,2,B,-0.7741123495481506,R+1
Gardner,3,A,8.327746493438948,D+8
Gardner,3,B,7.19489152496754,D+7
Gardner,4,A,10.248172285254665,D+10
Gardner,4,B,9.967080212649183,D+10
Gardner,5,A,5.566182070171122,D+6
Gardner,5,B,-0.6242833426196137,R+1
Georgetown,-,1,-2.245494477918464,R+2
Georgetown,-,2,-3.717806887730873,R+4
Georgetown,-,3,-1.6219824323850884,R+2
Gill,-,1,20.765202278376883,D+21
Gloucester,1,1,14.351397581952874,D+14
Gloucester,1,2,11.79580470797027,D+12
Gloucester,2,1,14.328877248807093,D+14
Gloucester,2,2,19.774047381803538,D+20
Gloucester,3,1,14.341141656060262,D+14
Gloucester,3,2,11.655594990829442,D+12
Gloucester,4,1,10.113702188937479,D+10
Gloucester,4,2,17.83337912974727,D+18
Gloucester,5,1,8.87504607454266,D+9
Gloucester,5,2,6.908488080966125,D+7
Goshen,-,1,13.336527666603681,D+13
Gosnold,-,1,5.897165227241241,D+6
Grafton,-,1,3.0879289465992943,D+3
Grafton,-,2,3.6791319477998075,D+4
Grafton,-,3,4.378417580386518,D+4
Grafton,-,4,2.803768564637732,D+3
Grafton,-,5,4.166697337214176,D+4
Granby,-,1,4.138293443215735,D+4
Granby,-,2,-4.006513708144254,R+4
Granville,-,1,-11.126640644464747,R+11
Great Barrington,-,A,31.62717208245047,D+32
Great Barrington,-,B,29.158875961837005,D+29
Great Barrington,-,C,34.96324911528358,D+35
Great Barrington,-,D,31.609062691716026,D+32
Greenfield,-,1,18.14368642144376,D+18
Greenfield,-,2,17.39458890991672,D+17
Greenfield,-,3,22.859780628235924,D+23
Greenfield,-,4,23.8972587463659,D+24
Greenfield,-,5,29.40703030671987,D+29
Greenfield,-,6,31.582346750914603,D+32
Greenfield,-,7,18.099284289825423,D+18
Greenfield,-,8,27.87854996159178,D+28
Greenfield,-,9,18.82484359813291,D+19
Groton,-,1,9.04850118588617,D+9
Groton,-,2,5.276687962928362,D+5
Groton,-,3,8.221775958416977,D+8
Groveland,-,1,-3.9523040486717287,R+4
Groveland,-,2,-3.862965514684041,R+4
Hadley,-,1,19.402077810513884,D+19
Halifax,-,1,-6.936131343453317,R+7
Halifax,-,2,-4.080215293314771,R+4
Hamilton,-,1,5.091238818905197,D+5
Hamilton,-,2,3.4647327948088114,D+3
Hamilton,-,3,7.140229483550531,D+7
Hampden,-,1,-8.040189849354345,R+8
Hancock,-,1,6.542727223778167,D+7
Hanover,-,1,-8.70363455212997,R+9
Hanover,-,2,-7.333746292643667,R+7
Hanover,-,3,-4.916669492610387,R+5
Hanover,-,4,-10.563548568497938,R+11
Hanson,-,1,-8.375082271821599,R+8
Hanson,-,2,-5.245604973870827,R+5
Hanson,-,3,-7.113127830370431,R+7
Hardwick,-,1,-1.3585887599615099,R+1
Harvard,-,1,15.996825683890014,D+16
Harwich,-,1,5.457069959559768,D+5
Harwich,-,2,4.58162234409063,D+5
Harwich,-,3,2.7455547126170265,D+3
Harwich,-,4,7.255482307207806,D+7
Hatfield,-,1,15.553982287709411,D+16
Haverhill,1,1,20.034500236669274,D+20
Haverhill,1,2,16.892251222327236,D+17
Haverhill,1,3,10.222876480663334,D+10
Haverhill,2,1,6.928332616157629,D+7
Haverhill,2,2,0.47723767952939644,EVEN
Haverhill,2,3,17.381251444897615,D+17
Haverhill,3,1,31.335745277471773,D+31
Haverhill,3,2,15.874059219679271,D+16
Haverhill,3,3,13.225744978501409,D+13
Haverhill,4,1,-1.4855818789242137,R+1
Haverhill,4,2,-3.4744080166470406,R+3
Haverhill,4,3,-0.06946915958858657,EVEN
Haverhill,5,1,7.71378549890801,D+8
Haverhill,5,2,-2.5588892524352866,R+3
Haverhill,5,3,-6.596225526710898,R+7
Haverhill,6,1,3.9375548350172984,D+4
Haverhill,6,2,6.041560770789022,D+6
Haverhill,6,3,2.6060823311055747,D+3
Haverhill,7,1,2.9072713882907997,D+3
Haverhill,7,2,4.831773993310684,D+5
Haverhill,7,3,-3.735756202746204,R+4
Hawley,-,1,12.200996531072539,D+12
Heath,-,1,13.56135115229673,D+14
Hingham,-,1,6.2683381079017835,D+6
Hingham,-,2,4.577175592804017,D+5
Hingham,-,3,6.12219135834472,D+6
Hingham,-,4,2.0016741826372364,D+2
Hingham,-,5,-0.8859165558405491,R+1
Hingham,-,5A,14.779993838985517,D+15
Hingham,-,6,2.303834330449417,D+2
Hinsdale,-,1,14.049786875438109,D+14
Holbrook,-,1,7.529941991944122,D+8
Holbrook,-,2,0.820000684057276,D+1
Holbrook,-,3,1.675064898129841,D+2
Holbrook,-,4,5.480236670777794,D+5
Holden,-,1,-1.844443559383624,R+2
Holden,-,2,1.802921675605118,D+2
Holden,-,3,2.2625326900419185,D+2
Holden,-,4,-0.528241444067068,R+1
Holden,-,5,-0.02219980491608986,EVEN
Holland,-,1,-8.435993597443009,R+8
Holliston,-,1,7.752729143508031,D+8
Holliston,-,2,12.520475226332117,D+13
Holliston,-,3,13.070729080295674,D+13
Holliston,-,4,8.887611623759739,D+9
Holyoke,1,A,43.2074621012965,D+43
Holyoke,1,B,38.34602165857365,D+38
Holyoke,2,A,34.228823439782666,D+34
Holyoke,2,B,40.680301657084264,D+41
Holyoke,3,A,27.919052761737294,D+28
Holyoke,3,B,14.199760018039298,D+14
Holyoke,4,A,37.474971702658635,D+37
Holyoke,4,B,32.27569307635733,D+32
Holyoke,5,A,5.395857467868959,D+5
Holyoke,5,B,20.922192232877666,D+21
Holyoke,6,A,26.227596329484427,D+26
Holyoke,6,B,24.125664393633816,D+24
Holyoke,7,A,11.269017118080471,D+11
Holyoke,7,B,22.766808671687834,D+23
Hopedale,-,1,2.7733185741213195,D+3
Hopkinton,-,1,7.545139449152616,D+8
Hopkinton,-,2,4.90084064943952,D+5
Hopkinton,-,3,4.168941016652639,D+4
Hopkinton,-,4,4.731464359666438,D+5
Hubbardston,-,1,-7.1535847359557705,R+7
Hudson,-,1,9.168148418751997,D+9
Hudson,-,2,8.885615028722205,D+9
Hudson,-,3,2.8387165346462018,D+3
Hudson,-,4,4.585559503870806,D+5
Hudson,-,5,7.461782942301431,D+7
Hudson,-,6,11.94534595982233,D+12
Hudson,-,7,13.207782499947818,D+13
Hull,-,1,11.509782180499005,D+12
Hull,-,2,7.369961552978744,D+7
Hull,-,3,7.474915129641868,D+7
Huntington,-,1,-3.3413508553813087,R+3
Ipswich,-,1,13.425262461220822,D+13
Ipswich,-,2,9.497167696590447,D+9
Ipswich,-,3,-2.696277667043706,R+3
Ipswich,-,4,5.831821402403747,D+6
Kingston,-,1,0.15012605323577732,EVEN
Kingston,-,2,-6.453519684419284,R+6
Kingston,-,3,-6.50794480081961,R+7
Kingston,-,4,-2.0702717909447834,R+2
Lakeville,-,1,-7.486995126200519,R+7
Lakeville,-,2,-11.172102484049818,R+11
Lakeville,-,3,-9.158640640005828,R+9
Lancaster,-,1,-2.098362787056629,R+2
Lancaster,-,2,-0.842520668923874,R+1
Lanesborough,-,1,16.057033205032855,D+16
Lawrence,A,1,31.01642215436503,D+31
Lawrence,A,2,40.142321261388105,D+40
Lawrence,A,3,25.818992884494907,D+26
Lawrence,A,4,36.16244808479123,D+36
Lawrence,B,1,37.97150262072757,D+38
Lawrence,B,2,42.77752900333961,D+43
Lawrence,B,3,39.45049979533596,D+39
Lawrence,B,4,44.03034365453732,D+44
Lawrence,C,1,39.672828936491285,D+40
Lawrence,C,2,28.942260884696445,D+29
Lawrence,C,3,44.53937886945488,D+45
Lawrence,C,4,40.919568076424106,D+41
Lawrence,D,1,31.73086182706687,D+32
Lawrence,D,2,42.9462367365917,D+43
Lawrence,D,3,41.530426225465746,D+42
Lawrence,D,4,41.88846160836813,D+42
Lawrence,E,1,14.159227873190138,D+14
Lawrence,E,2,14.184502468513227,D+14
Lawrence,E,3,28.63186371402886,D+29
Lawrence,E,4,31.70969567922026,D+32
Lawrence,F,1,15.320947254597595,D+15
Lawrence,F,2,38.686135008830945,D+39
Lawrence,F,3,37.3403308809332,D+37
Lawrence,F,4,32.900741471598394,D+33
Lee,-,1,21.08585513708835,D+21
Leicester,-,1,-4.698496845177214,R+5
Leicester,-,2,-0.46314244885591327,EVEN
Leicester,-,3,-4.8334202394919865,R+5
Leicester,-,4,-1.7462376693262116,R+2
Lenox,-,1,26.961025259026773,D+27
Leominster,1,A,-3.2327461967878337,R+3
Leominster,1,B,0.302188625197497,EVEN
Leominster,1,C,6.034826252752734,D+6
Leominster,2,A,13.885814780307971,D+14
Leominster,2,B,4.330654582518301,D+4
Leominster,2,C,8.451005958844494,D+8
Leominster,3,A,7.595167577417506,D+8
Leominster,3,B,-0.606032037214066,R+1
Leominster,3,C,-0.1544065757756452,EVEN
Leominster,4,A,-4.03772059086342,R+4
Leominster,4,B,-4.418530215036482,R+4
Leominster,4,C,4.472677184083884,D+4
Leominster,5,A,5.0268185217199886,D+5
Leominster,5,B,3.316906707852285,D+3
Leominster,5,C,9.824856442413132,D+10
Leverett,-,1,32.92419225426827,D+33
Lexington,-,1,23.977972901919784,D+24
Lexington,-,2,28.70789388903373,D+29
Lexington,-,3,26.620637390503976,D+27
Lexington,-,4,25.436189011548038,D+25
Lexington,-,5,20.85707729241646,D+21
Lexington,-,6,22.061766169345276,D+22
Lexington,-,7,23.533021843728598,D+24
Lexington,-,8,24.306110305896723,D+24
Lexington,-,9,21.75222961171739,D+22
Leyden,-,1,20.2111176668889,D+20
Lincoln,-,1,27.739930982804275,D+28
Lincoln,-,2,21.364836493391593,D+21
Littleton,-,1,8.037496479722028,D+8
Littleton,-,2,8.224492554568563,D+8
Littleton,-,3,9.553379762149394,D+10
Longmeadow,-,A,7.931544546713054,D+8
Longmeadow,-,B,6.629538107214483,D+7
Longmeadow,-,C,2.3937735306826524,D+2
Longmeadow,-,D,-0.3382137981930322,EVEN
Longmeadow,-,E,6.281179609290987,D+6
Lowell,1,1,25.82117916533968,D+26
Lowell,1,2,2.7230812286685,D+3
Lowell,1,3,7.63365781739237,D+8
Lowell,10,1,20.74596698803086,D+21
Lowell,10,2,27.783274791639233,D+28
Lowell,10,3,27.54081975133055,D+28
Lowell,11,1,17.284671757168923,D+17
Lowell,11,2,6.49471138153258,D+6
Lowell,11,3,15.116656722274534,D+15
Lowell,2,1,29.988982217441606,D+30
Lowell,2,2,37.01832280521463,D+37
Lowell,2,3,31.07342844698272,D+31
Lowell,3,1,18.302570632646642,D+18
Lowell,3,2,26.184602501649202,D+26
Lowell,3,3,22.79251768597398,D+23
Lowell,4,1,21.5504732808244,D+22
Lowell,4,2,27.18966116157099,D+27
Lowell,4,3,27.385041278099298,D+27
Lowell,5,1,10.191866162207885,D+10
Lowell,5,2,20.573576332223777,D+21
Lowell,5,3,7.2012919345937565,D+7
Lowell,6,1,6.109932320687905,D+6
Lowell,6,2,9.085763140609792,D+9
Lowell,6,3,10.168493347379792,D+10
Lowell,7,1,22.907720999264903,D+23
Lowell,7,2,33.29149504092589,D+33
Lowell,7,3,24.892729576787886,D+25
Lowell,8,1,21.43770576778178,D+21
Lowell,8,2,15.688209092777205,D+16
Lowell,8,3,10.462835861517627,D+10
Lowell,9,1,16.028105790152836,D+16
Lowell,9,2,12.976976873492063,D+13
Lowell,9,3,13.639096602537359,D+14
Ludlow,-,1,2.8778085748979554,D+3
Ludlow,-,2,5.01114544174841,D+5
Ludlow,-,3,-8.126996319817891,R+8
Ludlow,-,4,4.132008845997104,D+4
Ludlow,-,5,-2.7381541338199034,R+3
Ludlow,-,6,-3.1489967133879135,R+3
Lunenburg,-,A,-3.436093651472183,R+3
Lunenburg,-,B,1.9195543589697772,D+2
Lunenburg,-,C,-4.6479801802894904,R+5
Lunenburg,-,D,-1.9956071485339677,R+2
Lynn,1,1,1.0554781536339708,D+1
Lynn,1,2,4.199789337619797,D+4
Lynn,1,3,9.731898837255748,D+10
Lynn,1,4,13.16864714743511,D+13
Lynn,2,1,9.222142234984442,D+9
Lynn,2,2,25.079214203810764,D+25
Lynn,2,3,33.95058765335739,D+34
Lynn,2,4,28.3928334538861,D+28
Lynn,3,1,17.101968879261786,D+17
Lynn,3,2,26.174523004599017,D+26
Lynn,3,3,24.191068314958763,D+24
Lynn,3,4,25.41880209376126,D+25
Lynn,4,1,35.491759821835835,D+35
Lynn,4,2,35.21596605766998,D+35
Lynn,4,3,30.35608088334,D+30
Lynn,4,4,23.52707693445968,D+24
Lynn,5,1,19.479891269774352,D+19
Lynn,5,2,34.682944443701345,D+35
Lynn,5,3,36.87265649253442,D+37
Lynn,5,4,24.324107794808803,D+24
Lynn,6,1,24.81304740155038,D+25
Lynn,6,2,32.71473279480881,D+33
Lynn,6,3,29.330336439455728,D+29
Lynn,6,4,29.476600377569582,D+29
Lynn,7,1,16.2217421406032,D+16
Lynn,7,2,18.987655430911953,D+19
Lynn,7,3,19.541958569525974,D+20
Lynn,7,4,18.560218905919925,D+19
Lynnfield,-,1,-8.271876813142603,R+8
Lynnfield,-,2,-6.23838301941812,R+6
Lynnfield,-,3,-8.429786945910111,R+8
Lynnfield,-,4,-14.006008427557903,R+14
Malden,1,1,27.93188943238345,D+28
Malden,1,2,22.497881966079525,D+22
Malden,2,1,22.750447080523095,D+23
Malden,2,2,14.826372619113348,D+15
Malden,3,1,23.24498972516715,D+23
Malden,3,2,19.726148319922963,D+20
Malden,4,1,25.181007398745436,D+25
Malden,4,2,27.136061466137473,D+27
Malden,5,1,25.113709292155285,D+25
Malden,5,2,16.219601065141,D+16
Malden,6,1,18.924540932420452,D+19
Malden,6,2,18.936896290228113,D+19
Malden,7,1,30.799258733985912,D+31
Malden,7,2,25.43035902949865,D+25
Malden,8,1,17.843380237307947,D+18
Malden,8,2,19.500401037180957,D+20
Manchester-by-the-Sea,-,1,10.889972029258566,D+11
Mansfield,-,1,-1.464008297827768,R+1
Mansfield,-,2,1.1760176018434931,D+1
Mansfield,-,3,-0.10801121992415341,EVEN
Mansfield,-,4,0.7911821603226121,D+1
Mansfield,-,5,7.053512436220021,D+7
Mansfield,-,6,8.59148947709043,D+9
Marblehead,-,1,11.594833610939393,D+12
Marblehead,-,2,12.726716658121573,D+13
Marblehead,-,3,11.301686471856698,D+11
Marblehead,-,4,7.042931846941514,D+7
Marblehead,-,5,10.59282154922131,D+11
Marblehead,-,6,9.38340749360399,D+9
Marion,-,1,6.289068008346277,D+6
Marlborough,1,1,13.69372345732548,D+14
Marlborough,1,2,6.046186428894018,D+6
Marlborough,2,1,7.391964602760792,D+7
Marlborough,2,2,11.994654737566835,D+12
Marlborough,3,1,13.838377974500759,D+14
Marlborough,3,2,7.985326987921571,D+8
Marlborough,4,1,11.515580252435932,D+12
Marlborough,4,2,5.8948623108278975,D+6
Marlborough,5,1,17.43435757146158,D+17
Marlborough,5,2,10.304184186498999,D+10
Marlborough,6,1,12.561881686044284,D+13
Marlborough,6,2,5.803415509619903,D+6
Marlborough,7,1,10.919768766031822,D+11
Marlborough,7,2,7.395751524822513,D+7
Marshfield,-,1,-0.5077099889371106,R+1
Marshfield,-,2,-3.8219566249864165,R+4
Marshfield,-,3,0.35359460324165815,EVEN
Marshfield,-,4,-1.6728704075929968,R+2
Marshfield,-,5,-3.4812131511371414,R+3
Marshfield,-,6,-4.272769910233393,R+4
Marshfield,-,7,-5.348052593319047,R+5
Mashpee,-,1,4.230883355406778,D+4
Mashpee,-,2,-0.9106781190636459,R+1
Mashpee,-,3,0.9112713957511787,D+1
Mashpee,-,4,5.848280862202271,D+6
Mashpee,-,5,-6.2667250057027,R+6
Mattapoisett,-,1,1.5957109863660057,D+2
Maynard,-,1,13.432885661050841,D+13
Maynard,-,2,18.695946667641174,D+19
Maynard,-,3,15.24807196176715,D+15
Maynard,-,4,14.461810954049126,D+14
Medfield,-,1,6.236161366237381,D+6
Medfield,-,2,3.484585318915445,D+3
Medfield,-,3,4.083625302952132,D+4
Medfield,-,4,2.5837594732022406,D+3
Medford,1,1,18.20631933327035,D+18
Medford,1,2,18.55338020687629,D+19
Medford,2,1,12.84867890763508,D+13
Medford,2,2,9.993128502738669,D+10
Medford,3,1,13.063002263288414,D+13
Medford,3,2,10.111563010985636,D+10
Medford,4,1,32.01007542919535,D+32
Medford,4,2,24.064205785586147,D+24
Medford,5,1,27.06143090801636,D+27
Medford,5,2,29.384193562178318,D+29
Medford,6,1,29.641752878881668,D+30
Medford,6,2,17.4954656553289,D+17
Medford,7,1,25.143336196778364,D+25
Medford,7,2,18.592475998215296,D+19
Medford,8,1,17.802447658307287,D+18
Medford,8,2,19.09306711608919,D+19
Medway,-,1,-0.8607804016721343,R+1
Medway,-,2,4.675559005635021,D+5
Medway,-,3,4.218701048777063,D+4
Medway,-,4,2.2058578630775094,D+2
Melrose,1,1,16.6157081976926,D+17
Melrose,1,2,18.222613105452933,D+18
Melrose,2,1,9.131399461475475,D+9
Melrose,2,2,13.46700242712837,D+13
Melrose,3,1,17.211966083874763,D+17
Melrose,3,2,15.180132404945256,D+15
Melrose,4,1,17.205473535549544,D+17
Melrose,4,2,-0.35762249461235296,EVEN
Melrose,5,1,18.63929638583125,D+19
Melrose,5,2,16.95788347974031,D+17
Melrose,6,1,17.763408616289922,D+18
Melrose,6,2,8.665693913201123,D+9
Melrose,7,1,11.523231182648509,D+12
Melrose,7,2,11.68824125429233,D+12
Mendon,-,1,-5.206383710045564,R+5
Merrimac,-,1,2.2908197513305417,D+2
Merrimac,-,2,1.2067585362749544,D+1
Methuen,-,1,1.8674324573509926,D+2
Methuen,-,10,5.443753773829785,D+5
Methuen,-,11,-6.933900462594384,R+7
Methuen,-,12,-4.688661112192799,R+5
Methuen,-,2,31.737294326258215,D+32
Methuen,-,3,3.0022291473037033,D+3
Methuen,-,4,3.7064334354611095,D+4
Methuen,-,5,11.712596042672052,D+12
Methuen,-,6,6.988458629606697,D+7
Methuen,-,7,-0.8142957910753368,R+1
Methuen,-,8,-10.029176396774803,R+10
Methuen,-,9,-8.113213973252032,R+8
Middleborough,-,1,-7.841206993637084,R+8
Middleborough,-,2,-2.8149176421449984,R+3
Middleborough,-,3,-8.980522679643748,R+9
Middleborough,-,4,-3.5941892005042164,R+4
Middleborough,-,5,-10.177242513833168,R+10
Middleborough,-,6,-7.920106855336967,R+8
Middlefield,-,1,13.492055199180387,D+13
Middleton,-,1,-8.145869717433051,R+8
Middleton,-,2,-8.125403259612963,R+8
Milford,-,1,9.491085083297012,D+9
Milford,-,2,8.484739463698432,D+8
Milford,-,3,2.6031317093271222,D+3
Milford,-,4,12.404367425468067,D+12
Milford,-,5,2.214431372093595,D+2
Milford,-,6,7.52887906069043,D+8
Milford,-,7,2.0867371521072764,D+2
Milford,-,8,6.592675193036445,D+7
Millbury,-,1,-1.1639401144582284,R+1
Millbury,-,2,-5.095638722219059,R+5
Millbury,-,3,-1.5502957594442757,R+2
Millbury,-,4,0.46070730000840054,EVEN
Millis,-,1,3.3267564478968503,D+3
Millis,-,2,4.434389786893245,D+4
Millis,-,3,2.674577354394303,D+3
Millville,-,1,-7.248609345217616,R+7
Milton,-,1,32.899770241894444,D+33
Milton,-,10,28.83897126304206,D+29
Milton,-,2,28.36116898122367,D+28
Milton,-,3,14.034127812602403,D+14
Milton,-,4,22.109121193295568,D+22
Milton,-,5,13.124623334292785,D+13
Milton,-,6,3.1867098468829513,D+3
Milton,-,7,6.09298062958562,D+6
Milton,-,8,4.654053183158324,D+5
Milton,-,9,-2.4321963629899135,R+2
Monroe,-,1,3.2724251025011197,D+3
Monson,-,A,-3.0333285375845676,R+3
Monson,-,B,-3.8281666134752146,R+4
Monson,-,C,-1.2723860274835186,R+1
Montague,-,1,28.963347753257562,D+29
Montague,-,2,21.24039819404835,D+21
Montague,-,3,19.19270214346781,D+19
Montague,-,4,21.269265372712486,D+21
Montague,-,5,33.16074956629728,D+33
Montague,-,6,20.762571065425295,D+21
Monterey,-,1,30.362971542362626,D+30
Montgomery,-,1,-8.51678671237805,R+9
Mount Washington,-,1,29.17539269328596,D+29
N. Adams,1,1,21.43300745799872,D+21
N. Adams,2,2,25.346972177048187,D+25
N. Adams,3,3,27.497866961022822,D+27
N. Adams,4,4,19.327477892848023,D+19
N. Adams,5,5,25.612898145482287,D+26
N. Andover,-,1,5.278943627656796,D+5
N. Andover,-,2,2.4107613080470935,D+2
N. Andover,-,3,3.829539661761594,D+4
N. Andover,-,4,0.9306792485429538,D+1
N. Andover,-,5,2.218377109677616,D+2
N. Andover,-,6,-7.190521042263209,R+7
N. Andover,-,7,3.2247642660912623,D+3
N. Andover,-,8,-5.95615655369171,R+6
N. Attleborough,-,1,2.011550792376704,D+2
N. Attleborough,-,2,-2.6065815640015533,R+3
N. Attleborough,-,3,-8.36804005752993,R+8
N. Attleborough,-,4,4.757454950015882,D+5
N. Attleborough,-,5,-0.662449250078978,R+1
N. Attleborough,-,6,-2.470818140742126,R+2
N. Attleborough,-,7,-2.8318636395509964,R+3
N. Attleborough,-,8,-3.341776610983965,R+3
N. Attleborough,-,9,-3.218558975764757,R+3
N. Brookfield,-,1,-9.373337833959495,R+9
N. Reading,-,1,-5.065912742362016,R+5
N. Reading,-,2,-0.10452524520132567,EVEN
N. Reading,-,3,-2.6495060041590577,R+3
N. Reading,-,4,-2.342635865641501,R+2
Nahant,-,1,9.160695319903612,D+9
Nantucket,-,1,14.628150463825818,D+15
Natick,-,1,23.376670172499615,D+23
Natick,-,10,14.293201586905802,D+14
Natick,-,2,16.455264094124956,D+16
Natick,-,3,14.835489974965466,D+15
Natick,-,4,18.259802589878603,D+18
Natick,-,5,11.740232269046446,D+12
Natick,-,6,14.115474145714902,D+14
Natick,-,7,19.792490243841744,D+20
Natick,-,8,18.59670155322518,D+19
Natick,-,9,18.70850597975846,D+19
Needham,-,A,14.588511296437467,D+15
Needham,-,B,14.746897834737826,D+15
Needham,-,C,15.907947704535076,D+16
Needham,-,D,16.743829833800305,D+17
Needham,-,E,15.583376862605414,D+16
Needham,-,F,19.917920617898986,D+20
Needham,-,G,19.030651226677286,D+19
Needham,-,H,14.582780467907563,D+15
Needham,-,I,21.3095603810157,D+21
Needham,-,J,18.29105013363719,D+18
New Ashford,-,1,20.938600390627627,D+21
New Bedford,1,A,9.406916948984401,D+9
New Bedford,1,B,11.488091102433307,D+11
New Bedford,1,C,12.715510918419303,D+13
New Bedford,1,D,6.851968672342224,D+7
New Bedford,1,E,14.41635305952811,D+14
New Bedford,1,F,9.67812191614772,D+10
New Bedford,2,A,29.522001517275765,D+30
New Bedford,2,B,22.182231037957088,D+22
New Bedford,2,C,20.18190451198052,D+20
New Bedford,2,D,14.001817193785794,D+14
New Bedford,2,E,14.626075512729763,D+15
New Bedford,2,F,16.85182956900235,D+17
New Bedford,3,A,28.799049412311263,D+29
New Bedford,3,B,32.083496756089524,D+32
New Bedford,3,C,27.391014846090854,D+27
New Bedford,3,D,25.309516509821528,D+25
New Bedford,3,E,19.26508459779913,D+19
New Bedford,3,F,19.023569687130482,D+19
New Bedford,4,A,40.10055810939059,D+40
New Bedford,4,B,32.514663446681205,D+33
New Bedford,4,C,31.37239487732354,D+31
New Bedford,4,D,26.632935559785764,D+27
New Bedford,4,E,21.142983244179693,D+21
New Bedford,4,F,31.760187340263357,D+32
New Bedford,5,A,24.910128940419085,D+25
New Bedford,5,B,26.861055573154058,D+27
New Bedford,5,C,19.647409085758284,D+20
New Bedford,5,D,24.940542825878488,D+25
New Bedford,5,E,14.078385663363635,D+14
New Bedford,5,F,17.53235984562913,D+18
New Bedford,6,A,14.878395033897995,D+15
New Bedford,6,B,17.58395943283244,D+18
New Bedford,6,C,30.436844348593674,D+30
New Bedford,6,D,27.608530818958087,D+28
New Bedford,6,E,28.397562349804605,D+28
New Bedford,6,F,23.10145670498054,D+23
New Braintree,-,1,-3.9162195861435767,R+4
New Marlborough,-,1,19.749999252489058,D+20
New Salem,-,1,11.948375588796434,D+12
Newbury,-,1,6.981344867808337,D+7
Newbury,-,2,0.8822130365568337,D+1
Newburyport,1,1,19.898424551081206,D+20
Newburyport,1,P,6.03723548009345,D+6
Newburyport,2,1,23.568582144019558,D+24
Newburyport,3,1,17.96203469767731,D+18
Newburyport,4,1,16.152249015935205,D+16
Newburyport,5,1,5.566552137292047,D+6
Newburyport,6,1,8.004112948348752,D+8
Newton,1,1,16.993238187720983,D+17
Newton,1,2,29.12830753615736,D+29
Newton,1,3,32.24251057258658,D+32
Newton,1,4,14.675453682054652,D+15
Newton,2,1,24.233012554611,D+24
Newton,2,2,28.474389965257863,D+28
Newton,2,3,31.582813975620617,D+32
Newton,2,4,31.54357355517029,D+32
Newton,3,1,24.280659687759197,D+24
Newton,3,2,29.25988104278724,D+29
Newton,3,3,20.06073417364369,D+20
Newton,3,4,20.66418634672138,D+21
Newton,4,1,24.56155579027023,D+25
Newton,4,2,31.66693578458064,D+32
Newton,4,3,27.38039544541122,D+27
Newton,4,4,22.04963845518616,D+22
Newton,5,1,25.18080143755451,D+25
Newton,5,2,33.31214230509979,D+33
Newton,5,3,30.483294279727602,D+30
Newton,5,4,30.666137947033633,D+31
Newton,6,1,23.559934622683897,D+24
Newton,6,2,32.14841647849249,D+32
Newton,6,3,36.06235853676445,D+36
Newton,6,4,33.209984528302925,D+33
Newton,7,1,22.423854672174436,D+22
Newton,7,2,26.859794523203874,D+27
Newton,7,3,27.435321030102923,D+27
Newton,7,4,21.38843299737464,D+21
Newton,8,1,16.667497771767337,D+17
Newton,8,2,14.420084075176497,D+14
Newton,8,3,21.006115462773757,D+21
Newton,8,4,19.987575434402714,D+20
Norfolk,-,1,-3.739926107021474,R+4
Norfolk,-,2,-1.1161827435535399,R+1
Norfolk,-,3,-4.102259441604916,R+4
Northampton,1,A,37.00405863750543,D+37
Northampton,1,B,33.332902454724746,D+33
Northampton,2,A,42.66641346707771,D+43
Northampton,2,B,43.14775937967589,D+43
Northampton,3,A,38.851749024521666,D+39
Northampton,3,B,39.45654353184247,D+39
Northampton,4,A,41.60532236396981,D+42
Northampton,4,B,39.1779927277911,D+39
Northampton,5,A,35.36553962917046,D+35
Northampton,5,B,36.66072388612284,D+37
Northampton,6,A,24.708982062897476,D+25
Northampton,6,B,27.715225891455752,D+28
Northampton,7,A,31.7165665356401,D+32
Northampton,7,B,29.555944789810884,D+30
Northborough,-,1,7.0870605857826785,D+7
Northborough,-,2,6.703661734046706,D+7
Northborough,-,3,7.570851341653928,D+8
Northborough,-,4,5.26903281924076,D+5
Northbridge,-,1,-4.607443218070184,R+5
Northbridge,-,2,-2.8909719031777694,R+3
Northbridge,-,3,-4.361420581298741,R+4
Northbridge,-,4,-9.819360800086018,R+10
Northfield,-,1,16.34352067359669,D+16
Norton,-,1,-2.623039148176942,R+3
Norton,-,2,-2.980649655945861,R+3
Norton,-,3,3.496015380835915,D+3
Norton,-,4,-1.3784454592424167,R+1
Norton,-,5,-2.665331171076052,R+3
Norwell,-,1,-3.2637557239900805,R+3
Norwell,-,2,-4.506483546881074,R+5
Norwell,-,3,-3.014140444627811,R+3
Norwood,-,1,7.264846528104229,D+7
Norwood,-,2,7.8903362167458635,D+8
Norwood,-,3,8.24475657602165,D+8
Norwood,-,4,3.954823849977529,D+4
Norwood,-,5,15.05184496664651,D+15
Norwood,-,6,8.283463912633582,D+8
Norwood,-,7,5.7316138237477166,D+6
Norwood,-,8,10.424631128612816,D+10
Norwood,-,9,1.189490747782529,D+1
Oak Bluffs,-,1,21.07676636024355,D+21
Oakham,-,1,-8.351369675456516,R+8
Orange,-,1,0.47131174217722727,EVEN
Orange,-,2,3.3691913935349205,D+3
Orleans,-,1,8.63080360555728,D+9
Otis,-,1,4.596520470220645,D+5
Oxford,-,1,-5.312633841022213,R+5
Oxford,-,2,-5.958344128268117,R+6
Oxford,-,3,-4.612659039438604,R+5
Oxford,-,4,-5.549627518507122,R+6
Palmer,-,1,-2.1417872961692064,R+2
Palmer,-,1A,-4.223439248201943,R+4
Palmer,-,2,-4.617573103225181,R+5
Palmer,-,3,3.3834667554589304,D+3
Palmer,-,4,-2.4814638656735664,R+2
Paxton,-,1,-3.802424067936289,R+4
Peabody,1,1,6.723882151881011,D+7
Peabody,1,2,-1.6511420603476268,R+2
Peabody,1,3,0.7857870026554692,D+1
Peabody,2,1,18.874798032460248,D+19
Peabody,2,2,16.24933364506861,D+16
Peabody,2,3,2.908764033187383,D+3
Peabody,3,1,20.68396976418011,D+21
Peabody,3,2,13.950729499915893,D+14
Peabody,3,3,7.741405489203023,D+8
Peabody,4,1,5.631852360026201,D+6
Peabody,4,2,3.9957875540884813,D+4
Peabody,4,3,4.540066938186693,D+5
Peabody,4,3A,11.903171233247246,D+12
Peabody,5,1,-0.24267026042033013,EVEN
Peabody,5,2,0.2819332266188135,EVEN
Peabody,5,3,1.0413579211139612,D+1
Peabody,6,1,-6.09661958059195,R+6
Peabody,6,2,-4.964009006026016,R+5
Peabody,6,3,-5.7593534844002985,R+6
Pelham,-,1,34.98290395541842,D+35
Pembroke,-,1,-2.9652119300169586,R+3
Pembroke,-,2,-2.5551203463388683,R+3
Pembroke,-,3,-3.1254653282360323,R+3
Pembroke,-,4,-3.2058802017710386,R+3
Pembroke,-,5,-6.039288652912372,R+6
Pepperell,-,1,-5.111024780948769,R+5
Pepperell,-,2,-2.720101328413943,R+3
Pepperell,-,3,-4.759878028022918,R+5
Peru,-,1,11.262997436891231,D+11
Petersham,-,1,5.645233453570331,D+6
Phillipston,-,1,-6.408719009176117,R+6
Pittsfield,1,A,24.439631943172767,D+24
Pittsfield,1,B,24.325564932541955,D+24
Pittsfield,2,A,33.92170410901828,D+34
Pittsfield,2,B,26.095394815714734,D+26
Pittsfield,3,A,28.15616856307077,D+28
Pittsfield,3,B,25.936787824903384,D+26
Pittsfield,4,A,23.67416500082804,D+24
Pittsfield,4,B,20.1447742133954,D+20
Pittsfield,5,A,29.301651058398946,D+29
Pittsfield,5,B,23.9609682499765,D+24
Pittsfield,6,A,26.76661958726164,D+27
Pittsfield,6,B,24.75131200772506,D+25
Pittsfield,7,A,26.78566797015418,D+27
Pittsfield,7,B,24.35972086163458,D+24
Plainfield,-,1,22.789057119133126,D+23
Plainville,-,1,-0.3717033754039645,EVEN
Plainville,-,2,-2.3718638588045793,R+2
Plainville,-,3,-5.281086603184503,R+5
Plymouth,-,1,6.409612005424659,D+6
Plymouth,-,10,-0.9369126801350935,R+1
Plymouth,-,11,-1.765884380679883,R+2
Plymouth,-,12,-3.847549651735199,R+4
Plymouth,-,13,0.22064811236796045,EVEN
Plymouth,-,14,-5.642275494565724,R+6
Plymouth,-,15,0.7161817471048382,D+1
Plymouth,-,2,4.182748460605157,D+4
Plymouth,-,3,8.300048439822527,D+8
Plymouth,-,4,4.946727254642602,D+5
Plymouth,-,5,-2.7218656230599714,R+3
Plymouth,-,6,3.028030145152283,D+3
Plymouth,-,7,0.36572794663325414,EVEN
Plymouth,-,8,-1.9484903456870595,R+2
Plymouth,-,9,-4.012000918790715,R+4
Plympton,-,1,-6.143700940130953,R+6
Princeton,-,1,1.3531102401482809,D+1
Provincetown,-,1,39.419071682495456,D+39
Quincy,1,1,13.342212374738793,D+13
Quincy,1,2,18.63771082192428,D+19
Quincy,1,3,15.329296802229953,D+15
Quincy,1,4,3.1620188073348987,D+3
Quincy,1,5,5.104146383757213,D+5
Quincy,2,1,12.230141834778918,D+12
Quincy,2,2,16.54134891611767,D+17
Quincy,2,3,19.546040422637812,D+20
Quincy,2,3A,-1.3048524586474097,R+1
Quincy,2,4,16.281346503388015,D+16
Quincy,2,5,13.228369158445174,D+13
Quincy,3,1,13.252038669217992,D+13
Quincy,3,2,15.50148624044434,D+16
Quincy,3,3,17.916568877831697,D+18
Quincy,3,4,6.444140774216789,D+6
Quincy,3,5,20.246130587767297,D+20
Quincy,4,1,14.306502573586455,D+14
Quincy,4,2,9.741601578896075,D+10
Quincy,4,3,4.343327044010081,D+4
Quincy,4,4,22.00233725163332,D+22
Quincy,4,5,15.37589823898159,D+15
Quincy,5,1,18.95584202427536,D+19
Quincy,5,2,18.629341848306748,D+19
Quincy,5,3,13.865726407299938,D+14
Quincy,5,4,11.130845751619434,D+11
Quincy,5,5,10.890249794458295,D+11
Quincy,6,1,15.444708274988617,D+15
Quincy,6,2,17.354836676711482,D+17
Quincy,6,3,8.719945991198475,D+9
Quincy,6,4,18.668467939121204,D+19
Quincy,6,5,1.644233733901912,D+2
Randolph,-,1,25.857077292416463,D+26
Randolph,-,10,24.58930026885725,D+25
Randolph,-,11,21.853349455193282,D+22
Randolph,-,12,21.620391350235614,D+22
Randolph,-,2,31.702238323336008,D+32
Randolph,-,3,26.075390293734458,D+26
Randolph,-,4,25.10565943573545,D+25
Randolph,-,5,22.573055119775788,D+23
Randolph,-,6,26.564643588742797,D+27
Randolph,-,7,24.764851889687723,D+25
Randolph,-,8,30.86101042179601,D+31
Randolph,-,9,31.147659624077097,D+31
Raynham,-,1,-4.284296959395589,R+4
Raynham,-,1A,-2.6883070374763065,R+3
Raynham,-,2,-6.219717432907523,R+6
Raynham,-,2A,-14.675763072959786,R+15
Raynham,-,3,-5.016919906722545,R+5
Raynham,-,4,-2.2313931131815066,R+2
Reading,-,1,2.078302116342734,D+2
Reading,-,2,7.177946874439501,D+7
Reading,-,3,4.612603140375371,D+5
Reading,-,4,6.465299206590169,D+6
Reading,-,5,12.351208323334728,D+12
Reading,-,6,7.047743016874364,D+7
Reading,-,7,7.257105676164743,D+7
Reading,-,8,2.3325246372841946,D+2
Rehoboth,-,1,-7.389107622789997,R+7
Rehoboth,-,2,-5.427339793538854,R+5
Rehoboth,-,3,-5.318925515311901,R+5
Revere,1,1,16.81916317455564,D+17
Revere,1,2,17.446456032406722,D+17
Revere,1,3,17.695502025578037,D+18
Revere,2,1,24.725660837848483,D+25
Revere,2,2,23.185403185870257,D+23
Revere,2,3,34.27740497111734,D+34
Revere,2,3A,20.595880335792415,D+21
Revere,3,1,9.692204787015335,D+10
Revere,3,2,16.496700826776834,D+16
Revere,3,3,13.316458609101467,D+13
Revere,4,1,11.473420494854537,D+11
Revere,4,2,15.588020466041685,D+16
Revere,4,3,9.999932116267674,D+10
Revere,5,1,5.670696350855186,D+6
Revere,5,1A,10.119537065271444,D+10
Revere,5,2,11.221331035278014,D+11
Revere,5,2A,24.585809027992667,D+25
Revere,5,3,12.535444691607655,D+13
Revere,6,1,0.6195612066204559,D+1
Revere,6,2,1.589732794808807,D+2
Revere,6,3,19.11299209853029,D+19
Richmond,-,1,24.408637864927474,D+24
Rochester,-,1,-7.302942338664742,R+7
Rockland,-,1,1.4846479107082478,D+1
Rockland,-,2,0.46352140777065065,EVEN
Rockland,-,3,2.9856504736212264,D+3
Rockland,-,4,2.545587104496072,D+3
Rockland,-,5,-1.254831705356152,R+1
Rockland,-,6,-3.344425066222251,R+3
Rockport,-,1,16.349513534275705,D+16
Rockport,-,2,16.04449431591741,D+16
Rockport,-,3,13.786228624779218,D+14
Rowe,-,1,6.301377386420281,D+6
Rowley,-,1,-4.876198961851685,R+5
Royalston,-,1,2.962777123361615,D+3
Royalston,-,2,3.027470437394353,D+3
Russell,-,1,-8.062682348794326,R+8
Rutland,-,1,-6.665274232598079,R+7
Rutland,-,2,-7.046948679360327,R+7
Rutland,-,3,-0.7042422744432675,R+1
S. Hadley,-,A,13.19832125521505,D+13
S. Hadley,-,B,9.841817248816342,D+10
S. Hadley,-,C,4.729446370534673,D+5
S. Hadley,-,D,18.55586784037633,D+19
S. Hadley,-,E,9.223895098473733,D+9
Salem,1,1,20.51533591337309,D+21
Salem,1,2,40.78626848767023,D+41
Salem,2,1,25.330864812082098,D+25
Salem,2,2,28.4176324121182,D+28
Salem,3,1,22.52847781472913,D+23
Salem,3,2,13.992112434647098,D+14
Salem,4,1,13.471896118591042,D+13
Salem,4,2,7.636532931701345,D+8
Salem,5,1,21.47227625167991,D+21
Salem,5,2,26.59468525122719,D+27
Salem,6,1,16.97728913737159,D+17
Salem,6,2,17.73635646703946,D+18
Salem,7,1,20.543800920470645,D+21
Salem,7,2,15.777657964876834,D+16
Salisbury,-,1,3.163853822530238,D+3
Salisbury,-,2,0.49725312001206445,EVEN
Salisbury,-,3,-5.450929855793602,R+5
Sandisfield,-,1,9.899710373284144,D+10
Sandwich,-,1,3.5311044762247334,D+4
Sandwich,-,2,-0.8329563760113068,R+1
Sandwich,-,3,-3.144051679144205,R+3
Sandwich,-,4,-3.8302258206915685,R+4
Sandwich,-,5,-4.381011886042257,R+4
Sandwich,-,6,-8.327094924683188,R+8
Saugus,-,1,0.9734842533852373,D+1
Saugus,-,10,0.2661739477311409,EVEN
Saugus,-,2,0.7783083206214236,D+1
Saugus,-,3,-0.404897951234906,EVEN
Saugus,-,4,-4.139223604060794,R+4
Saugus,-,5,-7.39894912968167,R+7
Saugus,-,6,0.5998980380319763,D+1
Saugus,-,7,-9.095751076158937,R+9
Saugus,-,8,0.13319350525013984,EVEN
Saugus,-,9,-4.828680378843886,R+5
Savoy,-,1,9.969797917818934,D+10
Scituate,-,1,0.06326528956771549,EVEN
Scituate,-,2,-0.3328894694440976,EVEN
Scituate,-,3,4.9298995066548335,D+5
Scituate,-,4,0.44493081461078887,EVEN
Scituate,-,5,6.271219875622435,D+6
Scituate,-,6,5.924070988863772,D+6
Seekonk,-,1,-2.0190463742293274,R+2
Seekonk,-,2,0.00747432237582224,EVEN
Seekonk,-,3,1.2087256752597142,D+1
Seekonk,-,4,1.4865570813225149,D+1
Sharon,-,1,20.678880081630513,D+21
Sharon,-,2,15.348866406499829,D+15
Sharon,-,3,17.230951242555914,D+17
Sharon,-,4,20.54796291618607,D+21
Sharon,-,5,14.439042715552175,D+14
Sheffield,-,1,19.496701387069038,D+19
Shelburne,-,1,27.255430469227417,D+27
Sherborn,-,1,12.606650275374886,D+13
Shirley,-,1,0.7248048550773989,D+1
Shrewsbury,-,1,2.8924294504847348,D+3
Shrewsbury,-,10,7.184505198791735,D+7
Shrewsbury,-,2,7.574649162789693,D+8
Shrewsbury,-,3,8.672705065172758,D+9
Shrewsbury,-,4,5.590763419072642,D+6
Shrewsbury,-,5,9.511617830133146,D+10
Shrewsbury,-,6,8.911898086264758,D+9
Shrewsbury,-,7,0.6539156559654424,D+1
Shrewsbury,-,8,4.1497946406698905,D+4
Shrewsbury,-,9,9.43198336601977,D+9
Shutesbury,-,1,35.54192273409762,D+36
Somerset,-,1,4.7900339996280845,D+5
Somerset,-,2,4.816602401711966,D+5
Somerset,-,3,7.574849623046442,D+8
Somerset,-,4,6.324450011332239,D+6
Somerset,-,5,4.700495892758694,D+5
Somerville,1,1,32.07271197954428,D+32
Somerville,1,2,29.078799199664218,D+29
Somerville,1,3,32.01070727787084,D+32
Somerville,2,1,40.242167107019014,D+40
Somerville,2,2,39.7757084045649,D+40
Somerville,2,3,37.914274079212475,D+38
Somerville,3,1,38.30848279480881,D+38
Somerville,3,2,35.63992139497645,D+36
Somerville,3,3,37.0778341254127,D+37
Somerville,4,1,28.600896190884097,D+29
Somerville,4,2,34.114788995633084,D+34
Somerville,4,3,32.78291461299062,D+33
Somerville,5,1,33.186570602724665,D+33
Somerville,5,2,36.69397977501955,D+37
Somerville,5,3,37.7932699650726,D+38
Somerville,6,1,39.510513764288156,D+40
Somerville,6,2,38.35426209356001,D+38
Somerville,6,3,37.29934549543687,D+37
Somerville,7,1,36.67884705309014,D+37
Somerville,7,2,37.03446924728142,D+37
Somerville,7,3,30.528889001224425,D+31
Southampton,-,1,0.8443033113497256,D+1
Southborough,-,1,6.802302698215012,D+7
Southborough,-,2,5.308308213803226,D+5
Southborough,-,3,7.35574617913003,D+7
Southbridge,-,1,11.548129887387226,D+12
Southbridge,-,2,15.864644805367545,D+16
Southbridge,-,3,6.205944462722046,D+6
Southbridge,-,4,2.2521487996957967,D+2
Southbridge,-,5,22.43733553453483,D+22
Southwick,-,1,-14.536380790937297,R+15
Southwick,-,2,-9.301224651999702,R+9
Southwick,-,3,-8.532171229958996,R+9
Spencer,-,1,-4.992516275823161,R+5
Spencer,-,2,-5.093161942033298,R+5
Spencer,-,3,-8.541636631942783,R+9
Spencer,-,4,-5.026936825893069,R+5
Springfield,1,A,46.162769355404606,D+46
Springfield,1,B,42.431945909562906,D+42
Springfield,1,C,41.97779092454764,D+42
Springfield,1,D,41.07115549831889,D+41
Springfield,1,E,41.9304598928229,D+42
Springfield,1,F,42.09481721537672,D+42
Springfield,1,G,39.227785003644144,D+39
Springfield,1,H,40.23025966152199,D+40
Springfield,2,A,35.39330422338024,D+35
Springfield,2,B,27.311802828158015,D+27
Springfield,2,C,32.43013532308559,D+32
Springfield,2,D,26.194695140155766,D+26
Springfield,2,E,23.126346221988015,D+23
Springfield,2,F,31.178195340644322,D+31
Springfield,2,G,20.49664269626352,D+20
Springfield,2,H,23.868588969899996,D+24
Springfield,3,A,37.918158506895026,D+38
Springfield,3,B,41.48034495586057,D+41
Springfield,3,C,39.207357413323564,D+39
Springfield,3,D,42.67960882786666,D+43
Springfield,3,E,40.349061153017765,D+40
Springfield,3,F,34.256099701283624,D+34
Springfield,3,G,38.392043282866965,D+38
Springfield,3,H,35.32320868905453,D+35
Springfield,4,A,39.25662966405375,D+39
Springfield,4,B,43.72484840174522,D+44
Springfield,4,C,46.1667342773885,D+46
Springfield,4,D,44.62395067190378,D+45
Springfield,4,E,44.797068124150115,D+45
Springfield,4,F,39.78548751178994,D+40
Springfield,4,G,42.93796250119913,D+43
Springfield,4,H,45.19274915472701,D+45
Springfield,5,A,40.51729850194272,D+41
Springfield,5,B,31.77181940898204,D+32
Springfield,5,C,24.880917765907075,D+25
Springfield,5,D,14.344950580652727,D+14
Springfield,5,E,32.303116633192644,D+32
Springfield,5,F,25.269876217162913,D+25
Springfield,5,G,9.601970930764347,D+10
Springfield,5,H,12.406259595025372,D+12
Springfield,6,A,31.28596184508814,D+31
Springfield,6,B,21.74059486377432,D+22
Springfield,6,C,22.778801679805895,D+23
Springfield,6,D,11.599194059278972,D+12
Springfield,6,E,32.69492711468922,D+33
Springfield,6,F,32.58946702585062,D+33
Springfield,6,G,24.813010897472875,D+25
Springfield,6,H,15.147541511515827,D+15
Springfield,7,A,14.29313516167271,D+14
Springfield,7,B,11.770054923660345,D+12
Springfield,7,C,11.538417005335122,D+12
Springfield,7,D,11.870189050688396,D+12
Springfield,7,E,27.8426129791406,D+28
Springfield,7,F,9.757662087738094,D+10
Springfield,7,G,6.966516385771948,D+7
Springfield,7,H,14.749944062414444,D+15
Springfield,8,A,21.048020615671724,D+21
Springfield,8,B,27.015949546365114,D+27
Springfield,8,C,35.2714102315347,D+35
Springfield,8,D,31.925943365993803,D+32
Springfield,8,E,25.0523379975632,D+25
Springfield,8,F,20.926006460901746,D+21
Springfield,8,G,22.2232273060477,D+22
Springfield,8,H,31.641755069134714,D+32
Sterling,-,1,-4.538800774095786,R+5
Sterling,-,2,-7.100299188133624,R+7
Stockbridge,-,1,28.44798237604834,D+28
Stoneham,-,1,7.547412336148573,D+8
Stoneham,-,2,8.575998441540378,D+9
Stoneham,-,3,3.2015749000719684,D+3
Stoneham,-,4,1.7462257963640204,D+2
Stoneham,-,5,-0.5689502532309487,R+1
Stoneham,-,6,3.083206690391138,D+3
Stoneham,-,7,5.928522330723673,D+6
Stoughton,-,1,12.179403050528858,D+12
Stoughton,-,2,9.377371642001842,D+9
Stoughton,-,3,9.014378184879735,D+9
Stoughton,-,4,2.100640517978314,D+2
Stoughton,-,5,8.931399461475475,D+9
Stoughton,-,6,10.864732794808807,D+11
Stoughton,-,7,12.937979720697811,D+13
Stoughton,-,8,13.946565338252725,D+14
Stow,-,1,8.909898572689634,D+9
Stow,-,2,12.313887541232738,D+12
Sturbridge,-,1,1.4357689249969274,D+1
Sturbridge,-,2,-3.353705321909545,R+3
Sturbridge,-,3,-2.1736976007066087,R+2
Sudbury,-,1,12.855758435834453,D+13
Sudbury,-,1A,8.166225332122234,D+8
Sudbury,-,2,15.574453931113208,D+16
Sudbury,-,3,13.046585436362946,D+13
Sudbury,-,4,18.26045263916678,D+18
Sudbury,-,5,15.289614133804562,D+15
Sunderland,-,1,25.92912025919627,D+26
Sutton,-,1,-9.485510579988382,R+9
Sutton,-,2,-10.134739809937749,R+10
Sutton,-,3,-6.018640126806396,R+6
Swampscott,-,1,8.495836993875683,D+8
Swampscott,-,2,15.191351499844775,D+15
Swampscott,-,3,16.229244939724406,D+16
Swampscott,-,4,15.13139946147547,D+15
Swampscott,-,5,11.393197772454112,D+11
Swampscott,-,6,10.964732794808807,D+11
Swansea,-,1,-1.5502687053412068,R+2
Swansea,-,2,4.504895957657884,D+5
Swansea,-,3,4.544296477837362,D+5
Swansea,-,4,-0.3082733401605142,EVEN
Swansea,-,5,-1.960464055584893,R+2
Taunton,1,A,10.878665561110957,D+11
Taunton,1,B,0.674933722165838,D+1
Taunton,2,A,20.72540176828055,D+21
Taunton,2,B,12.996534914950153,D+13
Taunton,3,A,10.95098141967129,D+11
Taunton,3,B,6.94513961503016,D+7
Taunton,4,A,-1.050740790686655,R+1
Taunton,4,B,4.652254339103878,D+5
Taunton,5,A,11.341864408276237,D+11
Taunton,5,B,15.7741105336344,D+16
Taunton,6,A,10.865918565559795,D+11
Taunton,6,B,11.549345433152258,D+12
Taunton,7,A,5.972240302316312,D+6
Taunton,7,B,-2.5864035688275555,R+3
Taunton,8,A,0.9305676135847984,D+1
Taunton,8,B,1.3661412455130306,D+1
Templeton,-,A,-7.524653103599077,R+8
Templeton,-,B,-4.912262702530529,R+5
Templeton,-,C,-2.950997542269845,R+3
Tewksbury,-,1,-3.6654603779882278,R+4
Tewksbury,-,1A,-5.987821949716743,R+6
Tewksbury,-,2,-3.1456568155808053,R+3
Tewksbury,-,2A,-5.409805950578645,R+5
Tewksbury,-,3,-5.128282651799654,R+5
Tewksbury,-,3A,-4.713381291337876,R+5
Tewksbury,-,4,-3.530216700140687,R+4
Tewksbury,-,4A,-0.7328599835262017,R+1
Tisbury,-,1,26.418623284722354,D+26
Tolland,-,1,-13.585626917421406,R+14
Topsfield,-,1,-0.41483737948028176,EVEN
Townsend,-,1,-9.767558207105681,R+10
Townsend,-,2,-5.613223313936688,R+6
Townsend,-,3,-6.794390173605791,R+7
Truro,-,1,22.239750048086925,D+22
Tyngsborough,-,1,-4.431909733170125,R+4
Tyngsborough,-,2,-5.247899799212408,R+5
Tyngsborough,-,3,-2.289860381044212,R+2
Tyngsborough,-,4,-4.25635564056534,R+4
Tyringham,-,1,19.164165687058333,D+19
Upton,-,1,2.141724991545624,D+2
Upton,-,2,-1.2866346840574305,R+1
Uxbridge,-,1,-7.069247787715466,R+7
Uxbridge,-,2,1.153219060150712,D+1
Uxbridge,-,3,-8.067263666412073,R+8
Uxbridge,-,4,-4.0526524624930005,R+4
W. Boylston,-,1,1.6556159856919939,D+2
W. Boylston,-,2,-1.2201183245130753,R+1
W. Bridgewater,-,1,-8.579501416390373,R+9
W. Bridgewater,-,2,-7.002358500307965,R+7
W. Brookfield,-,1,-3.18303941716061,R+3
W. Newbury,-,1,4.423089366662314,D+4
W. Springfield,-,1,17.133934315721355,D+17
W. Springfield,-,2,10.762557669320794,D+11
W. Springfield,-,3,3.797279036445955,D+4
W. Springfield,-,4,5.116804199322111,D+5
W. Springfield,-,5,-3.1648968348208237,R+3
W. Springfield,-,6,-3.113651367845016,R+3
W. Springfield,-,7,-6.959127035131929,R+7
W. Springfield,-,8,3.8806773355367086,D+4
W. Stockbridge,-,1,28.582034847594727,D+29
W. Tisbury,-,1,30.750879653249385,D+31
Wakefield,-,1,-1.0022665247647944,R+1
Wakefield,-,2,4.635306079191748,D+5
Wakefield,-,3,2.717663700271511,D+3
Wakefield,-,4,4.4822382652683235,D+4
Wakefield,-,5,5.18828228286341,D+5
Wakefield,-,6,6.979913060463461,D+7
Wakefield,-,7,2.209116219671514,D+2
Wales,-,1,-5.276392273459901,R+5
Walpole,-,1,2.1852979439453857,D+2
Walpole,-,2,-2.0792002595844963,R+2
Walpole,-,3,0.07138099425478828,EVEN
Walpole,-,4,3.720546748297182,D+4
Walpole,-,5,-2.4717220546895238,R+2
Walpole,-,6,-1.4798348326856448,R+1
Walpole,-,7,-3.7091802486694525,R+4
Walpole,-,8,-5.947031911073547,R+6
Waltham,1,1,10.89615064060725,D+11
Waltham,1,2,8.662443512810892,D+9
Waltham,2,1,14.398178931300631,D+14
Waltham,2,2,20.958813299939038,D+21
Waltham,3,1,2.3946938843029675,D+2
Waltham,3,2,9.996647688425831,D+10
Waltham,4,1,7.264408382805565,D+7
Waltham,4,2,12.437796767872777,D+12
Waltham,5,1,14.792520841635671,D+15
Waltham,5,2,23.484188047727095,D+23
Waltham,6,1,20.349716820367913,D+20
Waltham,6,2,18.78219311226913,D+19
Waltham,7,1,12.923331520923453,D+13
Waltham,7,2,28.921006559067365,D+29
Waltham,8,1,26.29223482898293,D+26
Waltham,8,2,21.354400045246635,D+21
Waltham,9,1,24.77786410794012,D+25
Waltham,9,2,25.110576139354702,D+25
Ware,-,A,7.617275167690163,D+8
Ware,-,B,-2.9817097384202795,R+3
Ware,-,C,-2.896428729692102,R+3
Wareham,-,1,4.8734919188964,D+5
Wareham,-,2,5.611516742032552,D+6
Wareham,-,3,3.218301337765983,D+3
Wareham,-,4,1.3198260516237292,D+1
Wareham,-,5,0.4353055746301404,EVEN
Wareham,-,6,0.297030931454767,EVEN
Warren,-,A,-4.757592212900103,R+5
Warren,-,B,1.2521892408018376,D+1
Warwick,-,1,19.142302888266748,D+19
Washington,-,1,22.731833772007505,D+23
Watertown,-,1,21.4719027652854,D+21
Watertown,-,10,18.87439975619991,D+19
Watertown,-,11,16.695645271531333,D+17
Watertown,-,12,20.94581602858021,D+21
Watertown,-,2,25.864581623229064,D+26
Watertown,-,3,27.525860792107014,D+28
Watertown,-,4,29.625982400362606,D+30
Watertown,-,5,26.78667660650205,D+27
Watertown,-,6,24.6327736271606,D+25
Watertown,-,7,20.85519671233458,D+21
Watertown,-,8,21.1509630431158,D+21
Watertown,-,9,24.44492264210555,D+24
Wayland,-,1,20.215460243887375,D+20
Wayland,-,2,20.042036282575594,D+20
Wayland,-,3,21.138529586252652,D+21
Wayland,-,4,15.878607263898004,D+16
Webster,-,1,1.6726027691458478,D+2
Webster,-,2,4.241625225087686,D+4
Webster,-,3,-1.702771392795882,R+2
Webster,-,4,-8.574038998061345,R+9
Webster,-,5,0.1539219839979955,EVEN
Wellesley,-,A,16.575379976437198,D+17
Wellesley,-,B,18.105054612130157,D+18
Wellesley,-,C,1.9806469324845977,D+2
Wellesley,-,D,18.75339742752413,D+19
Wellesley,-,E,15.342486098773566,D+15
Wellesley,-,F,14.901700772109173,D+15
Wellesley,-,G,29.831733230159262,D+30
Wellesley,-,H,12.293408689298236,D+12
Wellfleet,-,1,21.826254993540307,D+22
Wendell,-,1,31.116776663203627,D+31
Wenham,-,1,2.8067202612367392,D+3
Westborough,-,1,12.5505894448663,D+13
Westborough,-,2,12.292245268080372,D+12
Westborough,-,3,14.649784197976356,D+15
Westborough,-,4,10.480955274530713,D+10
Westborough,-,5,6.925924130548877,D+7
Westfield,1,A,-3.853342322562087,R+4
Westfield,1,B,-2.3419843602784485,R+2
Westfield,2,A,13.076604940927528,D+13
Westfield,2,B,3.645266546771131,D+4
Westfield,3,A,10.419974255350617,D+10
Westfield,3,B,2.638556223183941,D+3
Westfield,4,A,8.743311084914474,D+9
Westfield,4,B,-3.4220596580213813,R+3
Westfield,5,A,-5.079404227589085,R+5
Westfield,5,B,-9.819290873830244,R+10
Westfield,6,A,-6.24006425316167,R+6
Westfield,6,B,-2.298043711674791,R+2
Westford,-,1,5.601277204883925,D+6
Westford,-,2,4.051653519344212,D+4
Westford,-,3,2.4504897440392193,D+2
Westford,-,4,8.387194631494054,D+8
Westford,-,5,4.4763213993476825,D+4
Westford,-,6,4.3986853231885785,D+4
Westhampton,-,1,9.988265060699153,D+10
Westminster,-,1,-4.156483055548072,R+4
Westminster,-,2,-5.00177719344031,R+5
Weston,-,1,13.639307548613644,D+14
Weston,-,2,10.940740472351996,D+11
Weston,-,3,8.876396602699032,D+9
Weston,-,4,7.270056224087673,D+7
Westport,-,A,4.586213338940414,D+5
Westport,-,B,1.876191128142135,D+2
Westport,-,C,3.6070355114970365,D+4
Westport,-,D,6.088559275870642,D+6
Westport,-,E,3.1156024696260443,D+3
Westwood,-,1,4.776914974777857,D+5
Westwood,-,2,5.538011519626163,D+6
Westwood,-,3,6.107249260854686,D+6
Westwood,-,4,-1.0921357428573697,R+1
Weymouth,-,1,5.579094496936465,D+6
Weymouth,-,10,7.934272786520369,D+8
Weymouth,-,11,3.043365840595136,D+3
Weymouth,-,12,1.7556032831315238,D+2
Weymouth,-,13,11.97937714627324,D+12
Weymouth,-,14,7.3809510884291,D+7
Weymouth,-,15,2.6604310680593324,D+3
Weymouth,-,16,-0.1147327466820558,EVEN
Weymouth,-,17,7.4999245702141,D+7
Weymouth,-,18,0.10363660996195456,EVEN
Weymouth,-,2,3.0878187783188182,D+3
Weymouth,-,3,-0.6803143750025109,R+1
Weymouth,-,4,1.6403646807452987,D+2
Weymouth,-,5,10.22503242027697,D+10
Weymouth,-,6,5.055984680178338,D+5
Weymouth,-,7,4.127716220223176,D+4
Weymouth,-,8,7.500471162981426,D+8
Weymouth,-,9,2.590440271722716,D+3
Whately,-,1,14.242752381315881,D+14
Whitman,-,1,-1.1695409773959997,R+1
Whitman,-,2,-5.546895112167938,R+6
Whitman,-,3,-3.290828716850264,R+3
Whitman,-,4,-2.160267205191191,R+2
Wilbraham,-,A,-2.5551550175318347,R+3
Wilbraham,-,B,-3.09939650654677,R+3
Wilbraham,-,C,-6.101770935574525,R+6
Wilbraham,-,D,-5.10413805742323,R+5
Williamsburg,-,1,26.919365689967513,D+27
Williamstown,-,1,30.03349818348274,D+30
Williamstown,-,2,38.478506899492004,D+38
Williamstown,-,3,32.301322492854986,D+32
Wilmington,-,1,-1.1907790162148157,R+1
Wilmington,-,2,-3.0783234520801948,R+3
Wilmington,-,3,-3.9552415969965726,R+4
Wilmington,-,4,-3.6205313386480977,R+4
Wilmington,-,5,-0.9173964827577374,R+1
Wilmington,-,6,-2.685373916123135,R+3
Winchendon,-,1,-5.020190586308349,R+5
Winchendon,-,1A,3.9515952368489926,D+4
Winchendon,-,2,-4.5036283854258174,R+5
Winchendon,-,3,-2.96489958543627,R+3
Winchester,-,1,13.136547466623483,D+13
Winchester,-,2,14.009721821875376,D+14
Winchester,-,3,19.404649511049143,D+19
Winchester,-,4,10.927640806678241,D+11
Winchester,-,5,3.0334228906554572,D+3
Winchester,-,6,2.33539224049214,D+2
Winchester,-,7,9.199020287030335,D+9
Winchester,-,8,10.80133410199835,D+11
Windsor,-,1,19.3996921444023,D+19
Winthrop,-,1,4.434882048540145,D+4
Winthrop,-,2,2.8088554523897247,D+3
Winthrop,-,3,10.27075286169844,D+10
Winthrop,-,4,8.645387668726755,D+9
Winthrop,-,5,4.601168880240747,D+5
Winthrop,-,6,10.964732794808807,D+11
Woburn,1,1,10.287496339537917,D+10
Woburn,1,2,5.622517538800443,D+6
Woburn,2,1,6.576827190089041,D+7
Woburn,2,2,13.789660049900954,D+14
Woburn,3,1,0.6723238095260764,D+1
Woburn,3,2,0.020014593392114755,EVEN
Woburn,4,1,0.13511141396248538,EVEN
Woburn,4,2,8.891089383956096,D+9
Woburn,5,1,9.7395785795929,D+10
Woburn,5,2,1.7234556387851097,D+2
Woburn,6,1,11.227666279743431,D+11
Woburn,6,2,0.7341852443765284,D+1
Woburn,7,1,-2.6154684481624892,R+3
Woburn,7,2,-2.1166625540284034,R+2
Worcester,1,1,12.418513251980368,D+12
Worcester,1,2,9.045540875616886,D+9
Worcester,1,3,7.049719852617264,D+7
Worcester,1,4,16.08131310568963,D+16
Worcester,1,5,11.51730149253879,D+12
Worcester,10,1,27.41210121586144,D+27
Worcester,10,2,33.14717364163322,D+33
Worcester,10,3,38.80400824046723,D+39
Worcester,10,4,35.65177255916816,D+36
Worcester,10,5,37.03433688165427,D+37
Worcester,2,1,13.14984168238974,D+13
Worcester,2,2,13.963152789063326,D+14
Worcester,2,3,12.002190053124007,D+12
Worcester,2,4,29.072123940070426,D+29
Worcester,2,5,37.84772334511454,D+38
Worcester,3,1,19.50058936851399,D+20
Worcester,3,2,27.534500236669267,D+28
Worcester,3,3,20.150421995862366,D+20
Worcester,3,4,29.946214276290284,D+30
Worcester,3,5,18.547507725829693,D+19
Worcester,4,1,29.8641497044298,D+30
Worcester,4,2,16.547873672406954,D+17
Worcester,4,3,34.45879807670792,D+34
Worcester,4,4,13.173213360179837,D+13
Worcester,4,5,15.733439024075302,D+16
Worcester,5,1,24.61579332248599,D+25
Worcester,5,2,14.373002928431056,D+14
Worcester,5,3,8.13985391193619,D+8
Worcester,5,4,10.923204555606148,D+11
Worcester,5,5,11.102831221323706,D+11
Worcester,6,1,32.20292442773728,D+32
Worcester,6,2,26.124843737824442,D+26
Worcester,6,3,22.70202093040202,D+23
Worcester,6,4,16.914345197909586,D+17
Worcester,6,5,15.783949734481196,D+16
Worcester,7,1,20.195568729598957,D+20
Worcester,7,2,21.755748419808807,D+22
Worcester,7,3,18.154387967222597,D+18
Worcester,7,4,15.835985677206965,D+16
Worcester,7,5,11.494828554042735,D+11
Worcester,8,1,27.614530365659007,D+28
Worcester,8,2,33.09692507448834,D+33
Worcester,8,3,38.54971863050286,D+39
Worcester,8,4,30.920873145686002,D+31
Worcester,8,5,20.51247148827614,D+21
Worcester,9,1,20.303018904000236,D+20
Worcester,9,2,20.199807421674475,D+20
Worcester,9,3,14.15816345174311,D+14
Worcester,9,4,12.854430443185072,D+13
Worcester,9,5,12.378147776295567,D+12
Worthington,-,1,16.046335168696046,D+16
Wrentham,-,1,-4.9792711695123,R+5
Wrentham,-,2,-7.938213273140827,R+8
Wrentham,-,3,-0.8948731165212442,R+1
Yarmouth,-,1,4.285343481831704,D+4
Yarmouth,-,2,2.8995561039592888,D+3
Yarmouth,-,3,4.985078837743762,D+5
Yarmouth,-,4,2.240536296245965,D+2
Yarmouth,-,5,0.7792728541559879,D+1
Yarmouth,-,6,2.1597474575654085,D+2
Yarmouth,-,7,-0.0239858088523226,EVEN
