State_Rep,Biden_20,Trump_20,Clinton_16,Trump_16,Harris_24,Trump_24,dem_pct_24,dem_pct_20,dem_pct_16,PVI_N,PVI,PVI_N_20,PVI_20,shift_20_24,pvi_shift
"Barnstable, Dukes and Nantucket",20549.37293729373,6558.633663366337,17055.96369636964,6359.6897689768975,19135,7037,0.7311248662692954,0.7580554793281392,0.7284000731225044,23.707141503568018,D+24,22.685429838361905,D+23,-0.02693061305884381,1.0217116652061122
Eighteenth Essex,16997.550192281302,9675.32849439803,12909.762381835912,9246.680698656686,15601,10083,0.6074209624669055,0.6372596820893587,0.5826640284695414,11.48667962229657,D+11,9.502963854154078,D+10,-0.029838719622453214,1.983715768142492
Eighteenth Middlesex,8455.234420042163,3704.670375573826,8502.407864843573,2876.4021015438493,6926,3877,0.6411182079052116,0.6953372219731958,0.7472141542006032,16.207433520760773,D+16,20.295785027027648,D+20,-0.05421901406798424,-4.088351506266875
Eighteenth Suffolk,10936.973427660849,1984.2891242050455,9814.22206584761,1758.9404027884627,8923,2078,0.8111080810835378,0.8464322572008643,0.8480155784941851,32.24326095057036,D+32,32.97232361534144,D+33,-0.03532417611732652,-0.7290626647710781
Eighteenth Worcester,12360.455070234642,12993.702118569932,9365.177558045621,11866.840278348267,11563,14159,0.44953736101391806,0.48751196808437186,0.44108749484906384,-3.936739124273342,R+4,-5.110346393570808,R+5,-0.0379746070704538,1.1736072692974657
Eighth Bristol,11168.454366124888,11434.06169028836,9912.08383493122,9724.35921275101,10270,13032,0.44073470088404426,0.4941243858980004,0.5047800057710138,-4.073253942758543,R+4,-1.8379040756023812,R+2,-0.053389685013956134,-2.2353498671561614
Eighth Essex,19110.36908628941,7022.229651257021,15560.522046800268,6943.940782741665,17158,7391,0.6989286732657135,0.7312846792704271,0.6914416115888689,20.785686254560652,D+21,19.53921034339774,D+20,-0.032356006004713556,1.2464759111629107
Eighth Hampden,11606.921196484305,8672.15554008349,9682.41043296746,8151.272127622412,10186,9171,0.5262179056672005,0.5723594494592735,0.5429282707074944,4.207007404892183,D+4,4.113093195471961,D+4,-0.046141543792073025,0.09391420942022144
Eighth Middlesex,18426,7509,14171,7345,17807,7968,0.6908632395732299,0.7104684788895316,0.6586261386874884,19.294087820784167,D+19,16.9504175325894,D+17,-0.019605239316301648,2.3436702881947653
Eighth Norfolk,18210.843854825314,7710.975304462518,14694.789627083883,7428.491166945823,16152,8199,0.6632992484908218,0.7025295463609597,0.6642228955051499,17.577197819863,D+18,16.743340876787737,D+17,-0.039230297870137876,0.8338569430752614
Eighth Plymouth,11802.000000000002,10493,8827,9759,11129,11812,0.4851139880563184,0.5293563579277866,0.4749273646830948,-0.0836044244397871,EVEN,-1.2846167094443195,R+1,-0.04424236987146818,1.2010122850045324
Eighth Suffolk,15606.925504218598,2558.60858581852,14380.712885821542,2456.4857445417388,13531,2764,0.8303774163853943,0.8591503793317153,0.8541036547426692,33.77894907934677,D+34,33.926566626709075,D+34,-0.028772962946321035,-0.1476175473623016
Eighth Worcester,12866.594651916741,11568.503181902046,9784.807830145717,10640.274765475762,12187,12799,0.4877531417593853,0.5265620272700138,0.47905842164101137,-0.08140309301012394,EVEN,-1.2523732159055556,R+1,-0.0388088855106285,1.1709701228954317
Eleventh Bristol,7892.178443906805,4191.8827549113175,7904.44096978773,3190.7967300234336,6316,5053,0.5555457823907116,0.6531064609867001,0.7124174518516408,9.805807506644925,D+10,16.403974882879425,D+16,-0.09756067859598849,-6.5981673762345
Eleventh Essex,11444.17319240743,4764.017568061103,10228.488760838545,4098.00920818534,8940,5361,0.6251311097126075,0.7060734514748894,0.7139559704649474,16.037690264568226,D+16,19.23147207551461,D+19,-0.08094234176228188,-3.1937818109463834
Eleventh Hampden,11343.867451080208,2927.9714067345085,11474.411701761745,2466.1520013010686,9743,3590,0.7307432685817146,0.794842736391235,0.8230952453695081,25.612769986504258,D+26,29.134600678083732,D+29,-0.06409946780952047,-3.521830691579474
Eleventh Middlesex,19545.221732679824,3611.0586866352673,17471.556537940796,3393.1885255552215,17609,3792,0.8228120181299939,0.8440570496968409,0.8373721550285421,32.609768305001715,D+33,32.343148398988475,D+32,-0.021245031566846984,0.2666199060132399
Eleventh Norfolk,18747,9043,14786,8819,16765,9451,0.639494964906927,0.6745951781216265,0.6263927134081763,14.980125570459279,D+15,13.499935358289806,D+13,-0.03510021321469947,1.4801902121694734
Eleventh Plymouth,10740,2125,9774.000000000002,2080,8647,2464,0.7782377823778238,0.8348231636222309,0.8245318036105956,30.084495484942885,D+30,31.243082939692577,D+31,-0.05658538124440704,-1.1585874547496928
Eleventh Suffolk,9041.637872277077,2574.2646222049016,8286.747150185902,1921.441048617435,6441,3002,0.682092555331992,0.7783844498154335,0.8117745273502425,22.74509920588844,D+23,27.654550128852197,D+28,-0.09629189448344155,-4.909450922963757
Eleventh Worcester,14841.84494972312,7519.499567323184,11590.314787332285,7243.198189235067,12812,7850,0.6200755009195624,0.6637277529716076,0.6154090743321732,13.500840747664455,D+14,12.418025208444128,D+12,-0.04365225205204515,1.0828155392203271
Fifteenth Essex,13305.62891033994,10790.931644593782,10427.722193573101,10173.448148462568,12221,11576,0.5135521284195487,0.5521795892823236,0.506171349512889,2.523134863947629,D+3,1.3517294752668163,D+1,-0.03862746086277491,1.171405388680813
Fifteenth Middlesex,19454.79526263858,6100.074525850409,16375.270282564103,6010.996018604482,17497,6065,0.7425940072998897,0.7612950261011251,0.7314873352377345,24.456859254907105,D+24,22.991911879185135,D+23,-0.018701018801235425,1.4649473757219695
Fifteenth Norfolk,19587.33295248165,2108.5887822848094,17918.743607817454,1985.9721760965053,17027,2140,0.8883497678301246,0.9028117446189936,0.9002260470505451,38.827295506075764,D+39,38.41174511980362,D+38,-0.014461976788868958,0.4155503862721446
Fifteenth Suffolk,20688.178463917462,1401.9187988402164,19182.845312177644,1088.010544801392,17424,1718,0.9102497126737018,0.9365363229430524,0.9463263636978207,41.657745277719194,D+42,42.37640098071714,D+42,-0.02628661026935064,-0.7186557029979497
Fifteenth Worcester,8230.811477333857,3086.3427751143204,7583.711647566021,2316.4280120157478,6516,3316,0.6627339300244101,0.7272863207244287,0.7660206732766833,18.9521340273064,D+19,22.79029329966109,D+23,-0.06455239070001861,-3.838159272354691
Fifth Barnstable,15267.882702427243,12435.5049170519,11756.022459204029,12058.48728944077,14155,12828,0.524589556387355,0.551119701032227,0.493649568405372,3.027405835365382,D+3,0.7096617692806118,D+1,-0.02653014464487191,2.3177440660847703
Fifth Bristol,12531.144078709041,11745.063137560905,10384.222694819291,10259.058613614903,11308,13162,0.46211687780956273,0.5161903573763637,0.5030315936535062,-1.8709180290921223,R+2,-0.7314018909542974,R+1,-0.05407347956680092,-1.139516138137825
Fifth Essex,20329.678003339282,8698.97428061489,16425.127899130635,8426.687090793943,18978,9269,0.6718589584734662,0.7003314451004217,0.6609226692613683,17.85341745630433,D+18,16.469743886213763,D+16,-0.02847248662695545,1.3836735700905685
Fifth Hampden,12063.299615804672,5515.4976223129515,12500.082936115863,4590.755034418555,10122,5524,0.6469385146363288,0.6862414676270785,0.7313908749042451,15.997787095997584,D+16,19.10413315774241,D+19,-0.03930295299074971,-3.1063460617448264
Fifth Middlesex,19785,5793,16327,5684,18281,5946,0.7545713460189045,0.7735163030729533,0.7417654808959157,25.654546093058606,D+26,24.137371119509933,D+24,-0.01894495705404875,1.5171749735486735
Fifth Norfolk,14478.137892059904,9952.14156541396,11936.2927380616,9608.136196665724,12202,10478,0.5380070546737213,0.5926308750279424,0.5540315212914076,5.857836708968877,D+6,5.7085535411468875,D+6,-0.054623820354221087,0.1492831678219897
Fifth Plymouth,14244,11954,11115,11557,12815,12892,0.4985023534445871,0.5437056263836935,0.49025229357798167,1.3562480036048208,D+1,0.14501940414106684,EVEN,-0.045203272939106365,1.211228599463754
Fifth Suffolk,14255.513831578925,1412.881893139435,14761.182700180632,654.5754059325174,10581,1927,0.8459385992964503,0.9098260014641779,0.9575385523419089,37.37099425293046,D+37,41.603127308167466,D+42,-0.06388740216772759,-4.232133055237007
Fifth Worcester,12192,12965,9298,12086,11432,14035,0.44889464797581186,0.4846364828874667,0.4348110736999626,-4.109918060503115,R+4,-5.571370201654668,R+6,-0.035741834911654835,1.461452141151553
First Barnstable,18021.160173206652,10677.090313805866,14213.663005690234,10430.724910460101,17244,11187,0.6065210509654954,0.6279532677910865,0.5767504980870521,10.95319772217448,D+11,8.684039172942937,D+9,-0.021432216825591155,2.269158549231543
First Berkshire,15480,6734.000000000002,13384,6298,14143,7486,0.6538906098293957,0.696857837399838,0.6800121938827355,16.790556878620688,D+17,17.148694088439285,D+17,-0.042967227570442246,-0.3581372098185973
First Bristol,14743.773080210738,9573.688905882587,11250.452391345805,9163.324320313397,13224,10412,0.5594855305466238,0.6063039427651788,0.5511205765722018,7.547209052382986,D+8,6.366306867565807,D+6,-0.046818412218555094,1.1809021848171781
First Essex,18801,9615,14523,8959,18138,10149,0.6412132781843249,0.6616342905405406,0.6184737245549783,14.369170130136366,D+14,12.464855775816053,D+12,-0.02042101235621563,1.904314354320313
First Franklin,19356,6167,15867,5773,18168,6754,0.728994462723698,0.7583747992007209,0.7332255083179298,23.610433703863553,D+24,22.937833198423498,D+23,-0.029380336477022984,0.6726005054400552
First Hampden,11072.90093881515,11162.674328261573,8450.049854321787,10378.73421819359,10669,12555,0.4593954529796762,0.49798131174102456,0.4487836188347625,-2.948641469389318,R+3,-4.203387038688888,R+4,-0.038585858761348346,1.25474556929957
First Hampshire,21647.000000000004,4371,18421,4265,20181,4444,0.8195329949238579,0.8320009224383119,0.8119985894384202,31.818311968329883,D+32,30.522685740880963,D+31,-0.012467927514454025,1.2956262274489205
First Middlesex,15019.871759374415,11408.215603696917,11410.441044364436,11085.250504692507,14425,12066,0.5445245555094183,0.5683298815018328,0.5072278404725361,4.865775599005251,D+5,2.2777380055587493,D+2,-0.023805325992414583,2.5880375934465016
First Norfolk,14463.395190143614,6333.959839939803,12104.05385788403,5715.304731056561,12417,6808,0.6458777633289987,0.6954439720446317,0.6792642842597203,16.38792074222033,D+16,17.052087977506936,D+17,-0.049566208715633,-0.6641672352866053
First Plymouth,15610.965326890064,11576.062689623805,11518.78587095827,10996.906357655527,16191,13642,0.5427211477223209,0.5742063942188788,0.511589239806705,4.997793416536966,D+5,2.838325872980041,D+3,-0.03148524649655782,2.1594675435569255
First Suffolk,11243,3299.9999999999995,9123,2831,9582,3886,0.7114642114642115,0.7730867083820395,0.7631755061067426,23.57026151586974,D+24,25.115820388757438,D+25,-0.06162249691782806,-1.5455588728876997
First Worcester,15959.214689265538,12382.316384180793,11978.04160246533,11213.508988186954,15258,13243,0.5353496368548472,0.5631034769401715,0.5164829990838675,4.143231379634615,D+4,2.4665645621878007,D+2,-0.027753840085324333,1.6766668174468147
Fourteenth Bristol,13834.715591628228,9536.823349738252,10200.39742453401,9068.628313045647,12447,10234,0.5487853269256205,0.5919471381981379,0.529367574855669,6.293451731024657,D+6,4.621068268046535,D+5,-0.04316181127251739,1.6723834629781216
Fourteenth Essex,17017,10404.999999999998,13181.999999999998,10204,15890,10494,0.6022589448150394,0.6205601341988185,0.563670572137176,10.383075638402916,D+10,7.6917790536561,D+8,-0.018301189383779115,2.6912965847468158
Fourteenth Middlesex,20004.154468865494,6628.009993592579,16207.758949949355,6455.523315709676,18848,6593,0.7408513816280806,0.7511276260352129,0.7151549700507622,23.835172538761096,D+24,21.713230485189438,D+22,-0.010276244407132262,2.121942053571658
Fourteenth Norfolk,19113,5335.999999999999,16059.000000000002,5174.000000000001,17045,5469,0.7570844807675224,0.7817497648165569,0.7563227052230019,26.216994822713747,D+26,25.24741529014286,D+25,-0.024665284049034453,0.9695795325708865
Fourteenth Suffolk,18540,3706,16999,3258,15636,4181,0.7890195286874906,0.833408253169109,0.8391667078047095,30.47402303165132,D+30,31.869563110563725,D+32,-0.04438872448161846,-1.3955400789124042
Fourteenth Worcester,12728.500280507298,6033.2663383135505,10687.069788110126,5418.2643939928785,11259,6398,0.6376507900549357,0.6784275990161137,0.6635733023153344,15.090236656743883,D+15,15.410919445328409,D+15,-0.04077680896117797,-0.32068278858452537
Fourth Barnstable,20851,8826,16579,8884,20423,8902,0.6964364876385337,0.7025979714930755,0.651101598397675,19.17802968782366,D+19,16.136044426000716,D+16,-0.006161483854541738,3.041985261822944
Fourth Bristol,12840,12314.999999999998,9911.000000000002,10973,11912,13547,0.467889547900546,0.5104353011329755,0.47457383642980283,-1.8720657640736826,R+2,-2.3289123043574387,R+2,-0.04254575323242954,0.45684654028375604
Fourth Essex,9167.908432328493,4352.924401594974,9911.685046079325,3476.686559250406,6812,5228,0.56578073089701,0.6780579676516978,0.7403204316597858,11.741635333670263,D+12,19.157884433763893,D+19,-0.11227723675468781,-7.41624910009363
Fourth Hampden,11618.115223687471,10884.572775989087,9338.101035732125,10033.536730561567,10815,11212,0.4909883325010215,0.5162989960956871,0.4820501574719849,-0.3976457315406523,EVEN,-1.7002097723114118,R+2,-0.025310663594665606,1.3025640407707595
Fourth Middlesex,13305.787577939094,6130.184352692336,11160.832359634695,5982.487165776611,11832,6701,0.6384287487185021,0.6845959453650446,0.6510309944985362,15.430600534800288,D+15,15.140822131540366,D+15,-0.04616719664654256,0.28977840325992155
Fourth Norfolk,14205.210324931919,8965.326275992997,10925.254155198334,8496.036895786896,12287,9463,0.5649195402298851,0.6130721342191479,0.5625400559889195,8.200189763683719,D+8,7.257308641779813,D+7,-0.04815259398926275,0.9428811219039055
Fourth Plymouth,18355.09547007247,11963.513672617646,13942.29017575377,11622.821720063337,17203,12645,0.5763535245242563,0.6054069097855672,0.5453639410056706,8.323852946244937,D+8,6.048195681132618,D+6,-0.02905338526131096,2.2756572651123195
Fourth Suffolk,17437.725830258303,6458.745756457564,13848.225092250923,5639.517343173432,14142,7906,0.6414187227866474,0.729719689661297,0.7106120751615614,17.959018868308718,D+18,20.367963482675723,D+20,-0.08830096687464961,-2.4089446143670052
Fourth Worcester,12355.212638838793,8599.148398294947,9849.357785342821,8205.762303332558,10955,9059,0.5473668432097532,0.5896248812809809,0.5455160495731393,6.122553188247892,D+6,5.175247039569964,D+5,-0.042258038071227744,0.947306148677928
Nineteenth Middlesex,14004.1107359257,11882.717635961255,10775.242438151461,11312.074775824392,12676,12331,0.5068980685408085,0.5409743725552002,0.4878474978995356,1.647545595652522,D+2,-0.09423743873460122,EVEN,-0.034076304014391656,1.7417830343871232
Nineteenth Suffolk,11123.348983986465,5918.74762695086,9394.48296423071,5938.033128290725,9542,7003,0.5767301299486249,0.652698387876037,0.6127163283274132,10.752112051039175,D+11,11.63058975157849,D+12,-0.07596825792741202,-0.8784777005393156
Nineteenth Worcester,16652.799548974923,6558.763757882616,13130.94969679137,6666.360355106044,15381,6764,0.6945585911040867,0.7174355009537458,0.6632693867181654,19.851071015062328,D+20,17.504531739463225,D+18,-0.022876909849659066,2.3465392755991026
Ninth Bristol,11744.427856594675,9638.520839204095,10606.117433690644,8324.452374946111,11049,11296,0.494473036473484,0.5492426710494878,0.5602640354149182,1.350005288072087,D+1,3.696101267877905,D+4,-0.054769634576003756,-2.346095979805818
Ninth Essex,14390.104900237482,11446.78467031939,11486.310307807005,11238.86138158324,12599,12033,0.5114891198441053,0.5569596472106347,0.5054443796862335,2.701185101154091,D+3,1.539537783735201,D+2,-0.045470527366529456,1.1616473174188902
Ninth Hampden,10631.091842987242,4020.230454667274,10698.30230307911,3184.9422299168305,8930,4918,0.6448584633160023,0.7256063054929275,0.7705909290622043,17.86151088923692,D+18,23.003607055486786,D+23,-0.08074784217692521,-5.142096166249864
Ninth Middlesex,14722.648733612354,6084.38219702562,12429.222752900525,5928.942424017024,13163,6043,0.685358742059773,0.707580470404046,0.6770405774825624,18.915887024687294,D+19,17.58081904131128,D+18,-0.02222172834427305,1.335067983376014
Ninth Norfolk,16400.089097553933,10904.776743461603,12036.760362863923,10188.40194692522,15053,11669,0.5633186138762069,0.6006288107418136,0.5415825628217029,7.441965971801878,D+7,5.667641000616841,D+6,-0.03731019686560677,1.7743249711850364
Ninth Plymouth,14714.398388246382,9055.421905578884,11373.468048501692,8813.045234140556,13266,9629,0.579427822668705,0.6190370060167755,0.5634191447158624,9.184837677753777,D+9,7.603793992372598,D+8,-0.03960918334807051,1.5810436853811787
Ninth Suffolk,17137.31948135524,1969.3410820237968,16094.05997482551,1595.8356545355316,14390,2515,0.8512274475007394,0.896929080019438,0.9097882945173049,36.771999197375884,D+37,38.56540192953898,D+39,-0.04570163251869863,-1.793402732163095
Ninth Worcester,15034.324853228964,10245.71624266145,11094.842139595565,9680.562296151338,14110,10923,0.5636559741141693,0.594711250515846,0.5340373600864965,7.150454218866997,D+7,4.988442025063911,D+5,-0.0310552764016766,2.1620121938030863
Second Barnstable,14753.839826793348,9836.909686194133,11693.336994309764,9671.275089539899,13701,10289,0.5711129637348895,0.5999751987633066,0.5473226917679076,7.796722435356484,D+8,5.803997790667714,D+6,-0.028862235028417116,1.9927246446887699
Second Berkshire,16404,5017,13907,4771,14628,5658,0.7210884353741497,0.7657905793380327,0.7445657993361173,23.629244968243846,D+24,23.84470262065411,D+24,-0.044702143963883056,-0.21545765241026515
Second Bristol,12419,8514.000000000002,9569,7877,11508,9183,0.55618384804987675,0.5932737782448765,0.548492491115442,6.708132062772554,D+7,5.546036986030178,D+6,-0.03708993019499973,1.1620950767423759
Second Essex,19268.393058304155,11473.09499162734,15138.65261074745,11045.62094687167,18359,11776,0.6092251534760246,0.6267879104293096,0.5781582054371103,11.033870522250687,D+11,8.696248206924217,D+9,-0.01756275695328502,2.3376223153264704
Second Franklin,12686,8780,10054,7945,12306,10122,0.548689138576779,0.5909810863691419,0.5585865881437858,6.161635602536519,D+6,5.874965443466773,D+6,-0.042291947792362894,0.2866701590697458
Second Hampden,15200.431988836608,11105.058412837445,12117.240964491664,10546.533867905653,13674,11527,0.5425975159715885,0.5778425627780454,0.5346523716415662,5.284261962616177,D+5,4.03963266637909,D+4,-0.0352450468064569,1.244629296237087
Second Hampshire,17767.65868622609,7630.318420929542,14272.762494371396,7604.737640479581,16565,7932,0.6762052496224027,0.6995698362614959,0.6523945791975935,18.034318353177923,D+18,16.02816035991075,D+16,-0.023364586639093243,2.0061579932671734
Second Middlesex,17084.67513055915,7943.430645764526,13178.059690907632,7914.960421812987,16803,8454,0.6652809122223542,0.6826195830897068,0.6247592625657389,16.615547337379365,D+17,13.870065261992314,D+14,-0.017338670867352635,2.7454820753870504
Second Norfolk,14597.113897248913,6854.808132422758,12204.698540443922,6350.372066736468,12352,7116,0.6344770906102322,0.6804571579674126,0.6577554350949751,15.082643882209112,D+15,15.247108577364699,D+15,-0.04598006735718041,-0.16446469515558704
Second Plymouth,12046.95127273479,11395.418047590643,9486.472926038548,10525.014406037939,11397,13045,0.46628753784469357,0.5138964883677359,0.4740513670282091,-1.8160239506206932,R+2,-2.1910205493101187,R+2,-0.04760895052304237,0.3749965986894255
Second Suffolk,14435.739073575025,3039.7836532178867,12182.597228207225,2854.19584438986,12034,3264,0.7866387763106288,0.8260547795484602,0.8101858667197249,29.99008954658202,D+30,30.125837098158392,D+30,-0.03941600323783134,-0.13574755157637242
Second Worcester,10939,9699,8381,8686,10216,10687,0.4887336745921638,0.5300416707045257,0.49106462764399134,0.1500603758008534,EVEN,-0.5058224964361591,R+1,-0.041307996112361856,0.6558828722370125
Seventeenth Essex,10055.524178715305,3878.801709297225,10298.550556793462,2973.1353232765446,7899,4762,0.6238843693231182,0.7216369316700069,0.7759790767997847,16.734542758407432,D+17,23.06891041657838,D+23,-0.09775256234688867,-6.334367658170947
Seventeenth Middlesex,10994.545941822127,5544.88194674485,9679.480915515403,4941.849295387335,9232,5697,0.6183937303235314,0.6647476572888112,0.66201096452207,13.50014857274784,D+14,14.600642829093868,D+15,-0.046353926965279846,-1.1004942563460283
Seventeenth Suffolk,16390.95317494806,2334.0679955485707,14804.351966220142,2056.5703074832395,13536,2326,0.8533602320010087,0.875350314731491,0.8780274130857773,35.751010141944384,D+36,35.91616356174991,D+36,-0.021990082730482308,-0.16515341980552734
Seventeenth Worcester,9286.723463043862,5063.810211178396,8685.509518657727,4013.1800877228916,7584,5239,0.5914372611713328,0.6471343626561794,0.683968959623486,11.309597892948153,D+11,14.696984107207456,D+15,-0.055697101484846634,-3.387386214259303
Seventh Bristol,6472.364025025436,5318.674844364852,6997.04127970753,4094.7254358882888,5431,5973,0.4762364082777973,0.5489222872318561,0.6308319908918737,0.543046406617187,D+1,7.116849495894817,D+7,-0.07268587895405881,-6.5738030892776305
Seventh Essex,18026.706455291842,5434.321741063169,14952.916806302204,5459.430110353901,16536,5967,0.7348353552859619,0.7683681339291232,0.7325427530384022,24.419589436019095,D+24,23.42430528074533,D+23,-0.03353277864316129,0.9952841552737652
Seventh Hampden,14767,10072,11775,9114,13778,10644,0.5641634591761526,0.59450863561335,0.5636938101393077,7.170917300545321,D+7,6.29750093101511,D+6,-0.030345176437197363,0.8734163695302115
Seventh Middlesex,17054.14127599203,6194.911904103689,13848.102290153081,5876.715216731918,15613,6384,0.7097786061735691,0.7335413250545895,0.7020649131643101,21.42334356628407,D+21,20.163667947854293,D+20,-0.023762718881020328,1.2596756184297782
Seventh Norfolk,18532.832921610287,5952.383012264371,15524.315036347887,5661.742946946316,16234,6151,0.7252177797632343,0.7568988965284392,0.7327609057139957,23.401282849064387,D+23,22.824461865332946,D+23,-0.03168111676520491,0.5768209837314409
Seventh Plymouth,12857.999999999998,11463,9933.999999999998,10953,11648,12544,0.48148148148148145,0.528678919452325,0.4756068367884329,-0.26123607103129,EVEN,-1.3298555045953564,R+1,-0.04719743797084358,1.0686194335640664
Seventh Suffolk,11588.40997096902,836.1198182978383,11826.522100723561,510.4286094331183,8635,1263,0.8723984643362296,0.93270410772244,0.9586260315514679,39.82087592771696,D+40,42.81621168529962,D+43,-0.06030564338621036,-2.9953357575826587
Seventh Worcester,13344.667151465315,11697.344745056804,10250.705862022947,10869.156951762378,12357,12468,0.4977643504531722,0.532891175302039,0.48535854386952376,0.7648883474973833,D+1,-0.6312943673993376,R+1,-0.03512682484886681,1.396182714896721
Sixteenth Essex,9428.066516647526,4529.225960113938,9301.205377385857,3533.200739598852,7287,5682,0.5618783252371039,0.6754939421341938,0.7247086692291038,11.301587396282475,D+11,18.16128575224687,D+18,-0.11361561689708988,-6.859698355964394
Sixteenth Middlesex,12534.63230689241,7063.971421882589,10452.555519611382,6718.810986272933,10057,7003,0.5895076201641266,0.6395676182017422,0.6087200757161337,10.851563140403385,D+11,10.770488064230221,D+11,-0.05005999803761563,0.081075076173164
Sixteenth Suffolk,9069.48613449519,5945.155997548102,8200.508631063483,5702.833074705794,6546,6583,0.49859090562876074,0.6040427773592865,0.5898228501181576,4.7094201039646455,D+5,7.9748934236899665,D+8,-0.10545187173052573,-3.265473319725321
Sixteenth Worcester,9244.547426595847,4681.825488863733,8228.135548252538,3976.590098182148,7578,5076,0.5988620199146515,0.6638158752975466,0.6741761991721779,12.513826996228584,D+13,15.119763124354602,D+15,-0.06495385538289511,-2.605936128126018
Sixth Bristol,9761.635974974564,7281.325155635148,8945.95872029247,6154.274564111711,8195,8117,0.5023908778813144,0.5727664283316558,0.5924384446121129,3.059446756812234,D+3,6.455083917440652,D+6,-0.07037555045034138,-3.3956371606284175
Sixth Essex,17589.335810403696,7590.035147620003,13873.533440449892,7293.564972886123,16149,7700,0.6771353096565894,0.6985613675467397,0.6554291556422811,18.038372152331327,D+18,16.140515564345982,D+16,-0.021426057890150285,1.8978565879853448
Sixth Hampden,10778.663964023548,9064.774061614473,8784.405595184551,8164.436107397466,9426,9433,0.49981441221697864,0.5431853064019124,0.5182894353096896,1.4296139833125832,D+1,1.4259588854992455,D+1,-0.043370894184933784,0.0036550978133376155
Sixth Middlesex,10245.68422614744,3214.2173171208306,9336.103784843646,2755.4882251248,8167,3501,0.6999485773054508,0.7612005327982236,0.7721153490083734,22.50032190825575,D+23,24.89085798673132,D+25,-0.06125195549277285,-2.39053607847557
Sixth Norfolk,15626.564565751538,8275.321571600589,12586.211829340118,7989.484324244728,13899,8767,0.6132092120356482,0.6537795584814321,0.6117028427807172,12.62774305373381,D+13,11.685741194677114,D+12,-0.040570346445783945,0.9420018590566954
Sixth Plymouth,16548.34697862703,12616.702385929364,12440.282704086037,11863.896344081208,14971,13453,0.526702786377709,0.5674033591295015,0.5118577623803404,3.9559625849599045,D+4,2.469826584739543,D+2,-0.04070057275179251,1.4861360002203616
Sixth Suffolk,16364.43058152345,1282.1302796091102,15980.056487878415,768.9624088596538,12703,1859,0.8723389644279632,0.9273439006218449,0.9540891073321668,39.471998654366494,D+39,42.29104389946232,D+42,-0.05500493619388169,-2.819045245095829
Sixth Worcester,10337.84011250242,10201.165609365067,8486.903746395039,9181.784450986353,9562,11094,0.4629163439194423,0.5033271937548525,0.48033581506367,-2.4690926880335584,R+2,-2.476200365774922,R+2,-0.040410849835410156,0.0071076777413634495
Tenth Bristol,14376.085185903015,11751.632247878686,11726.230854908576,10490.272981570806,13524,12939,0.5110531685749915,0.5502235402819968,0.5278162100219462,2.2758180549442453,D+2,2.246917909975199,D+2,-0.039170371707005325,0.02890014496904625
Tenth Essex,10433.192327513043,4201.010498238028,9484.764569373607,3793.7380212554726,7794,4892,0.614378054548321,0.7129320573003319,0.7142947410400934,15.94136852972362,D+16,19.612319582680005,D+20,-0.09855400275201098,-3.6709510529563847
Tenth Hampden,8883.486497187838,2542.1351268108856,10681.536191420168,1375.7272117583525,6933,2807,0.7118069815195072,0.777505748880104,0.885900542622658,23.95171648675214,D+24,31.57038342885804,D+32,-0.06569876736059688,-7.6186669421059
Tenth Middlesex,13877.144724519234,4431.578382734074,12232.156240837081,4311.858305707488,12199,4620,0.7253106605624591,0.7579526241795405,0.7393704959835112,23.456848285416122,D+23,23.167488611409848,D+23,-0.03264196361708138,0.28935967400627405
Tenth Norfolk,16439.11816065192,9618.568102444702,12619.56286379511,9190.381257275903,15372,10294,0.5989246473934388,0.6308740536159307,0.5786150938187459,10.726500953100015,D+11,8.96061755813613,D+9,-0.03194940622249198,1.7658833949638844
Tenth Plymouth,12740,4158,10966,4274,10811,4610,0.7010570001945399,0.7539353769676885,0.7195538057742782,22.094916515831752,D+22,22.017435325642275,D+22,-0.05287837677314866,0.07748119018947719
Tenth Suffolk,20539.395783622727,6306.977110420782,17879.730773500836,6064.947329097723,18936,6533,0.743492088421218,0.7650715373986282,0.7467100078309454,24.681057552928166,D+25,23.895815902333663,D+24,-0.021579448977410265,0.7852416505945037
Tenth Worcester,13052.000000000002,8703,10659,8306,11612,9247,0.556690157725682,0.5999540335555046,0.5620353282362246,7.102161568604492,D+7,6.483660210932518,D+6,-0.04326387582982261,0.618501357671974
Third Barnstable,17703.117297572757,11521.4950829481,13675.977540795971,11063.51271055923,17392,12124,0.5892397343813525,0.6057605509721817,0.5527994878571444,8.97038541605909,D+9,6.402378657974395,D+6,-0.016520816590829268,2.568006758084695
Third Berkshire,19821,6313,16423,5770,18323,6661,0.7333893691962856,0.7584372847631438,0.7400081106655252,23.843976597052553,D+24,23.251702348802784,D+23,-0.025047915566858148,0.5922742482497689
Third Bristol,12687.121925159481,9012.967272198926,10102.393595744274,8198.51637239479,11456,10207,0.5288279555001616,0.5846575933293356,0.5520159168769212,4.901133835618121,D+5,5.226654576332956,D+5,-0.05582963782917405,-0.3255207407148353
Third Essex,12323.123234445882,7731.115764075001,10114.328015302886,7456.750949913445,10701,8484,0.5577795152462861,0.614489696435491,0.5756236162460592,7.900742394426608,D+8,7.888206862771019,D+8,-0.0567101811892049,0.012535531655588628
Third Hampden,11882.999999999998,13532.999999999998,9458,12557,10917,14153,0.4354607100119665,0.46754013220018886,0.42961617079264136,-5.614496466112351,R+6,-6.751930666420542,R+7,-0.03207942218822235,1.1374342003081903
Third Hampshire,11867.341313773913,1737.681579070458,13305.237505628604,2062.2623595204186,10368,1797,0.8522811344019728,0.8722764678342143,0.8658036520177695,35.50821563275488,D+36,35.13860694199907,D+35,-0.01999533343224147,0.36960869075581115
Third Middlesex,18436,7922.000000000001,14487.000000000002,7743,17429,8185,0.6804481923947842,0.6994460884740875,0.6516869095816465,18.232780959673367,D+18,16.013817996461878,D+16,-0.018997896079303356,2.2189629632114887
Third Norfolk,12795.91746765881,7078.580064006411,10475.87455188504,6935.834109141414,11126,7716,0.5904893323426388,0.6438360238930116,0.6016568939804134,11.011869493554126,D+11,10.668233341742416,D+11,-0.05334669155037286,0.3436361518117099
Third Plymouth,18344.718309859156,8825.763380281689,14372.261971830985,8525.814084507043,17694,9330,0.6547513321492007,0.6751708901986736,0.6276624261562291,15.723339499327583,D+16,13.59865221212343,D+14,-0.02041955804947293,2.1246872872041536
Third Suffolk,14763.992592755327,3206.3787857270604,12337.528910676721,2752.2201450632797,13091,3654,0.7817856076440729,0.821574150127673,0.8176099460039489,29.462678802554176,D+29,30.230764320219873,D+30,-0.03978854248360009,-0.7680855176656962
Third Worcester,10854.481964704313,6860.968752324411,9315.740774757096,6193.172613273017,9534,7494,0.5599013389711064,0.6127127182979656,0.6006701141259225,7.907419229523526,D+8,8.963419927747097,D+9,-0.0528113793268592,-1.0560006982235706
Thirteenth Bristol,9437.85414747062,5242.902467717547,9130.126906681828,4208.118700708641,8290,6238,0.5706222466960352,0.6428724618802389,0.6845073314306791,9.918097010773707,D+10,14.523533269037614,D+15,-0.07225021518420371,-4.605436258263907
Thirteenth Essex,15611.637276440655,11889.963791819975,12485.470245118635,11342.326336312442,14338,12565,0.5329517154220719,0.5676628512533373,0.5239876126376083,4.274293049761491,D+4,2.9931107162143644,D+3,-0.034711135831265394,1.2811823335471266
Thirteenth Middlesex,21336.742421223393,5651.423100877342,17460.69708124492,5382.750848025563,20398,5681,0.7821618927106101,0.7905962487057757,0.7643634680416012,27.86960088148549,D+28,26.111369601694168,D+26,-0.008434355995165621,1.758231279791321
Thirteenth Norfolk,21291,6386,17099,6356,19738,6611,0.7490986375194505,0.7692669003143404,0.7290130036239608,25.167533242032636,D+25,23.334473514824726,D+23,-0.020168262794889924,1.8330597272079103
Thirteenth Suffolk,14040.978326901211,5290.51594204621,13312.1249044217,3800.6816976339605,11567,5273,0.68687648456057,0.7263265907724229,0.7779042452815772,20.02048881911377,D+20,23.30883124444626,D+23,-0.03945010621185285,-3.288342425332491
Thirteenth Worcester,13469.202663253598,5673.438802349208,11280.531894948259,5180.02841989938,12054,5951,0.6694806998056095,0.7036229920231362,0.6853066772443385,17.931933535709444,D+18,17.769763123103488,D+18,-0.034142292217526626,0.16217041260595622
Thirtieth Middlesex,16553.494982435903,9187.497795149111,13202.600452659348,8943.576302395039,15169,9618,0.6119740186388026,0.6430791199650431,0.596157097393623,12.006489684580778,D+12,10.39221795893166,D+10,-0.031105101326240447,1.6142717256491181
Thirty-Fifth Middlesex,15093.468645950128,5405.024254928682,12981.5986984847,5281.738237248965,13066,5702,0.6961849957374254,0.7363208953426543,0.7108010296346872,20.93820374884944,D+21,20.68396381651666,D+21,-0.0401358996052289,0.25423993233277997
Thirty-First Middlesex,17283,8538,14089,8391,15626,8676,0.6429923463089458,0.6693389101893807,0.6267348754448399,14.88095383836776,D+15,13.205325105056453,D+13,-0.026346563880434992,1.6756287333113082
Thirty-Fourth Middlesex,17903.766185441542,3348.9644149637056,16504.371080851757,3386.649587160946,15494,3533,0.8143164976086614,0.8424219231904324,0.8297397783811512,32.13904068076408,D+32,31.88336063827395,D+32,-0.028105425581770982,0.255680042490134
Thirty-Second Middlesex,19270.816879655336,7577.360377911971,15722.66274480841,7824.819805317717,17815,7580,0.7015160464658398,0.7177700256811195,0.6677003671767959,20.21137813826417,D+20,17.691775690109203,D+18,-0.016253979215279712,2.5196024481549664
Thirty-Seventh Middlesex,18125.491807055783,6681.805650386091,14516.059230929115,6524.053566324801,17290,6796,0.7178443909324919,0.7306516091948729,0.6899230707937888,21.658715710360298,D+22,19.450351783787113,D+19,-0.01280721826238107,2.2083639265731847
Thirty-Sixth Middlesex,12701,12154,9678,11454,11656,12763,0.4773332241287522,0.5110038221685778,0.45797842135150485,-1.3437822130037413,R+1,-3.0819583056697075,R+3,-0.03367059803982558,1.7381760926659662
Thirty-Third Middlesex,12843.830221904365,4176.266782850964,10541.774459226272,3818.5079640505924,10091,4510,0.691117046777618,0.7546273219427518,0.7340924188328568,21.75462237371607,D+22,22.777303298461447,D+23,-0.06351027516513386,-1.0226809247453765
Twelfth Bristol,12078.794650600721,12423.657805899125,9420.33896472257,10993.866679045324,11214,13981,0.44508831117285175,0.49296268085999445,0.46145998179451264,-3.9063387261890234,R+4,-3.8812115530461044,R+4,-0.047874369687142704,-0.025127173142919013
Twelfth Essex,12855.515731874144,9243.774281805745,11057.637482900136,8679.129958960328,11944,10339,0.5360140017053359,0.5817162326896624,0.5602557518840481,5.101521832852751,D+5,5.413482827245164,D+5,-0.045702230984326575,-0.31196099439241287
Twelfth Hampden,14190.221281092956,10041.930270688312,11624.458984925524,9470.910470924504,13161,10473,0.5568672251840568,0.5855947727452149,0.5510431570897141,6.365518143554672,D+6,5.205738460271469,D+5,-0.02872754756115803,1.1597796832832028
Twelfth Middlesex,22192.01481918329,4319.664747091545,19703.40025901526,3912.5382291379556,19383,4439,0.81365964234741,0.8370655945696275,0.8343263711031151,31.823267801381196,D+32,31.83179906618244,D+32,-0.02340595222221753,-0.008531264801245442
Twelfth Norfolk,16070.013810030248,9052.414124854453,12752.388364832263,8812.66992852518,14000,9495,0.5958714620131943,0.6396680229985104,0.5913449521608901,11.07474571348057,D+11,9.989037332264761,D+10,-0.043796560985316146,1.0857083812158095
Twelfth Plymouth,14860.734011826353,12025.913950935339,11074.98450504391,11447.198141168936,14021,13861,0.502869234631662,0.5527179897028679,0.49173673258112016,1.9585330530625722,D+2,0.7463600430562156,D+1,-0.0498487550712059,1.2121730100063566
Twelfth Suffolk,19135.72958045163,1990.0666321590081,17742.829199802603,1517.2509542301977,16212,2333,0.8741978970072796,0.9057992128613322,0.9212230197332534,38.32711596561465,D+38,39.569773658289456,D+40,-0.03160131585405268,-1.242657692674804
Twelfth Worcester,14857,10008,11492,9374,14087,10547,0.5718519119915564,0.5975065352905691,0.5507524202051184,7.6983773553922275,D+8,5.871660043299798,D+6,-0.02565462329901269,1.8267173120924296
Twentieth Middlesex,16002.118122977347,12315.131787126933,12463.70622078389,11905.357784969434,14873,13049,0.5326624167323257,0.565101419586208,0.5114560911260817,4.124059686428949,D+4,2.283167037861533,D+2,-0.03243900285388224,1.840892648567416
Twenty-Eighth Middlesex,9339.117218907935,3613.268188233526,8426.017355888753,3501.10468643408,6719,4007,0.6264217788551184,0.7210345372952457,0.7064585510225707,17.04208786819762,D+17,19.658976511057148,D+20,-0.09461275844012729,-2.6168886428595286
Twenty-Fifth Middlesex,17506.538446508366,890.2394481180539,17156.38159088713,849.8868832195935,15328,981,0.9398491630388129,0.95160894732669,0.9528004992016117,43.83274567908123,D+44,43.47412210937518,D+43,-0.011759784287877051,0.35862356970604736
Twenty-First Middlesex,17823.472890637797,8140.558614656564,14337.50465112103,8046.658361776541,15778,8148,0.6594499707431246,0.6864678502259323,0.6405200249328008,16.575544501110095,D+17,14.773789492849287,D+15,-0.02701787948280765,1.8017550082608071
Twenty-Fourth Middlesex,21684.180066337056,4298.669043314006,18854.218125374493,4478.221406813604,20027,4137,0.8287949015063731,0.8345574411346094,0.808068873353954,32.4025364207801,D+32,30.456784932170688,D+30,-0.005762539628236252,1.9457514886094138
Twenty-Ninth Middlesex,21643.554211650833,3168.473477784812,19044.525111419764,3302.142642963054,19239,3422,0.8489916596796258,0.8723009051318337,0.8522310941721765,35.341904736686026,D+35,34.533349288787065,D+35,-0.023309245452207916,0.8085554478989607
Twenty-Second Middlesex,13326.236864287723,10729.869064343917,10098.624613655522,10317.769317223938,11743,11383,0.5077834472022832,0.5539648396886547,0.4946331192396087,2.3574020739756008,D+2,0.926977751655711,D+1,-0.04618139248637154,1.4304243223198898
Twenty-Seventh Middlesex,23207.523934347202,2168.863694234094,21366.234019157244,2155.450090934187,20937,2207,0.9046405115796751,0.9145322129383257,0.9083632753145664,40.20586051555074,D+40,39.41076269531324,D+39,-0.009891701358650584,0.7950978202375012
Twenty-Sixth Middlesex,18786.629861659647,1873.3970734605846,16677.705730239697,1679.919111082229,17431,2277,0.8844631621676476,0.9093226219237899,0.9084892993727146,38.943071882759114,D+39,39.14734364609569,D+39,-0.024859459756142233,-0.20427176333657826
Twenty-Third Middlesex,21654.264077722335,4784.797508511117,18623.6673169634,5073.062281556717,20373,4649,0.8142035009191911,0.8190254410919595,0.7859171975413208,30.892554878958112,D+31,28.591968709549075,D+29,-0.00482194017276838,2.300586169409037
